machine_quality,air_temperature_K,process_temperature_K,rotational_speed_rpm,torque_Nm,tool_wear_min,operating_hours,vibration_mm_s,pressure_bar,failure_type,machine_failure
M,300.56,310.81,1598.2,36.1,147,366.1,3.268,149.66,No Failure,0
L,297.58,307.97,1655.0,27.02,249,1443.7,3.717,175.12,No Failure,0
H,299.19,310.08,1460.1,45.34,54,318.7,2.102,138.17,No Failure,0
M,298.72,309.6,1533.8,33.11,218,978.1,4.062,155.79,No Failure,0
L,298.03,307.72,1522.5,38.86,35,444.7,1.818,159.42,No Failure,0
H,300.07,311.03,1365.2,50.06,61,916.4,2.125,163.44,No Failure,0
M,294.86,304.52,1362.2,45.72,9,175.6,1.26,137.63,No Failure,0
M,299.37,309.61,1448.6,33.79,82,1879.4,2.298,155.48,No Failure,0
L,299.82,310.02,1407.7,50.41,181,201.8,3.31,145.03,No Failure,0
L,297.28,306.42,1369.6,46.66,48,298.7,2.806,149.83,No Failure,0
L,303.03,312.28,1542.2,32.94,18,767.1,2.161,145.45,No Failure,0
H,298.81,311.05,1660.8,34.86,139,1687.4,1.987,144.38,No Failure,0
M,299.53,308.63,1401.3,50.01,1,256.0,2.301,169.28,No Failure,0
H,298.82,309.19,1450.1,47.79,163,529.7,3.151,162.83,No Failure,0
L,299.84,310.42,1599.6,24.97,187,659.4,3.545,133.93,No Failure,0
L,302.62,312.56,1698.0,29.94,187,1338.2,3.587,147.27,No Failure,0
M,304.95,315.62,1593.6,46.95,22,222.7,2.361,149.03,No Failure,0
L,301.49,311.82,1551.7,28.26,132,1062.0,3.225,166.87,No Failure,0
H,302.18,311.31,1501.1,48.05,80,1553.0,2.214,136.62,No Failure,0
M,303.43,313.97,1533.3,59.36,30,822.0,1.973,142.17,Power Failure,1
M,300.5,309.95,1365.7,43.73,40,143.0,2.318,141.46,No Failure,0
L,303.14,314.88,1662.1,30.77,62,1123.5,2.069,126.79,No Failure,0
H,301.58,312.01,1329.2,41.77,188,1632.0,3.718,126.93,No Failure,0
H,300.29,309.59,1419.9,50.35,117,523.3,2.872,153.3,No Failure,0
M,300.7,311.04,1479.5,40.99,22,182.9,2.105,141.2,No Failure,0
L,296.36,305.43,1307.7,44.84,67,839.1,1.978,152.9,No Failure,0
L,300.58,310.84,1662.0,32.01,44,642.6,2.468,130.81,No Failure,0
L,296.91,306.69,1571.2,32.76,12,241.5,2.316,136.4,No Failure,0
L,296.75,305.92,1344.1,49.06,218,1097.5,3.42,144.92,No Failure,0
M,300.39,309.55,1586.5,32.88,222,857.8,4.147,132.18,No Failure,0
M,297.77,310.21,1788.2,14.14,14,628.0,0.702,146.39,Power Failure,1
H,299.99,310.08,1365.3,36.94,130,572.2,3.013,146.22,No Failure,0
L,300.28,309.85,1191.5,43.14,215,845.1,3.527,145.17,No Failure,0
L,300.37,309.76,1411.5,50.59,148,270.7,3.43,133.52,No Failure,0
L,298.19,308.66,1299.2,56.46,85,1333.6,2.404,164.07,No Failure,0
L,301.8,311.16,1613.7,40.85,25,1560.2,1.989,135.44,No Failure,0
L,299.82,308.73,1414.0,46.59,23,577.1,1.905,147.82,No Failure,0
L,300.88,310.85,1518.2,41.21,227,495.7,3.814,147.89,No Failure,0
L,297.61,307.57,1454.8,43.54,160,328.7,3.378,150.32,No Failure,0
M,299.64,309.23,1375.8,38.13,215,196.3,3.2,133.32,No Failure,0
L,302.19,311.3,1471.8,43.86,243,451.5,4.293,153.2,No Failure,0
H,301.94,311.55,1439.0,32.7,97,710.9,2.33,141.53,No Failure,0
M,298.41,307.94,1217.8,59.8,175,1128.1,3.281,156.29,No Failure,0
L,298.91,308.3,1592.5,16.09,49,225.9,1.816,160.78,Power Failure,1
H,298.02,308.3,1347.6,45.71,168,597.9,3.208,150.51,No Failure,0
H,298.69,310.91,1455.5,43.2,198,628.9,3.628,143.07,No Failure,0
L,297.2,308.53,1435.0,43.71,133,951.4,3.102,169.17,No Failure,0
L,299.72,311.67,1620.2,28.17,143,409.6,2.773,154.89,No Failure,0
M,301.27,310.7,1492.6,23.22,113,1715.8,2.385,140.56,No Failure,0
L,298.43,310.1,1428.9,46.06,207,1295.8,3.968,136.24,No Failure,0
L,299.82,310.05,1349.4,53.41,126,761.7,3.046,154.47,No Failure,0
L,299.56,310.55,1500.5,42.2,120,1594.9,3.151,145.94,No Failure,0
M,302.11,312.57,1458.0,48.05,95,991.8,3.055,136.7,No Failure,0
M,298.78,308.43,1550.7,35.42,222,1460.7,3.553,150.93,No Failure,0
M,298.85,309.57,1384.3,43.32,22,1214.5,1.718,134.89,No Failure,0
M,298.31,308.79,1404.2,52.26,179,897.8,3.823,150.93,No Failure,0
L,297.72,305.96,1478.9,36.86,106,922.8,3.1,153.15,No Failure,0
M,301.06,310.93,1523.4,51.86,88,781.7,3.046,139.72,No Failure,0
L,299.73,310.6,1640.7,23.65,109,2778.7,2.094,153.97,No Failure,0
L,300.11,310.39,1556.2,33.87,188,1348.2,3.27,140.77,No Failure,0
M,302.55,313.02,1341.0,45.46,88,732.0,2.344,149.47,No Failure,0
L,302.66,311.91,1294.6,59.03,80,1672.8,3.221,131.17,No Failure,0
M,296.71,306.96,1522.1,40.14,248,405.7,4.21,150.88,No Failure,0
M,301.3,311.2,1575.6,29.66,107,810.7,2.163,162.61,No Failure,0
M,300.45,310.25,1341.5,58.8,200,414.0,3.845,131.82,No Failure,0
M,299.08,308.4,1352.3,38.74,99,690.8,2.282,158.61,No Failure,0
M,300.66,311.57,1373.6,46.65,244,515.7,4.053,143.05,No Failure,0
L,296.55,306.89,1502.0,36.66,104,724.2,2.743,160.56,No Failure,0
L,302.93,313.17,1596.8,41.42,90,407.1,2.343,170.66,No Failure,0
L,301.03,313.08,1374.8,34.38,181,826.7,3.325,150.93,No Failure,0
L,298.27,308.74,1225.4,62.58,203,208.1,4.174,156.4,Overstrain Failure,1
L,298.83,310.03,1233.9,51.91,61,555.0,1.875,154.32,No Failure,0
H,296.59,306.87,1387.8,57.68,234,445.1,3.782,161.44,Overstrain Failure,1
L,299.37,309.02,1669.8,32.12,80,34.8,2.099,147.21,No Failure,0
L,299.03,307.98,1678.4,21.75,223,1402.8,3.198,157.91,No Failure,0
L,297.35,307.59,1575.4,37.07,128,2051.0,2.945,141.47,No Failure,0
L,301.55,308.89,1205.8,65.16,143,948.0,3.429,163.38,Heat Dissipation Failure,1
M,302.55,312.83,1559.0,36.78,69,668.2,2.441,137.2,No Failure,0
M,299.95,310.26,1346.3,50.52,40,445.1,2.36,144.33,No Failure,0
M,299.39,309.17,1587.4,29.75,33,804.5,1.983,142.28,No Failure,0
M,300.87,310.78,1611.5,31.71,28,1118.4,1.556,154.52,No Failure,0
L,299.96,308.71,1480.1,39.2,175,1364.2,3.268,159.13,No Failure,0
H,297.84,309.22,1405.0,61.1,153,1133.8,4.154,156.35,No Failure,0
L,298.69,308.36,1397.3,51.0,149,395.3,2.996,143.58,No Failure,0
L,299.41,308.44,1688.9,19.47,231,483.9,3.7,167.49,Power Failure,1
L,300.5,311.04,1616.8,46.67,236,273.7,4.397,163.97,Overstrain Failure,1
M,300.02,310.13,1636.7,28.51,121,355.6,2.723,153.17,No Failure,0
L,300.42,310.06,1487.1,33.18,185,1108.0,3.582,142.65,No Failure,0
L,296.95,306.49,1415.9,45.1,19,658.8,1.892,133.74,No Failure,0
M,301.33,311.32,1466.7,53.98,143,1140.5,3.455,158.36,No Failure,0
L,300.01,311.35,1485.9,53.49,107,1275.2,3.007,146.23,No Failure,0
M,305.11,315.57,1470.2,43.32,66,748.8,1.904,161.44,No Failure,0
L,299.22,309.19,1334.9,43.46,94,1182.3,2.544,162.32,No Failure,0
L,300.65,311.5,1306.8,53.46,49,565.1,1.903,144.67,No Failure,0
L,305.66,315.69,1642.3,24.24,128,764.2,2.755,150.12,No Failure,0
M,300.39,310.79,1406.0,58.27,130,201.4,3.332,149.63,No Failure,0
L,299.86,310.02,1649.3,32.64,29,538.9,2.029,167.34,No Failure,0
L,298.03,308.62,1296.3,42.61,115,363.7,2.461,145.56,No Failure,0
L,303.06,312.61,1618.1,35.04,79,159.1,2.32,157.78,No Failure,0
H,297.68,306.54,1720.9,28.44,101,868.9,2.419,150.83,No Failure,0
H,300.85,311.76,1247.7,44.62,223,607.2,4.526,168.54,No Failure,0
M,299.05,310.56,1480.6,42.37,110,497.3,2.689,142.02,No Failure,0
L,299.62,308.53,1576.6,38.95,163,516.9,3.044,137.48,No Failure,0
H,297.15,307.33,1385.2,38.47,53,222.2,2.109,127.41,No Failure,0
M,302.69,312.24,1333.0,55.26,240,1030.0,4.801,151.96,Overstrain Failure,1
M,299.44,310.33,1375.0,61.93,105,1027.9,3.346,152.84,No Failure,0
L,297.57,307.82,1352.7,52.53,78,392.0,2.826,147.38,No Failure,0
L,302.51,315.83,1445.1,42.77,9,260.6,1.676,160.88,No Failure,0
L,298.99,308.69,1650.9,23.63,211,876.3,3.316,168.23,No Failure,0
H,300.67,312.21,1344.5,46.27,140,1771.4,3.573,140.67,No Failure,0
L,301.68,313.32,1350.3,46.71,36,693.8,1.969,147.25,No Failure,0
L,300.95,311.48,1480.4,47.71,139,1122.3,2.995,129.68,No Failure,0
L,295.61,305.64,1676.7,28.59,66,475.6,1.528,150.7,No Failure,0
M,301.39,311.49,1467.9,48.5,166,786.2,2.963,142.34,No Failure,0
L,299.8,309.81,1497.6,55.62,44,86.9,2.693,144.82,No Failure,0
H,299.34,310.48,1616.4,30.17,178,443.5,2.576,148.14,No Failure,0
M,299.78,308.91,1611.5,46.85,44,254.1,2.66,155.75,No Failure,0
M,296.78,306.62,1570.9,31.88,168,2315.5,3.041,146.69,No Failure,0
L,300.38,310.1,1531.1,38.96,72,661.1,2.41,173.55,No Failure,0
M,297.27,305.55,1612.2,30.51,200,3087.7,3.729,148.58,Tool Wear Failure,1
M,299.43,310.29,1471.5,36.49,132,655.6,2.669,132.7,No Failure,0
M,300.31,311.38,1457.6,36.57,33,867.3,2.041,140.74,No Failure,0
L,302.15,311.51,1386.0,44.12,217,602.6,3.545,156.96,No Failure,0
L,298.36,309.39,1378.8,48.9,221,495.2,3.796,157.48,No Failure,0
L,302.9,311.32,1589.1,52.16,80,846.6,2.775,149.35,No Failure,0
L,301.89,311.92,1716.1,33.48,97,1087.2,2.565,149.39,No Failure,0
L,299.14,309.01,1441.7,43.6,2,319.8,1.8,151.67,No Failure,0
L,297.78,307.87,1550.0,29.02,166,486.3,3.484,157.39,No Failure,0
L,297.11,307.19,1315.6,38.89,112,193.0,2.675,148.97,No Failure,0
M,300.54,310.47,1407.1,40.43,30,128.5,2.391,134.33,No Failure,0
L,298.53,308.14,1501.0,30.77,162,1086.4,3.054,140.84,No Failure,0
H,302.4,312.29,1415.7,45.59,56,1007.4,2.453,142.27,No Failure,0
M,298.64,310.0,1461.2,38.44,58,567.6,2.369,135.21,No Failure,0
L,298.2,307.62,1507.0,41.54,232,1008.5,3.799,134.64,No Failure,0
M,300.47,312.72,1471.8,52.25,186,1120.4,3.768,153.19,No Failure,0
L,298.63,307.99,1468.7,35.72,34,1394.9,1.419,148.61,No Failure,0
H,300.02,310.26,1561.3,48.5,142,91.0,3.223,157.37,No Failure,0
L,301.97,312.54,1415.7,54.43,116,676.4,3.07,170.04,No Failure,0
M,300.23,309.94,1469.4,53.82,36,256.6,2.398,158.29,No Failure,0
L,300.24,311.62,1475.5,38.12,23,357.6,1.755,157.19,No Failure,0
L,300.41,310.96,1627.0,30.27,216,333.1,4.101,131.38,No Failure,0
L,296.61,306.41,1597.6,32.9,23,821.6,1.178,156.04,No Failure,0
H,300.78,312.15,1759.0,24.13,149,426.2,2.42,148.68,No Failure,0
M,300.32,309.3,1503.9,46.86,248,89.9,3.93,163.19,No Failure,0
L,301.79,311.22,1517.0,47.48,96,923.2,2.698,134.13,No Failure,0
L,301.21,311.77,1443.0,41.17,159,251.2,2.98,159.62,No Failure,0
L,299.6,310.4,1717.7,26.24,110,262.3,2.073,142.17,No Failure,0
M,302.06,312.39,1414.4,36.35,159,3366.9,2.966,137.13,No Failure,0
L,299.41,309.29,1338.0,53.8,69,1633.6,2.124,173.53,No Failure,0
L,300.49,310.24,1476.5,46.1,67,427.3,2.501,150.1,No Failure,0
H,299.38,310.51,1333.6,47.83,140,298.0,3.249,147.87,No Failure,0
H,300.92,311.16,1168.0,73.08,38,1055.9,2.261,142.78,No Failure,0
L,299.25,308.37,1390.7,43.28,140,3904.9,3.327,145.42,No Failure,0
M,303.3,312.37,1706.8,18.41,153,1899.8,2.298,144.4,Power Failure,1
L,304.03,315.55,1573.8,28.99,245,1124.3,3.668,146.27,No Failure,0
M,301.75,311.03,1562.3,43.06,62,1889.9,2.349,147.46,No Failure,0
L,303.08,313.36,1667.8,40.19,26,958.6,1.883,146.14,No Failure,0
M,296.92,308.27,1538.1,38.28,67,1805.9,1.767,136.33,No Failure,0
M,297.16,307.7,1466.3,38.46,200,378.9,3.703,149.37,No Failure,0
M,299.36,308.6,1595.9,32.16,105,1371.5,2.479,152.39,No Failure,0
L,300.08,309.07,1389.5,43.74,41,630.9,2.653,158.48,No Failure,0
H,299.6,311.47,1382.7,53.94,56,1100.2,2.617,162.21,No Failure,0
L,296.72,305.67,1583.0,57.32,200,1950.4,4.388,145.29,Power Failure,1
L,302.3,311.75,1345.4,57.04,234,533.7,3.998,153.26,Overstrain Failure,1
M,304.31,314.68,1603.7,30.44,37,357.5,1.305,158.09,No Failure,0
L,302.56,312.34,1487.1,39.8,144,1456.7,3.434,142.49,No Failure,0
H,302.17,312.74,1488.2,36.86,245,810.0,4.092,151.75,No Failure,0
H,300.45,308.98,1495.9,45.92,17,867.1,2.437,153.16,No Failure,0
L,298.31,308.1,1392.2,39.17,40,345.5,2.321,127.61,No Failure,0
H,300.15,310.82,1503.1,37.74,120,1048.7,3.075,149.11,No Failure,0
L,304.21,314.89,1261.5,54.55,17,1274.7,2.198,150.84,No Failure,0
M,299.3,308.72,1631.1,40.98,140,428.5,2.763,140.94,No Failure,0
L,299.09,308.07,1578.9,41.24,172,624.3,3.042,160.41,No Failure,0
H,302.21,312.43,1397.8,44.13,89,433.0,1.965,170.1,No Failure,0
L,302.35,311.03,1278.9,46.76,229,983.1,3.868,153.51,No Failure,0
L,298.3,309.59,1489.6,46.82,218,1624.5,3.913,135.35,No Failure,0
L,299.48,309.63,1371.9,55.52,180,13.5,3.68,146.84,No Failure,0
H,299.0,308.3,1804.8,27.14,130,467.0,2.648,138.57,No Failure,0
H,300.14,309.08,1600.2,43.24,25,2274.8,1.276,173.65,No Failure,0
M,302.21,311.57,1565.4,38.98,59,588.4,2.229,143.02,No Failure,0
H,298.39,306.83,1476.5,36.99,242,814.3,4.418,151.54,No Failure,0
H,302.18,312.67,1415.8,47.58,135,3154.1,2.863,162.61,No Failure,0
M,300.2,309.4,1423.5,52.97,108,2104.5,2.509,139.42,No Failure,0
L,304.65,315.05,1579.3,34.08,180,1017.9,2.809,140.81,No Failure,0
M,300.64,311.18,1301.4,56.87,59,604.9,2.338,164.18,No Failure,0
M,299.81,310.77,1491.8,25.68,77,1251.2,1.971,163.8,No Failure,0
L,301.15,311.4,1626.3,45.9,96,428.6,2.734,137.98,No Failure,0
L,299.33,310.45,1574.3,31.09,218,452.0,3.832,137.44,No Failure,0
M,296.41,307.8,1589.5,33.58,116,250.7,2.341,156.44,No Failure,0
L,299.52,309.78,1418.0,40.6,14,389.7,1.595,156.34,No Failure,0
H,299.49,309.81,1654.9,36.01,117,595.8,2.197,142.77,No Failure,0
L,296.82,306.26,1822.7,11.37,74,960.6,1.937,152.91,Power Failure,1
L,299.85,308.87,1456.5,46.11,118,1030.4,2.783,136.31,No Failure,0
H,295.87,307.15,1456.5,47.8,231,544.5,3.992,155.75,No Failure,0
L,299.3,309.91,1538.5,38.39,80,828.2,2.757,152.55,No Failure,0
L,300.49,311.17,1528.0,37.6,66,1713.9,2.24,129.81,No Failure,0
M,300.19,309.6,1580.0,36.27,118,1202.3,3.21,145.22,No Failure,0
H,299.18,310.8,1670.8,22.89,18,350.3,1.658,145.79,No Failure,0
L,299.83,309.6,1629.6,21.83,52,687.1,1.624,157.14,No Failure,0
L,298.43,307.63,1330.5,48.04,11,1557.5,1.532,137.25,No Failure,0
M,300.02,309.45,1412.5,50.65,226,398.4,4.021,162.9,No Failure,0
H,300.12,311.69,1519.8,45.97,188,329.0,3.902,150.25,No Failure,0
M,298.2,307.09,1530.2,43.79,40,428.7,1.655,162.18,No Failure,0
L,300.54,309.78,1555.5,47.83,84,608.9,2.411,133.18,No Failure,0
L,300.52,313.42,1570.4,47.16,27,345.6,1.76,152.93,No Failure,0
L,299.67,310.61,1626.0,32.15,191,443.0,3.223,151.69,No Failure,0
L,304.84,314.11,1499.1,42.22,32,1753.6,2.081,152.09,No Failure,0
M,299.72,308.64,1554.6,37.04,162,1586.6,3.217,153.82,No Failure,0
L,299.44,307.77,1470.9,37.17,143,78.8,3.024,152.94,No Failure,0
M,299.16,309.25,1480.7,51.4,187,153.6,3.277,123.05,No Failure,0
M,298.06,308.79,1493.2,55.75,213,1201.3,4.256,169.63,No Failure,0
M,301.37,312.89,1781.5,16.54,229,414.0,3.718,142.11,Power Failure,1
L,298.63,306.73,1570.5,37.45,82,313.8,2.295,142.84,No Failure,0
H,298.86,307.54,1502.9,36.93,203,910.0,3.298,150.68,No Failure,0
M,298.92,308.8,1375.0,51.61,43,1093.0,2.506,155.68,No Failure,0
M,298.03,310.82,1601.6,25.5,37,1190.3,2.08,134.12,No Failure,0
L,296.5,307.38,1673.5,10.1,220,1126.3,3.315,132.03,Power Failure,1
L,299.07,309.45,1459.0,48.21,226,952.6,3.806,167.67,No Failure,0
H,301.75,310.52,1171.3,49.63,168,573.0,3.154,145.81,No Failure,0
L,300.39,308.27,1594.2,22.16,83,1333.5,2.243,153.55,No Failure,0
L,303.12,313.16,1516.1,38.76,103,1272.0,2.135,137.77,No Failure,0
L,301.5,311.4,1602.7,55.3,201,1454.2,3.497,169.32,Power Failure,1
M,301.05,310.78,1586.6,29.22,57,331.0,2.017,159.98,No Failure,0
H,303.77,313.38,1495.6,41.01,130,317.1,3.391,143.27,No Failure,0
L,299.81,309.06,1384.3,45.08,98,3228.6,3.026,168.39,Random Failure,1
H,300.13,309.15,1769.0,25.72,43,1459.2,1.858,157.99,No Failure,0
L,299.98,311.37,1471.9,34.36,143,424.1,2.29,159.74,No Failure,0
M,303.09,312.2,1818.2,23.09,172,564.1,2.245,160.62,No Failure,0
M,300.01,309.73,1446.6,38.35,58,1107.4,2.095,145.53,No Failure,0
L,298.7,308.66,1648.0,32.09,167,1213.8,3.641,171.64,No Failure,0
L,301.18,311.88,1478.3,42.08,229,119.3,3.664,171.04,No Failure,0
L,298.37,307.52,1398.6,46.35,226,887.5,4.246,171.5,No Failure,0
H,301.07,312.05,1479.8,53.89,228,1272.7,4.25,122.26,No Failure,0
M,300.83,310.25,1433.0,63.32,102,444.3,2.914,150.46,Power Failure,1
H,299.62,309.46,1466.7,42.08,170,122.7,3.218,154.36,No Failure,0
H,301.13,312.77,1523.1,36.83,183,1155.4,2.862,146.22,No Failure,0
L,297.02,306.06,1492.8,36.25,243,209.0,4.087,150.15,No Failure,0
M,300.33,311.05,1597.4,30.35,129,1647.0,2.501,149.66,No Failure,0
L,299.07,310.08,1365.6,44.48,210,290.2,4.044,166.18,No Failure,0
L,305.72,316.03,1297.2,35.05,137,822.5,2.803,164.53,No Failure,0
H,300.31,310.19,1290.2,45.18,205,140.2,3.665,154.21,No Failure,0
M,298.81,310.93,1554.7,30.67,85,799.7,1.629,155.34,No Failure,0
L,297.24,307.23,1441.0,35.34,18,688.8,1.773,150.39,No Failure,0
M,302.61,312.81,1454.8,44.32,90,556.4,2.74,174.16,No Failure,0
M,299.3,308.96,1463.9,38.75,83,440.3,2.783,154.6,No Failure,0
H,298.42,308.57,1590.1,20.8,200,574.4,2.962,171.02,Power Failure,1
M,300.67,311.64,1442.8,39.85,172,455.7,3.396,161.74,No Failure,0
L,301.3,311.02,1651.2,31.98,158,1096.7,3.14,157.17,No Failure,0
L,301.27,309.16,1426.7,51.81,47,836.1,1.923,131.86,No Failure,0
L,300.04,310.55,1563.2,49.71,171,767.5,3.316,164.87,No Failure,0
M,300.32,309.24,1691.9,17.17,170,805.6,2.487,129.37,Power Failure,1
H,300.46,311.21,1264.0,48.01,232,499.7,3.749,147.8,No Failure,0
L,300.67,310.67,1374.9,43.89,66,924.5,2.219,133.69,No Failure,0
L,300.85,311.79,1629.1,25.16,172,1281.2,2.816,161.83,No Failure,0
L,302.19,311.24,1451.5,48.78,19,1013.4,1.961,145.18,No Failure,0
M,300.11,309.58,1549.7,27.2,183,1258.5,3.362,157.95,No Failure,0
H,298.37,308.03,1336.8,51.45,203,1079.8,4.037,124.91,No Failure,0
L,299.71,308.23,1497.0,33.54,193,901.6,3.637,160.85,No Failure,0
L,301.51,312.62,1608.4,24.82,112,250.4,2.337,160.13,No Failure,0
M,296.43,304.8,1325.9,61.21,107,385.0,2.94,137.78,Heat Dissipation Failure,1
L,296.44,307.54,1524.9,24.54,8,138.7,1.001,143.55,No Failure,0
H,301.84,312.26,1586.6,31.94,115,1280.0,2.799,166.17,No Failure,0
L,303.04,312.84,1570.1,33.9,179,256.4,3.561,153.42,No Failure,0
L,297.47,307.81,1526.6,35.44,244,352.6,4.325,160.32,No Failure,0
H,300.2,310.52,1381.9,46.99,26,524.9,2.094,128.89,No Failure,0
L,299.2,308.8,1555.8,40.58,139,527.8,2.862,148.12,No Failure,0
L,299.48,309.78,1538.8,50.04,61,602.0,2.085,162.45,No Failure,0
L,300.61,311.34,1429.9,43.72,93,1302.7,2.202,141.36,No Failure,0
L,297.41,306.47,1577.3,23.27,196,891.3,2.637,142.33,No Failure,0
L,297.79,308.13,1497.9,45.5,14,1038.4,2.158,150.0,No Failure,0
L,299.4,306.77,1375.9,42.34,13,322.3,1.891,140.91,Heat Dissipation Failure,1
L,299.71,307.78,1435.1,33.75,53,1053.7,2.706,167.22,No Failure,0
L,297.75,308.31,1275.7,60.74,63,306.6,2.609,158.81,No Failure,0
M,301.58,311.16,1479.2,46.08,194,586.3,3.679,150.09,No Failure,0
M,299.16,308.31,1345.4,49.42,68,428.6,2.577,175.43,No Failure,0
L,299.16,309.1,1420.2,49.77,231,450.0,4.285,148.76,Overstrain Failure,1
L,300.57,310.17,1352.8,35.8,244,2711.6,3.753,156.21,No Failure,0
M,299.74,308.75,1504.8,46.33,196,478.2,3.674,139.22,No Failure,0
H,301.67,310.04,1604.4,43.16,119,107.6,3.085,149.75,No Failure,0
H,298.13,306.16,1462.7,34.43,198,1244.1,3.946,158.57,No Failure,0
L,297.21,307.94,1637.7,27.78,40,625.5,1.481,158.16,No Failure,0
L,299.38,308.96,1479.3,40.24,219,1009.7,3.853,139.37,No Failure,0
L,300.12,311.09,1462.6,45.87,83,352.5,2.575,134.61,No Failure,0
L,297.52,307.09,1476.6,40.16,111,603.0,2.63,151.17,No Failure,0
M,297.22,307.58,1487.3,38.18,224,675.1,4.107,154.95,No Failure,0
L,300.36,310.24,1422.8,40.27,34,671.7,2.63,126.56,No Failure,0
L,298.48,308.53,1424.6,37.13,25,626.0,1.903,176.12,No Failure,0
L,297.09,307.19,1475.0,55.49,154,1190.3,3.216,153.95,No Failure,0
M,301.93,311.48,1327.3,42.7,245,1312.6,3.676,125.88,No Failure,0
L,298.74,307.51,1537.2,35.14,227,340.9,3.751,155.25,No Failure,0
H,302.3,313.07,1638.9,21.92,246,1260.3,3.981,130.85,No Failure,0
L,300.06,311.65,1511.6,38.03,111,371.7,2.608,137.86,No Failure,0
H,300.59,312.25,1606.0,34.23,153,964.8,3.092,155.74,No Failure,0
L,299.58,309.02,1515.8,33.86,204,94.7,4.103,135.06,No Failure,0
H,294.69,303.96,1483.4,49.43,45,1198.3,2.433,138.75,No Failure,0
H,297.73,307.17,1672.4,40.8,218,897.0,3.813,160.38,No Failure,0
H,299.75,309.57,1620.9,23.18,210,393.6,2.96,148.82,No Failure,0
H,300.73,310.68,1267.6,46.19,19,717.0,2.155,144.71,No Failure,0
M,296.42,305.42,1613.7,24.18,120,624.3,2.651,148.09,No Failure,0
M,299.89,308.41,1422.9,46.93,106,775.3,3.046,170.55,No Failure,0
M,297.76,307.81,1574.2,35.25,199,790.2,3.119,160.25,No Failure,0
L,300.47,306.94,1313.6,40.87,113,631.9,2.738,133.52,Heat Dissipation Failure,1
M,299.96,309.86,1531.2,39.75,232,1799.0,4.089,168.14,No Failure,0
M,301.49,310.54,1473.9,38.52,108,482.4,2.21,145.01,No Failure,0
H,302.13,312.91,1555.5,42.1,120,949.6,2.882,149.07,No Failure,0
L,300.92,311.97,1446.8,40.82,65,858.3,2.592,138.44,No Failure,0
L,301.72,312.79,1428.5,58.7,211,521.4,3.891,144.51,Overstrain Failure,1
M,299.3,308.95,1346.1,42.24,122,1658.1,3.183,152.42,No Failure,0
L,305.65,314.51,1481.8,42.47,123,321.3,2.888,150.94,No Failure,0
L,297.56,306.75,1469.3,32.9,180,1079.2,3.287,170.81,No Failure,0
L,298.94,309.23,1425.6,43.81,191,944.0,3.881,136.43,No Failure,0
L,301.8,310.16,1826.7,29.76,169,885.6,2.88,148.27,No Failure,0
L,301.51,312.9,1322.5,51.5,40,711.9,1.842,124.94,No Failure,0
L,300.97,310.64,1585.2,25.16,232,1254.4,3.543,143.17,No Failure,0
L,301.35,311.85,1464.6,31.56,206,239.4,3.59,162.51,No Failure,0
L,295.83,304.05,1602.7,23.71,183,382.9,3.209,168.12,No Failure,0
L,303.18,312.25,1452.9,44.2,138,912.1,3.159,169.13,No Failure,0
M,299.59,307.69,1467.8,35.76,188,405.5,3.172,145.45,No Failure,0
L,302.49,313.51,1587.0,46.86,176,346.0,3.64,146.29,No Failure,0
H,295.93,305.77,1682.0,30.24,72,1524.1,2.093,138.4,No Failure,0
H,300.51,311.08,1372.3,45.31,117,1579.6,3.334,147.68,No Failure,0
L,298.87,308.94,1527.1,45.8,7,953.1,2.053,164.17,No Failure,0
L,301.14,311.61,1439.8,42.12,0,413.7,1.798,160.0,No Failure,0
M,300.63,310.3,1386.9,40.31,128,491.9,2.832,143.92,No Failure,0
H,300.73,310.53,1424.4,41.37,188,805.0,3.401,146.12,No Failure,0
M,297.88,307.79,1459.8,30.89,194,599.6,3.29,146.55,No Failure,0
H,299.89,310.29,1670.7,29.25,205,1104.4,3.518,143.45,No Failure,0
M,299.64,310.07,1377.6,45.44,99,282.1,2.992,152.8,No Failure,0
M,300.99,313.8,1645.4,36.31,135,289.3,2.436,158.89,No Failure,0
L,301.98,313.66,1476.4,44.53,203,635.0,3.57,177.62,No Failure,0
M,300.3,308.52,1339.6,55.51,8,1584.7,2.364,150.14,Heat Dissipation Failure,1
L,297.45,307.3,1491.4,35.43,155,935.1,2.887,158.35,No Failure,0
M,300.22,309.81,1705.7,34.0,97,755.6,2.196,137.88,No Failure,0
H,305.22,316.5,1526.9,36.76,83,752.3,2.686,151.28,No Failure,0
L,303.29,312.98,1451.5,40.39,142,1537.6,3.178,148.13,No Failure,0
M,294.05,304.52,1527.7,46.14,85,2067.0,2.639,157.99,No Failure,0
L,300.13,307.79,1555.0,39.72,147,274.2,3.247,155.88,No Failure,0
M,301.86,310.35,1244.8,60.79,170,816.9,3.63,158.27,Heat Dissipation Failure,1
L,299.64,311.73,1466.8,44.21,127,871.5,2.964,148.34,No Failure,0
H,299.08,309.13,1274.8,47.81,144,494.3,3.224,145.88,No Failure,0
L,299.47,308.47,1499.9,39.63,98,369.5,2.475,135.57,No Failure,0
H,301.1,311.35,1447.3,50.12,16,118.6,1.863,152.5,No Failure,0
H,297.7,306.65,1556.7,37.95,84,718.8,2.135,148.81,No Failure,0
M,302.38,312.09,1461.6,33.56,138,1992.9,2.701,166.41,No Failure,0
M,299.89,308.44,1361.1,49.05,90,1259.1,2.549,148.05,Heat Dissipation Failure,1
M,298.13,307.34,1526.8,39.43,10,722.7,1.128,143.53,No Failure,0
H,302.25,311.83,1592.9,42.45,127,916.0,3.1,156.83,No Failure,0
L,296.91,308.03,1429.7,49.82,136,704.2,3.236,133.53,No Failure,0
M,298.89,309.35,1438.7,41.39,219,700.6,4.263,153.47,No Failure,0
L,298.86,309.5,1599.3,38.51,231,1261.7,3.485,142.53,No Failure,0
M,304.29,314.26,1554.4,34.65,145,737.4,2.639,135.42,No Failure,0
L,298.63,309.45,1431.2,50.62,22,267.0,2.313,151.58,No Failure,0
M,295.69,304.82,1599.1,36.58,197,324.8,3.139,121.34,No Failure,0
M,298.84,308.1,1495.4,39.49,120,507.7,2.775,156.91,No Failure,0
L,300.91,311.32,1393.0,42.87,149,890.4,3.074,151.05,No Failure,0
M,301.57,311.29,1463.5,42.83,193,342.9,4.046,142.79,No Failure,0
M,304.55,314.54,1519.0,50.14,159,124.6,3.377,161.37,No Failure,0
M,302.81,312.65,1675.9,39.3,107,539.8,2.639,156.11,No Failure,0
L,300.38,311.63,1280.2,53.76,211,991.0,4.051,134.74,Overstrain Failure,1
M,298.22,309.52,1667.3,37.51,89,1330.4,2.181,157.11,No Failure,0
H,303.25,312.62,1437.3,43.71,162,375.3,3.141,156.11,No Failure,0
L,299.26,307.5,1516.5,38.16,144,621.6,2.673,144.69,No Failure,0
L,298.68,307.97,1485.5,60.93,204,288.8,4.253,147.33,Power Failure,1
L,299.17,308.27,1491.2,36.49,213,471.0,3.867,169.69,No Failure,0
M,297.5,308.33,1496.1,37.4,58,147.3,1.874,154.94,No Failure,0
L,299.07,309.99,1433.0,41.15,216,225.8,3.705,135.23,No Failure,0
M,299.53,308.5,1524.8,37.33,147,218.5,3.064,151.54,No Failure,0
M,301.46,310.71,1502.9,43.14,67,1376.9,1.917,131.68,No Failure,0
L,299.22,307.74,1339.8,52.29,153,342.5,3.536,156.21,Heat Dissipation Failure,1
H,297.47,307.6,1618.7,41.47,241,1123.6,3.718,143.28,No Failure,0
M,296.79,306.75,1418.0,41.84,154,228.7,2.669,144.44,No Failure,0
L,300.42,311.21,1563.2,37.71,40,657.0,1.972,138.94,No Failure,0
L,300.15,310.64,1542.8,34.95,123,823.8,2.91,146.07,No Failure,0
L,298.89,309.5,1604.2,40.97,53,941.7,2.419,152.86,No Failure,0
L,299.07,307.52,1427.0,40.08,65,109.1,2.39,142.31,No Failure,0
L,300.78,310.15,1457.7,51.73,175,958.7,3.38,141.0,No Failure,0
H,302.78,313.73,1794.6,30.41,28,1059.3,2.242,150.98,No Failure,0
L,298.44,307.9,1253.9,54.55,216,305.5,4.07,146.33,Overstrain Failure,1
L,300.18,308.55,1430.7,38.53,226,1006.9,3.552,147.12,No Failure,0
M,301.92,312.72,1675.7,41.49,46,1923.0,2.38,141.82,No Failure,0
M,298.45,307.87,1573.1,29.35,78,994.8,2.254,138.63,No Failure,0
H,299.97,311.03,1465.3,45.62,81,59.7,3.132,148.48,No Failure,0
M,299.92,309.91,1546.9,30.4,12,954.9,1.992,158.69,No Failure,0
L,297.38,307.1,1619.0,43.73,19,223.7,1.746,149.15,No Failure,0
L,300.34,311.7,1332.7,42.76,185,827.2,3.139,146.38,No Failure,0
H,300.06,308.76,1637.4,36.74,115,1013.6,2.535,132.86,No Failure,0
M,301.11,312.54,1532.2,19.35,57,822.5,1.063,144.29,Power Failure,1
H,297.63,306.99,1186.1,61.61,129,1199.1,3.333,143.57,No Failure,0
L,300.02,310.18,1486.5,29.46,61,365.7,2.294,151.03,No Failure,0
H,302.76,312.94,1466.7,42.73,147,1037.4,3.132,150.56,No Failure,0
M,304.15,313.73,1494.1,32.7,44,511.6,2.038,177.92,No Failure,0
L,302.56,311.8,1346.5,50.48,46,1019.1,2.501,145.67,No Failure,0
M,297.65,307.28,1446.9,36.21,209,260.3,4.062,159.65,No Failure,0
M,300.9,309.89,1478.2,32.48,69,393.7,2.189,160.0,No Failure,0
L,299.03,311.0,1368.4,45.95,72,1133.5,2.374,157.53,No Failure,0
L,300.57,310.09,1622.9,27.28,188,636.5,3.054,150.08,No Failure,0
H,298.46,309.61,1475.8,35.87,101,352.9,3.008,180.37,No Failure,0
L,296.57,307.6,1204.9,46.9,27,1167.8,1.831,139.82,No Failure,0
L,299.31,309.67,1376.1,55.07,192,395.2,4.377,155.82,No Failure,0
L,301.45,311.31,1644.4,30.38,1,910.5,1.319,158.71,No Failure,0
L,300.58,310.77,1523.8,33.88,111,413.7,2.337,130.27,No Failure,0
H,300.81,311.38,1358.4,43.52,97,1912.6,2.769,133.07,No Failure,0
M,300.43,310.53,1726.8,20.03,165,743.6,2.924,164.82,No Failure,0
L,300.81,309.24,1267.9,53.58,144,657.2,2.814,153.61,Heat Dissipation Failure,1
H,301.06,309.24,1551.1,30.01,145,1318.7,3.059,136.22,No Failure,0
H,299.45,310.96,1533.0,35.63,222,370.9,3.18,164.58,No Failure,0
L,300.17,307.53,1576.3,42.61,148,1102.0,3.676,147.87,No Failure,0
H,303.49,313.68,1547.9,40.51,9,337.1,1.274,161.31,No Failure,0
L,300.28,310.05,1598.5,30.36,14,627.2,1.636,170.36,No Failure,0
H,300.09,310.25,1446.0,57.21,83,444.1,2.937,147.68,No Failure,0
M,300.21,309.07,1601.8,14.25,3,238.0,1.404,126.79,Power Failure,1
M,299.56,309.91,1732.0,28.78,214,240.9,3.085,140.69,No Failure,0
L,299.13,309.34,1275.1,33.63,191,448.6,3.539,125.92,No Failure,0
H,300.42,313.18,1704.5,30.5,178,1057.8,2.869,139.11,No Failure,0
L,298.99,309.12,1326.7,52.2,171,3223.6,3.629,166.57,No Failure,0
L,299.71,311.06,1666.9,23.42,158,244.8,2.267,141.18,No Failure,0
L,298.42,306.92,1505.8,55.57,86,617.1,2.929,136.63,No Failure,0
M,300.22,311.24,1572.7,37.22,2,517.1,1.957,168.57,No Failure,0
L,301.17,311.39,1642.4,26.39,30,1087.6,1.543,147.61,No Failure,0
H,299.58,309.85,1746.0,18.99,116,1573.3,2.368,152.67,Power Failure,1
M,295.98,306.27,1384.0,37.85,63,781.0,2.372,136.82,No Failure,0
L,301.18,312.89,1436.5,32.98,244,259.8,4.002,164.68,No Failure,0
L,300.24,310.5,1505.5,42.36,205,519.9,3.218,150.37,No Failure,0
L,298.01,307.23,1518.3,35.49,167,940.5,2.814,159.34,No Failure,0
M,301.55,310.93,1395.4,49.56,102,539.6,2.69,132.48,No Failure,0
H,297.2,308.02,1622.8,38.58,203,301.9,3.636,165.44,No Failure,0
L,302.09,312.54,1637.5,35.76,101,671.0,2.383,153.75,No Failure,0
H,299.89,308.35,1339.3,49.73,128,561.0,3.104,141.09,Heat Dissipation Failure,1
L,295.46,305.98,1521.6,42.28,178,812.3,3.728,144.79,No Failure,0
H,300.36,309.27,1297.2,47.75,90,1124.8,2.547,143.51,No Failure,0
H,299.19,309.63,1265.2,51.49,127,1517.1,2.769,152.94,No Failure,0
M,298.89,308.08,1443.1,37.06,80,2118.3,2.491,151.3,No Failure,0
M,298.52,308.24,1492.2,40.38,41,2698.8,2.385,168.98,No Failure,0
H,299.75,309.2,1373.7,48.44,199,194.9,3.845,125.49,No Failure,0
L,299.03,310.55,1736.7,15.49,244,870.5,3.41,157.13,Power Failure,1
L,296.29,306.69,1506.8,38.98,115,119.9,2.677,130.44,No Failure,0
L,302.54,313.81,1618.3,37.75,10,785.0,1.511,180.14,No Failure,0
M,299.51,312.41,1519.2,43.74,80,1041.5,2.562,167.84,No Failure,0
M,298.54,308.58,1470.6,31.99,221,208.4,3.017,149.37,No Failure,0
M,297.74,309.25,1493.4,50.95,163,2186.3,3.478,154.95,No Failure,0
H,301.54,310.84,1481.4,32.62,65,220.7,2.05,150.71,No Failure,0
L,297.4,308.66,1573.8,35.41,249,285.6,4.268,142.47,No Failure,0
M,300.27,309.46,1508.8,33.36,32,1051.3,1.361,141.07,No Failure,0
L,298.83,308.81,1520.8,52.3,107,879.1,2.571,149.42,No Failure,0
L,298.95,309.49,1732.7,19.14,124,893.2,2.529,117.88,Power Failure,1
M,297.79,308.49,1294.7,57.87,41,37.7,2.758,165.65,No Failure,0
H,298.76,307.49,1347.4,54.73,46,936.6,2.311,170.4,No Failure,0
M,300.02,309.15,1839.4,34.35,160,841.6,3.018,146.79,No Failure,0
L,300.47,311.08,1304.4,50.27,12,434.0,1.691,167.2,No Failure,0
M,298.43,308.06,1424.8,41.3,100,156.3,2.638,143.76,No Failure,0
L,299.82,308.42,1307.4,56.53,175,659.7,3.391,143.12,No Failure,0
H,301.78,311.71,1319.6,49.51,147,1142.2,2.862,152.33,No Failure,0
M,296.67,306.56,1229.7,61.93,96,1413.3,3.161,156.16,No Failure,0
L,299.99,310.16,1615.2,24.38,249,527.9,3.516,139.75,No Failure,0
L,298.1,308.63,1527.6,41.91,122,1556.8,3.058,153.93,No Failure,0
L,297.89,308.36,1494.5,22.76,114,141.0,2.376,153.31,No Failure,0
H,300.52,309.75,1496.4,34.81,161,1152.6,3.4,122.83,No Failure,0
L,298.91,308.5,1247.7,62.5,75,640.7,2.475,146.57,No Failure,0
M,297.57,308.49,1357.2,44.68,96,134.0,2.893,147.2,No Failure,0
M,302.65,312.11,1510.9,49.85,245,1381.6,4.249,142.56,Overstrain Failure,1
M,301.84,311.45,1390.0,45.14,55,648.9,1.809,142.6,No Failure,0
L,296.14,304.63,1340.7,44.5,166,1210.8,3.134,155.69,Heat Dissipation Failure,1
H,297.05,307.02,1621.0,34.78,196,600.5,3.249,130.74,No Failure,0
L,301.19,311.53,1669.3,32.91,76,587.3,2.336,162.93,No Failure,0
M,299.43,307.45,1565.3,34.51,78,428.0,1.984,148.38,No Failure,0
M,303.0,311.93,1633.8,12.7,79,672.0,1.474,164.82,Power Failure,1
M,301.23,309.81,1481.6,39.18,109,910.4,2.552,142.37,No Failure,0
H,300.6,311.39,1421.9,42.4,151,621.4,3.435,161.59,No Failure,0
L,297.96,306.04,1545.1,33.81,188,227.7,3.393,156.54,No Failure,0
M,300.98,310.9,1574.9,38.69,90,861.2,2.387,128.53,No Failure,0
L,297.45,308.17,1455.7,45.25,123,861.8,3.111,147.75,No Failure,0
L,302.61,312.8,1428.9,48.85,193,218.9,3.415,180.39,No Failure,0
L,300.84,310.4,1549.6,28.02,2,390.6,1.917,160.15,No Failure,0
L,298.35,308.7,1623.4,32.05,48,204.6,2.42,136.74,No Failure,0
L,301.61,312.65,1472.9,47.53,28,684.5,1.889,144.34,No Failure,0
L,304.48,314.38,1287.4,45.89,47,1040.3,2.213,159.93,No Failure,0
L,299.56,307.33,1232.1,53.44,214,953.8,3.973,154.06,Heat Dissipation Failure,1
M,301.1,312.25,1365.9,53.03,58,155.2,2.28,131.81,No Failure,0
M,299.14,309.54,1394.2,64.15,240,656.1,4.754,128.88,Power Failure,1
L,300.17,310.14,1628.4,37.07,218,265.4,3.278,158.53,No Failure,0
L,296.99,305.01,1442.4,55.79,93,194.5,2.73,146.61,No Failure,0
L,300.0,309.7,1560.0,30.8,22,657.4,1.784,162.83,No Failure,0
M,300.09,309.21,1440.3,63.94,58,438.8,3.121,154.11,Power Failure,1
L,303.6,312.38,1398.6,44.55,150,1965.2,3.594,140.18,No Failure,0
L,296.41,306.27,1425.9,45.42,115,2103.8,2.647,149.52,No Failure,0
L,299.44,308.9,1292.9,49.9,215,1037.5,3.707,144.88,No Failure,0
L,302.58,312.11,1577.3,26.45,88,415.7,2.077,153.46,No Failure,0
L,299.52,310.26,1508.4,29.25,44,105.1,2.248,139.21,No Failure,0
M,299.66,309.91,1629.2,41.16,168,400.1,3.418,131.78,No Failure,0
M,298.33,307.84,1593.0,43.46,229,1153.0,4.807,148.08,No Failure,0
M,298.13,307.51,1339.1,60.83,139,472.6,3.589,139.7,No Failure,0
M,296.35,305.89,1618.0,30.51,177,153.1,3.679,161.34,No Failure,0
M,298.74,308.49,1322.4,55.4,145,1743.6,3.323,147.13,No Failure,0
L,298.02,308.61,1292.9,37.34,57,305.0,1.864,153.13,No Failure,0
M,300.24,309.19,1453.7,37.2,137,339.8,3.628,145.48,No Failure,0
M,298.42,309.88,1580.4,38.36,245,1489.1,3.614,151.92,No Failure,0
L,299.04,309.63,1563.9,36.95,249,765.8,4.105,157.28,No Failure,0
M,299.1,306.36,1425.8,44.87,208,794.7,3.807,152.87,No Failure,0
L,299.9,309.99,1598.2,36.05,128,809.0,2.617,130.37,No Failure,0
M,298.94,309.98,1570.5,25.9,14,271.8,1.559,144.66,No Failure,0
M,297.88,308.27,1418.7,37.32,108,997.6,2.575,174.51,No Failure,0
H,300.17,309.76,1530.0,44.57,206,1289.7,3.484,154.47,No Failure,0
H,302.13,312.07,1557.1,25.98,235,697.8,3.277,144.62,No Failure,0
M,300.26,310.44,1545.8,45.82,144,564.6,3.282,143.87,No Failure,0
M,298.78,309.55,1225.8,51.81,7,1573.2,1.664,166.83,No Failure,0
M,299.75,308.34,1330.3,54.8,222,1191.2,3.953,156.34,Heat Dissipation Failure,1
L,295.9,305.29,1526.7,43.38,209,318.4,3.503,134.83,Tool Wear Failure,1
H,299.72,311.36,1688.8,21.95,147,1094.8,2.463,173.99,No Failure,0
L,299.2,309.23,1428.3,46.48,102,583.5,2.698,153.39,No Failure,0
L,298.13,309.66,1448.5,49.67,198,795.6,3.393,153.11,No Failure,0
L,298.5,311.48,1568.3,33.03,75,2025.6,2.109,167.76,No Failure,0
H,299.18,308.69,1371.8,39.27,208,150.3,3.83,151.95,No Failure,0
L,301.98,310.79,1428.6,44.84,83,76.9,2.702,155.11,No Failure,0
L,302.18,311.92,1377.5,57.87,199,390.3,3.789,131.76,Overstrain Failure,1
L,298.14,309.24,1566.0,37.44,170,569.9,3.021,148.93,No Failure,0
L,298.96,310.2,1422.8,48.91,14,339.5,2.267,134.85,No Failure,0
L,299.01,311.29,1425.0,43.16,9,1012.4,1.867,143.77,No Failure,0
M,301.62,311.58,1363.9,41.99,166,908.4,3.447,153.0,No Failure,0
L,300.29,310.78,1461.3,53.3,112,672.2,3.355,123.1,No Failure,0
H,300.19,309.47,1624.4,31.69,224,838.5,3.98,153.89,No Failure,0
H,301.07,308.57,1570.4,42.3,194,808.3,3.844,160.07,No Failure,0
L,298.81,308.77,1400.8,40.27,234,1665.3,3.408,128.01,No Failure,0
L,302.73,311.57,1631.5,24.93,49,286.9,1.61,141.85,No Failure,0
M,300.0,310.64,1339.1,52.33,191,772.3,3.343,131.83,No Failure,0
L,298.29,306.41,1437.9,48.29,110,1469.6,3.263,156.23,No Failure,0
L,299.54,308.8,1758.9,40.34,77,543.1,2.264,143.97,No Failure,0
H,302.46,312.73,1602.2,37.39,93,659.9,2.242,163.49,No Failure,0
H,299.15,309.52,1432.0,40.0,214,1167.1,3.826,134.26,Tool Wear Failure,1
M,301.9,311.85,1420.7,47.07,133,95.3,3.253,152.36,No Failure,0
L,298.75,310.62,1463.2,40.53,6,1299.7,1.807,139.97,No Failure,0
M,298.47,310.04,1564.6,33.32,119,862.5,2.655,150.2,No Failure,0
M,301.32,310.63,1404.2,34.83,192,1081.6,3.769,146.06,No Failure,0
L,298.25,309.86,1530.1,39.88,187,1029.7,3.361,158.44,No Failure,0
M,301.65,313.41,1384.0,30.67,121,172.5,2.166,153.46,No Failure,0
L,300.7,310.58,1322.8,43.33,198,193.7,3.522,163.77,No Failure,0
L,298.25,308.3,1743.6,32.07,219,57.7,3.495,148.84,No Failure,0
M,299.86,309.81,1543.9,30.46,13,172.0,1.725,139.05,No Failure,0
L,298.9,308.26,1372.9,71.93,125,268.0,3.762,157.36,Power Failure,1
L,300.7,310.15,1271.9,59.4,219,684.5,3.945,149.11,Overstrain Failure,1
H,303.78,315.09,1299.3,41.44,105,1527.5,2.03,146.81,No Failure,0
H,299.26,309.7,1337.4,48.51,249,514.5,4.847,154.08,No Failure,0
M,301.07,310.51,1660.2,50.21,211,637.0,3.97,140.9,No Failure,0
H,300.05,309.12,1379.1,39.25,47,596.1,1.434,171.36,No Failure,0
H,300.05,309.29,1637.3,42.83,82,927.7,1.983,162.61,No Failure,0
L,299.67,309.51,1552.0,37.38,97,388.9,2.583,154.39,No Failure,0
L,298.29,309.2,1410.3,52.56,121,619.9,2.904,153.07,No Failure,0
L,300.67,309.81,1331.1,52.69,172,1218.9,3.943,150.5,No Failure,0
L,299.42,310.32,1293.9,55.62,210,1561.1,3.856,143.77,Overstrain Failure,1
M,298.19,308.39,1529.5,42.66,139,1481.7,3.019,156.07,No Failure,0
L,302.03,312.17,1445.3,61.68,3,1349.6,1.881,144.92,Power Failure,1
L,300.2,311.22,1523.8,39.24,213,1424.7,3.671,169.7,No Failure,0
L,299.54,310.39,1402.8,60.47,87,670.8,2.896,167.22,No Failure,0
L,302.68,311.28,1498.8,35.37,87,376.3,2.778,152.65,No Failure,0
H,296.33,305.24,1799.4,27.03,208,838.9,3.51,161.1,No Failure,0
L,302.55,312.32,1359.2,60.28,203,915.2,4.06,131.95,Overstrain Failure,1
L,298.24,308.6,1630.2,46.6,219,531.2,4.145,151.99,No Failure,0
L,300.42,311.79,1371.6,45.19,228,395.9,4.376,128.97,No Failure,0
L,298.82,308.89,1524.8,36.4,40,1452.3,1.528,151.24,No Failure,0
M,298.15,309.86,1664.0,31.55,44,651.8,1.671,140.34,No Failure,0
L,302.63,311.92,1572.8,32.5,111,506.0,2.621,160.86,No Failure,0
L,303.71,313.17,1535.5,41.39,245,546.6,4.077,150.96,No Failure,0
L,299.56,309.25,1424.0,38.5,85,758.1,2.235,145.52,No Failure,0
H,300.67,309.85,1618.8,20.59,85,382.3,1.475,145.72,Power Failure,1
M,300.11,311.27,1285.7,56.94,243,900.8,4.283,123.64,Overstrain Failure,1
M,303.46,310.69,1525.9,35.8,242,26.9,4.048,160.61,No Failure,0
M,295.77,305.27,1384.0,52.38,141,216.5,3.69,166.54,No Failure,0
M,300.75,311.9,1508.8,32.94,149,491.4,2.957,159.36,No Failure,0
L,298.55,308.23,1544.5,41.55,99,948.6,2.623,144.04,No Failure,0
L,295.29,306.36,1326.3,49.72,205,495.7,3.609,139.58,Tool Wear Failure,1
M,299.28,311.48,1239.8,48.34,218,1273.9,3.947,129.89,No Failure,0
L,303.7,313.78,1470.0,37.32,65,1543.8,2.047,145.36,No Failure,0
H,298.69,309.86,1653.0,45.09,177,599.1,3.641,122.29,No Failure,0
L,301.58,314.0,1491.8,46.76,130,309.0,3.172,124.35,No Failure,0
M,302.4,312.8,1435.7,38.52,178,616.2,3.774,161.6,No Failure,0
H,299.97,309.93,1629.2,28.86,106,1245.5,2.522,169.22,No Failure,0
M,300.24,311.14,1537.9,33.75,152,287.0,3.157,142.53,No Failure,0
H,296.57,307.75,1565.2,36.21,159,1019.2,2.703,155.65,No Failure,0
M,298.57,308.53,1577.2,40.26,104,585.0,2.747,144.08,No Failure,0
H,301.81,311.33,1390.0,55.92,53,1069.6,2.67,164.13,No Failure,0
L,300.12,311.84,1438.3,49.07,24,895.7,2.056,152.73,No Failure,0
L,300.73,310.46,1699.1,31.84,243,416.8,3.853,157.4,No Failure,0
M,300.27,311.46,1401.6,58.37,158,592.7,3.494,128.2,No Failure,0
L,304.38,314.65,1523.8,39.21,111,926.3,3.188,148.88,No Failure,0
L,299.14,310.97,1450.0,46.72,103,1208.8,2.276,143.68,No Failure,0
H,303.21,312.36,1524.2,30.61,102,589.9,2.809,166.45,No Failure,0
M,300.27,309.42,1424.1,35.48,113,1242.1,2.761,143.45,No Failure,0
L,303.39,314.24,1477.3,50.38,111,2175.4,2.771,147.01,No Failure,0
L,297.55,306.42,1685.2,31.21,230,1300.0,3.886,127.69,No Failure,0
L,300.37,310.49,1534.1,40.55,113,658.0,2.865,151.84,No Failure,0
L,299.21,310.76,1513.3,44.71,180,641.4,3.198,151.24,No Failure,0
H,300.28,308.49,1502.0,29.77,122,184.4,2.933,146.53,No Failure,0
L,302.44,312.85,1588.5,22.22,195,569.0,3.257,165.29,No Failure,0
L,300.76,311.97,1312.0,49.07,2,1029.0,1.568,150.24,No Failure,0
M,302.44,312.41,1248.5,68.63,190,1208.2,4.536,142.45,Overstrain Failure,1
L,298.66,307.73,1551.8,44.59,54,274.4,2.415,140.39,No Failure,0
L,298.35,308.09,1385.2,46.51,108,884.6,2.928,158.99,No Failure,0
M,300.03,309.19,1564.0,31.16,157,1393.9,3.306,130.55,No Failure,0
M,299.92,309.99,1445.6,54.7,139,264.4,3.294,142.04,No Failure,0
H,299.63,309.35,1638.9,36.23,13,803.1,1.915,148.48,No Failure,0
M,298.08,307.57,1258.7,51.64,135,428.9,3.425,145.07,No Failure,0
L,302.4,312.86,1408.5,46.07,32,221.0,1.879,149.12,No Failure,0
M,299.27,310.85,1383.0,46.32,60,599.9,2.28,163.58,No Failure,0
H,302.85,313.18,1373.6,45.93,115,163.3,2.732,146.75,No Failure,0
M,300.03,311.37,1420.6,45.61,158,417.6,3.712,138.04,No Failure,0
H,301.3,312.88,1302.1,42.83,130,689.0,2.514,168.47,No Failure,0
M,301.12,310.53,1389.4,49.69,93,1212.6,2.831,146.67,No Failure,0
H,298.35,308.63,1561.2,32.74,22,284.4,2.086,155.08,No Failure,0
L,300.73,310.31,1425.2,37.61,13,540.4,1.319,167.74,No Failure,0
M,303.86,312.37,1339.2,54.68,111,1227.6,3.024,141.36,Heat Dissipation Failure,1
L,300.5,310.86,1487.9,41.73,242,360.5,4.419,171.41,No Failure,0
M,301.8,310.75,1536.9,36.74,204,233.8,3.468,171.4,No Failure,0
M,301.39,311.87,1270.1,50.35,104,1521.5,2.892,141.23,No Failure,0
H,300.61,309.06,1496.0,48.37,52,629.1,2.222,143.13,No Failure,0
H,300.37,310.54,1669.2,27.0,87,1265.1,1.926,158.83,No Failure,0
L,301.09,309.52,1374.8,47.3,122,406.6,2.854,167.4,Heat Dissipation Failure,1
M,301.53,312.2,1640.0,41.37,156,1045.6,2.995,159.95,No Failure,0
M,297.3,306.9,1484.1,47.12,138,1248.5,2.661,149.5,No Failure,0
L,300.49,310.0,1527.2,40.11,113,441.5,3.166,156.42,No Failure,0
L,299.63,310.76,1524.3,44.64,158,1006.6,3.407,158.55,No Failure,0
L,299.22,308.9,1553.5,21.69,244,381.3,3.559,153.77,No Failure,0
M,302.59,312.7,1539.8,31.05,103,1500.3,2.309,144.59,No Failure,0
L,298.53,308.34,1496.4,47.4,12,382.7,1.741,159.81,No Failure,0
H,297.21,307.72,1218.5,66.21,212,1563.5,4.019,146.86,Overstrain Failure,1
L,301.59,312.63,1438.9,43.67,204,878.3,3.597,127.33,No Failure,0
H,297.16,307.99,1609.5,33.07,147,551.7,2.659,133.65,No Failure,0
L,296.14,305.68,1517.1,41.35,5,1693.8,1.888,165.57,No Failure,0
M,301.82,313.03,1573.4,31.07,222,424.2,3.083,137.2,No Failure,0
L,300.32,309.4,1405.6,52.5,45,2157.6,2.361,151.31,No Failure,0
M,300.95,310.2,1480.4,40.48,241,1011.4,3.755,165.38,No Failure,0
H,299.12,308.99,1492.5,50.53,43,251.5,2.514,152.17,No Failure,0
H,297.23,308.28,1700.4,38.47,0,490.7,1.518,177.67,No Failure,0
H,297.63,306.46,1435.0,51.42,85,572.7,2.785,148.88,No Failure,0
L,299.46,310.35,1745.3,23.76,123,2197.6,2.319,140.16,No Failure,0
L,297.46,307.4,1458.7,40.24,218,1442.2,4.175,132.72,No Failure,0
L,300.61,310.18,1395.5,45.4,10,1218.0,1.435,127.81,No Failure,0
L,299.08,310.17,1450.5,37.32,60,436.6,1.947,168.57,No Failure,0
M,300.37,309.57,1388.6,43.6,164,612.9,3.017,136.65,No Failure,0
M,300.31,312.6,1446.2,43.43,128,1030.7,2.928,130.69,No Failure,0
M,300.77,310.6,1495.8,50.49,213,1066.6,3.967,145.72,No Failure,0
H,301.0,311.15,1540.5,46.22,119,642.6,2.535,143.01,No Failure,0
M,299.31,310.86,1422.7,43.93,155,586.2,2.912,142.05,No Failure,0
H,300.37,310.54,1400.5,48.79,59,1037.7,2.033,165.56,No Failure,0
L,300.47,311.66,1608.1,26.47,98,1702.5,1.87,152.73,No Failure,0
L,295.14,303.19,1581.3,32.48,115,168.3,2.394,160.5,No Failure,0
M,301.29,310.85,1663.6,26.15,150,1047.9,3.344,177.55,No Failure,0
H,300.3,310.7,1420.2,45.49,210,478.1,3.852,140.5,No Failure,0
L,301.13,312.21,1448.9,44.14,82,338.0,2.304,152.8,No Failure,0
M,297.43,308.2,1511.1,53.85,174,204.0,3.536,133.32,No Failure,0
M,299.37,310.04,1446.8,43.52,51,365.7,1.713,168.49,No Failure,0
L,297.82,308.88,1498.8,33.68,97,716.8,1.994,147.55,No Failure,0
L,301.49,311.96,1481.6,41.34,20,593.6,1.57,113.03,No Failure,0
H,297.19,305.05,1657.1,21.25,67,645.5,1.514,134.03,No Failure,0
M,298.14,309.58,1394.0,35.92,198,627.7,3.755,167.89,No Failure,0
L,301.07,310.23,1647.8,16.53,128,970.4,2.978,128.11,Power Failure,1
H,298.74,309.05,1511.5,43.29,226,1029.7,4.185,148.82,No Failure,0
L,298.14,308.32,1702.7,37.21,56,276.0,1.866,155.95,No Failure,0
H,301.81,311.86,1463.0,38.68,107,521.3,2.646,156.78,No Failure,0
L,301.9,310.79,1643.4,30.68,38,2088.2,1.948,180.72,No Failure,0
M,301.44,309.51,1569.6,33.31,72,286.8,2.306,149.06,No Failure,0
L,301.7,310.7,1549.0,46.93,10,800.0,2.286,138.44,No Failure,0
L,299.54,310.36,1559.2,25.64,53,1111.2,1.483,139.48,No Failure,0
H,299.59,308.14,1558.8,45.06,2,1397.5,1.766,163.99,No Failure,0
L,298.7,307.82,1691.1,31.89,167,949.6,3.092,120.54,No Failure,0
L,300.34,310.75,1764.5,23.19,243,548.6,3.592,152.81,No Failure,0
L,298.94,307.92,1530.4,52.26,11,424.7,1.488,169.71,No Failure,0
M,299.13,308.59,1410.8,53.29,90,934.5,2.328,151.09,No Failure,0
H,301.2,311.28,1595.8,34.61,222,1180.1,4.099,165.81,No Failure,0
H,302.37,312.65,1506.2,34.51,9,1648.0,1.836,124.31,No Failure,0
L,300.8,309.75,1320.0,37.49,178,1481.5,2.987,165.31,No Failure,0
L,303.59,313.73,1587.8,31.9,145,1246.9,2.346,152.46,No Failure,0
L,298.59,308.99,1536.2,33.66,207,218.0,3.552,143.52,No Failure,0
M,296.32,305.05,1550.7,44.5,117,281.3,2.836,143.71,No Failure,0
H,301.43,311.64,1411.7,60.74,20,2808.8,1.73,170.91,No Failure,0
M,298.46,307.74,1432.8,36.45,143,641.8,3.576,140.01,No Failure,0
M,299.45,309.58,1628.7,50.23,242,867.4,4.597,140.63,Overstrain Failure,1
L,296.46,307.18,1506.7,43.53,135,82.3,2.697,169.38,No Failure,0
H,298.2,308.03,1518.2,23.28,12,1292.5,1.779,153.6,No Failure,0
L,297.0,307.91,1399.0,39.76,25,741.7,1.914,155.96,No Failure,0
L,299.13,309.92,1316.0,38.5,122,719.9,3.007,137.63,No Failure,0
L,299.21,310.12,1451.6,54.65,187,2657.9,3.51,137.45,No Failure,0
L,300.18,310.58,1332.2,55.05,52,953.5,2.607,171.12,No Failure,0
L,302.48,313.58,1394.2,43.77,94,596.5,3.282,154.01,No Failure,0
L,301.35,311.74,1344.9,52.14,241,726.4,4.607,149.66,Overstrain Failure,1
L,296.76,305.09,1484.7,38.54,249,448.8,4.282,145.99,No Failure,0
M,301.22,310.42,1462.3,51.19,222,307.9,3.488,148.07,No Failure,0
L,300.22,310.01,1344.0,41.0,147,632.6,3.346,140.49,No Failure,0
L,299.8,309.72,1315.9,50.98,223,181.1,4.187,154.61,Overstrain Failure,1
H,299.95,310.31,1445.9,51.99,122,521.2,2.815,141.9,No Failure,0
M,300.41,309.6,1389.2,47.16,247,63.9,4.116,144.85,No Failure,0
M,298.62,310.62,1611.7,32.58,90,1263.6,2.325,155.46,No Failure,0
L,299.64,309.53,1488.9,35.79,228,2256.0,3.957,166.84,No Failure,0
H,302.37,312.36,1581.6,47.52,134,628.5,2.658,164.67,No Failure,0
L,298.59,307.92,1447.3,48.93,232,337.3,4.114,142.03,Overstrain Failure,1
L,297.94,306.94,1597.7,41.58,118,800.8,3.276,147.29,No Failure,0
H,299.88,309.75,1571.6,36.88,221,1384.3,3.908,129.46,No Failure,0
M,297.74,307.77,1536.7,41.91,131,397.0,2.626,157.31,No Failure,0
M,296.55,306.47,1454.6,37.22,204,1049.7,3.665,158.66,No Failure,0
M,299.31,310.97,1626.9,37.27,242,199.5,4.11,149.86,No Failure,0
M,302.9,312.77,1362.6,59.6,19,789.5,1.562,164.99,No Failure,0
L,299.92,309.84,1452.2,35.25,101,1107.9,2.607,142.54,No Failure,0
L,300.36,311.17,1269.5,45.08,1,159.5,1.716,150.83,No Failure,0
L,295.74,305.57,1500.4,41.53,70,1120.2,1.86,135.74,No Failure,0
L,300.88,311.42,1733.8,27.73,12,582.5,2.049,148.05,No Failure,0
H,300.19,308.91,1519.2,27.39,106,1803.0,2.501,143.92,No Failure,0
L,298.67,307.4,1421.8,39.19,85,779.2,2.372,156.92,No Failure,0
M,300.36,310.48,1627.8,20.47,13,1167.8,1.081,145.12,Power Failure,1
M,300.34,310.11,1452.7,58.3,95,2098.4,2.949,164.01,No Failure,0
M,297.88,307.07,1363.6,36.38,114,582.7,2.793,129.28,No Failure,0
L,300.66,310.79,1476.9,35.57,5,112.3,1.96,156.48,No Failure,0
L,302.39,312.6,1311.6,52.23,230,333.4,4.11,116.58,Overstrain Failure,1
H,299.54,308.83,1561.8,38.59,77,702.9,1.937,148.34,No Failure,0
M,298.26,307.75,1435.1,46.51,50,2935.6,2.206,163.9,No Failure,0
H,299.64,309.86,1514.6,34.27,13,1774.9,1.589,148.41,No Failure,0
H,301.71,310.69,1480.2,40.45,22,402.5,2.321,164.33,No Failure,0
M,297.55,306.94,1493.2,49.68,172,567.8,3.601,137.74,No Failure,0
L,301.16,311.69,1669.9,31.38,3,1078.4,1.572,151.86,No Failure,0
M,298.64,308.62,1550.0,45.28,23,1554.1,1.771,139.84,No Failure,0
L,300.48,310.01,1745.1,15.83,161,171.4,2.833,167.44,Power Failure,1
M,298.87,307.97,1523.3,52.66,86,1088.0,2.461,139.51,No Failure,0
H,298.87,307.85,1460.7,34.44,191,710.1,3.448,137.95,No Failure,0
M,303.05,312.91,1541.7,39.14,174,134.6,3.561,164.91,No Failure,0
L,297.18,309.21,1719.2,39.02,167,505.6,3.246,134.61,No Failure,0
L,300.97,311.54,1412.7,30.25,16,428.5,1.896,139.74,No Failure,0
H,303.46,312.13,1536.0,29.48,160,419.6,3.407,156.3,No Failure,0
L,301.37,312.08,1365.1,45.21,225,1551.0,4.295,152.37,No Failure,0
L,297.34,306.58,1480.5,45.68,204,903.0,3.772,141.24,No Failure,0
L,297.44,307.43,1700.2,31.15,234,511.0,3.483,148.3,No Failure,0
L,298.5,307.91,1505.1,45.41,213,423.4,3.54,171.15,No Failure,0
L,300.32,312.34,1435.8,45.58,229,810.9,4.165,137.51,No Failure,0
M,300.45,309.32,1579.4,36.22,84,484.6,2.445,149.69,No Failure,0
L,297.46,307.77,1577.4,27.07,63,1118.9,1.954,146.16,No Failure,0
L,298.25,307.57,1520.5,39.62,144,602.3,2.873,161.7,No Failure,0
L,298.38,309.12,1526.5,43.65,47,101.7,2.147,134.89,No Failure,0
L,299.64,309.93,1662.5,39.41,164,180.3,2.815,141.53,No Failure,0
L,303.97,315.22,1587.8,34.08,247,376.4,3.758,145.66,No Failure,0
M,298.13,308.85,1482.2,44.67,85,595.8,2.483,141.42,No Failure,0
L,298.05,307.35,1582.0,52.65,85,901.0,2.913,154.83,No Failure,0
L,297.73,310.65,1385.6,32.3,159,853.8,3.328,158.03,No Failure,0
L,301.27,311.83,1515.6,37.02,152,1906.3,2.477,154.7,No Failure,0
L,299.92,309.37,1213.8,67.43,164,40.1,3.312,128.42,Overstrain Failure,1
L,298.21,308.41,1455.3,42.91,100,29.5,2.873,145.63,No Failure,0
L,299.27,309.91,1655.7,27.33,0,153.5,1.378,146.66,No Failure,0
H,298.42,309.01,1626.5,35.22,59,302.4,2.283,135.88,No Failure,0
L,300.59,311.09,1513.7,32.43,21,1156.9,1.472,139.01,No Failure,0
M,305.37,316.34,1529.8,43.8,41,805.0,1.916,170.87,No Failure,0
L,301.1,311.97,1394.6,43.08,183,154.8,3.27,159.29,No Failure,0
L,299.81,308.97,1435.7,33.64,26,307.1,0.929,135.07,No Failure,0
L,298.67,310.78,1357.9,58.56,18,327.3,1.815,157.43,No Failure,0
M,297.31,309.28,1473.5,40.85,50,262.6,1.797,156.58,No Failure,0
H,301.47,312.27,1670.6,35.44,126,486.8,2.491,140.21,No Failure,0
L,301.36,311.4,1789.3,27.79,8,395.5,1.144,155.5,No Failure,0
L,299.07,309.12,1516.8,31.05,11,423.4,1.255,144.04,No Failure,0
L,302.43,312.1,1436.6,27.54,224,166.7,3.52,127.78,No Failure,0
L,300.04,309.85,1392.2,38.09,207,898.4,3.797,144.25,No Failure,0
M,301.55,309.36,1495.6,31.15,54,616.7,1.101,136.67,No Failure,0
L,300.59,312.12,1455.9,47.84,138,369.4,2.855,142.3,No Failure,0
L,299.65,310.82,1523.2,34.16,191,211.9,3.122,155.82,No Failure,0
H,298.09,306.41,1319.5,48.4,50,453.4,1.808,155.84,Heat Dissipation Failure,1
L,299.71,310.6,1621.4,44.91,135,107.0,3.38,154.3,No Failure,0
L,301.68,311.68,1508.0,46.46,215,814.2,3.546,153.45,No Failure,0
M,298.98,308.78,1586.6,48.97,13,864.6,2.033,137.04,No Failure,0
L,300.88,311.37,1178.4,59.93,29,591.7,2.051,140.32,No Failure,0
L,297.83,306.09,1682.5,31.51,209,1846.1,3.9,163.8,No Failure,0
L,301.56,311.55,1418.9,48.46,226,885.6,3.774,171.27,No Failure,0
H,300.63,310.71,1432.9,43.98,167,1079.8,3.073,149.81,No Failure,0
L,297.6,307.68,1417.1,50.63,243,842.7,4.187,153.52,Overstrain Failure,1
L,299.55,308.18,1428.2,41.11,185,849.6,3.921,175.43,No Failure,0
L,301.86,312.31,1393.0,51.76,164,695.3,3.622,144.83,No Failure,0
L,297.48,308.54,1688.5,27.08,5,1050.1,1.191,151.94,No Failure,0
M,297.86,308.27,1403.7,29.96,209,650.8,3.541,142.01,No Failure,0
L,299.86,309.63,1680.3,34.31,80,232.5,2.112,124.49,No Failure,0
M,304.27,316.96,1541.3,39.25,205,1146.9,4.079,142.84,No Failure,0
M,298.65,307.73,1486.4,40.46,0,827.6,1.842,154.46,No Failure,0
H,300.99,311.76,1643.4,32.6,113,253.4,2.57,131.0,No Failure,0
L,300.52,310.76,1612.0,30.09,155,563.6,3.008,155.95,No Failure,0
H,298.82,310.83,1509.2,33.45,30,134.0,1.577,134.42,No Failure,0
M,300.32,310.71,1567.2,22.91,92,1516.0,2.178,142.53,No Failure,0
L,299.1,309.71,1658.0,37.12,20,786.9,1.915,147.6,No Failure,0
M,299.28,309.79,1371.6,39.42,116,189.6,3.014,138.86,No Failure,0
H,296.68,305.62,1447.0,44.41,25,514.3,1.809,150.31,No Failure,0
L,299.95,309.08,1359.7,41.67,61,235.9,1.598,148.59,No Failure,0
H,301.8,311.52,1400.4,57.93,128,391.6,3.446,150.79,No Failure,0
L,300.11,311.07,1426.3,48.12,113,853.4,2.703,167.62,No Failure,0
M,302.18,312.41,1328.6,47.37,8,1122.2,2.079,140.12,No Failure,0
H,301.16,310.95,1392.6,43.65,202,203.5,3.235,155.66,No Failure,0
L,299.88,311.25,1461.1,45.36,120,1517.7,3.004,140.98,No Failure,0
H,298.74,306.76,1543.3,37.79,74,1310.0,2.234,150.12,No Failure,0
L,299.03,307.73,1317.7,41.0,71,436.9,2.195,161.52,No Failure,0
M,297.06,304.56,1282.8,59.22,25,329.2,2.67,161.86,Heat Dissipation Failure,1
M,299.47,310.67,1520.0,39.3,217,1018.8,3.537,144.44,No Failure,0
L,300.29,310.2,1715.4,26.68,190,2644.8,3.641,160.9,No Failure,0
L,303.43,314.4,1519.8,46.97,22,612.2,2.611,153.4,No Failure,0
L,301.06,310.95,1389.0,48.75,219,408.7,3.586,151.46,No Failure,0
L,298.27,309.29,1577.6,41.55,170,369.2,3.057,153.32,No Failure,0
L,297.12,306.99,1621.9,21.22,172,15.4,2.896,149.72,No Failure,0
L,299.59,310.0,1168.0,52.87,20,291.5,1.989,139.56,No Failure,0
L,301.62,311.89,1611.3,42.3,70,24.8,2.677,148.34,No Failure,0
L,299.56,309.9,1566.0,36.9,131,1165.8,3.179,167.17,No Failure,0
M,301.08,312.77,1421.9,51.88,168,1417.7,3.37,142.55,No Failure,0
M,299.64,308.01,1662.7,19.75,83,428.6,1.79,188.85,Power Failure,1
M,301.43,311.37,1518.3,41.12,200,559.8,3.523,140.99,No Failure,0
L,296.81,307.0,1543.9,34.59,137,297.0,2.927,160.48,No Failure,0
H,303.21,313.26,1354.6,54.92,210,313.7,3.654,132.5,No Failure,0
M,297.78,307.38,1421.8,42.43,18,577.6,1.451,155.01,No Failure,0
L,301.59,311.05,1576.1,31.35,72,750.8,1.921,130.06,No Failure,0
L,299.46,310.99,1329.6,51.38,125,1913.1,2.941,160.67,No Failure,0
M,299.77,309.7,1593.9,15.41,196,142.2,2.956,150.38,Power Failure,1
L,299.52,311.96,1483.6,45.08,127,524.4,2.369,161.94,No Failure,0
M,300.51,311.04,1689.3,27.37,72,722.8,1.939,135.57,No Failure,0
H,300.92,310.63,1465.3,35.38,210,475.1,3.215,152.4,No Failure,0
L,302.12,312.67,1463.3,37.59,8,898.3,1.652,157.38,No Failure,0
L,302.82,312.92,1274.6,49.1,14,1232.1,1.543,157.27,No Failure,0
H,300.66,312.01,1205.3,62.03,89,483.7,3.028,139.34,No Failure,0
M,303.43,312.26,1527.3,22.2,30,546.1,1.492,151.78,No Failure,0
L,300.19,308.38,1552.0,44.46,77,383.3,2.885,143.87,No Failure,0
H,302.15,312.52,1168.0,62.02,245,934.1,4.576,152.41,Overstrain Failure,1
H,300.86,311.69,1587.2,34.27,105,271.0,2.476,129.97,No Failure,0
M,298.9,309.19,1526.9,33.65,121,1161.5,2.666,167.78,No Failure,0
M,300.36,311.03,1535.6,42.36,99,339.0,2.652,142.74,No Failure,0
L,301.01,311.53,1538.6,48.29,177,786.9,3.357,155.83,No Failure,0
L,299.94,308.46,1444.7,46.58,96,777.0,2.614,136.06,No Failure,0
M,300.83,311.11,1630.7,36.41,72,1572.4,2.095,130.05,No Failure,0
L,301.73,313.05,1703.7,31.97,3,113.8,1.361,158.05,No Failure,0
M,299.95,310.13,1515.9,53.16,157,1247.5,3.295,157.79,No Failure,0
H,294.11,302.8,1501.5,32.25,199,276.4,3.323,160.22,No Failure,0
L,303.36,313.02,1476.0,20.84,105,1220.0,2.252,154.3,Power Failure,1
M,299.4,309.96,1605.0,25.47,78,242.3,2.254,164.16,No Failure,0
L,298.35,310.15,1562.1,34.24,207,636.7,3.829,154.13,No Failure,0
H,297.75,305.8,1204.8,54.93,237,410.4,4.079,138.94,Heat Dissipation Failure,1
L,299.33,309.69,1600.6,28.12,108,1145.7,2.017,178.85,No Failure,0
M,298.87,307.94,1168.0,55.22,51,227.6,2.648,139.99,No Failure,0
M,298.53,309.03,1534.6,53.07,169,150.9,4.198,160.11,No Failure,0
L,298.64,309.22,1524.9,42.25,155,724.6,3.352,155.98,No Failure,0
M,301.06,310.83,1630.3,14.51,83,255.8,1.818,162.73,Power Failure,1
M,304.06,314.69,1606.1,28.16,202,855.0,3.448,148.87,No Failure,0
M,301.64,312.78,1573.2,33.66,51,786.3,2.028,154.04,No Failure,0
M,302.25,312.08,1405.0,57.31,11,602.7,2.043,142.47,No Failure,0
H,299.25,307.91,1551.8,34.31,54,628.1,1.755,156.96,No Failure,0
L,300.21,311.63,1646.9,32.27,185,849.1,3.59,134.6,No Failure,0
M,300.85,311.68,1370.8,41.88,141,559.9,2.808,165.24,No Failure,0
L,298.68,309.24,1601.1,25.9,171,367.6,3.315,178.21,No Failure,0
M,299.15,308.46,1662.8,39.75,122,532.9,2.975,163.22,No Failure,0
M,301.71,312.69,1532.2,32.01,28,530.4,2.144,125.12,No Failure,0
L,302.18,314.22,1306.7,66.88,175,647.0,4.102,143.62,Power Failure,1
L,300.13,310.01,1483.8,30.82,166,2269.1,2.378,161.79,No Failure,0
H,297.61,307.7,1539.7,59.3,212,526.1,3.682,136.6,Power Failure,1
L,299.41,308.34,1616.9,28.6,31,1540.5,1.7,133.84,No Failure,0
M,297.12,306.4,1365.7,42.63,9,1249.2,2.244,151.67,No Failure,0
L,300.15,309.08,1558.1,45.0,75,277.5,2.329,144.26,No Failure,0
H,300.51,310.64,1392.1,41.42,199,226.1,3.204,143.58,No Failure,0
L,299.46,309.12,1555.1,40.8,25,714.6,2.103,133.25,No Failure,0
L,300.48,310.86,1523.8,48.61,215,1223.2,4.411,170.33,No Failure,0
H,300.83,309.94,1649.0,44.17,236,571.9,3.803,138.27,No Failure,0
H,300.51,310.35,1534.0,38.27,177,724.9,3.174,144.83,No Failure,0
L,297.6,306.64,1558.4,33.26,239,692.6,4.344,155.03,No Failure,0
L,299.49,309.68,1330.8,38.34,169,1793.7,2.872,147.25,No Failure,0
M,300.82,309.19,1473.1,38.22,21,1153.7,1.452,144.25,No Failure,0
H,303.16,313.31,1451.5,38.02,234,421.3,3.574,161.26,No Failure,0
L,299.46,309.18,1477.6,40.76,198,157.5,3.644,154.4,No Failure,0
M,301.1,311.28,1565.9,25.91,222,608.1,3.451,153.88,No Failure,0
M,301.76,310.1,1653.0,29.72,29,576.1,1.502,144.94,No Failure,0
M,299.61,310.26,1383.1,48.32,91,2985.5,2.937,134.24,No Failure,0
M,302.3,312.0,1722.8,17.5,49,646.7,1.885,163.73,Power Failure,1
M,302.4,312.62,1393.8,51.97,160,656.9,3.872,141.3,No Failure,0
L,302.76,310.89,1488.7,34.41,153,484.5,3.034,133.6,No Failure,0
H,300.92,309.67,1302.2,56.69,133,462.4,3.494,145.58,No Failure,0
H,304.72,314.33,1422.9,52.26,41,1148.6,1.91,149.12,No Failure,0
M,298.77,310.14,1649.6,36.73,26,1072.7,2.009,133.02,No Failure,0
L,304.25,314.78,1452.1,37.76,245,531.7,4.235,144.59,No Failure,0
L,301.54,311.67,1376.8,55.93,57,953.7,2.25,149.75,No Failure,0
M,302.68,311.76,1441.7,52.73,239,689.8,4.424,134.45,Overstrain Failure,1
L,299.36,308.25,1420.4,49.73,126,731.8,3.126,163.29,No Failure,0
H,301.69,311.97,1250.0,51.44,4,298.2,2.006,134.35,No Failure,0
L,302.85,313.55,1630.1,29.12,113,1011.9,2.796,157.74,No Failure,0
M,297.83,308.03,1348.0,42.05,219,528.8,3.883,151.79,Tool Wear Failure,1
H,299.67,311.38,1427.3,32.3,143,1426.9,3.223,180.46,No Failure,0
L,295.72,305.04,1471.6,28.87,236,187.4,3.402,150.7,No Failure,0
L,299.64,309.82,1472.3,41.64,199,493.6,3.363,133.14,No Failure,0
M,298.37,306.67,1446.4,35.86,221,199.4,3.678,134.76,No Failure,0
M,299.56,309.78,1384.1,38.34,200,1198.4,3.335,146.15,No Failure,0
L,305.85,317.32,1574.2,35.0,172,805.6,3.297,120.04,No Failure,0
M,303.44,312.39,1597.9,27.46,67,187.8,1.917,133.78,No Failure,0
H,297.12,307.96,1432.4,56.97,155,693.6,3.399,157.47,No Failure,0
L,301.11,312.55,1421.9,41.56,66,535.6,2.192,175.96,No Failure,0
L,301.6,310.91,1609.7,25.58,159,481.9,2.973,148.76,No Failure,0
L,299.32,309.79,1557.5,41.82,153,632.2,3.164,137.27,No Failure,0
L,300.36,311.94,1260.1,55.21,199,2060.1,4.004,162.34,No Failure,0
L,300.55,310.78,1363.8,49.59,94,2084.7,2.614,165.66,No Failure,0
L,297.31,308.09,1630.8,34.81,73,704.7,1.672,144.55,No Failure,0
M,297.94,306.16,1541.3,35.05,239,560.6,4.113,157.49,No Failure,0
L,300.34,310.94,1563.0,30.43,82,169.2,1.994,165.67,No Failure,0
H,300.2,310.72,1555.9,32.58,158,724.9,3.115,153.96,No Failure,0
L,298.58,307.26,1662.9,33.39,221,2121.2,3.677,141.71,No Failure,0
L,298.41,307.45,1615.3,25.32,64,860.1,2.609,143.72,No Failure,0
M,299.82,310.42,1539.6,35.56,95,506.6,1.656,135.2,No Failure,0
H,301.77,311.47,1471.0,43.44,26,278.7,1.731,140.58,No Failure,0
L,299.85,310.96,1387.7,35.86,44,650.0,2.069,157.47,No Failure,0
L,303.25,313.56,1527.8,42.17,180,1959.3,2.962,147.34,No Failure,0
L,298.61,308.66,1296.3,56.22,29,533.8,2.201,131.73,No Failure,0
M,300.39,310.22,1239.5,58.36,80,1379.4,2.263,154.1,No Failure,0
L,299.29,309.58,1348.3,39.32,34,573.7,1.923,163.23,No Failure,0
L,301.18,311.98,1291.1,48.8,47,101.8,2.256,147.87,No Failure,0
L,298.44,308.97,1309.1,38.33,200,145.2,3.779,149.0,No Failure,0
L,303.85,313.43,1446.8,35.12,63,1018.0,2.213,167.65,No Failure,0
H,296.62,307.86,1550.2,28.83,124,691.9,2.325,164.1,No Failure,0
M,303.43,314.09,1588.6,40.87,173,1280.5,3.363,156.55,No Failure,0
L,300.18,310.57,1418.7,50.84,231,607.1,4.221,167.09,Overstrain Failure,1
L,301.1,311.2,1624.8,27.26,164,1350.8,2.711,164.1,No Failure,0
L,302.67,313.17,1638.1,37.13,100,967.1,2.833,148.6,No Failure,0
L,301.72,309.88,1270.2,36.65,25,203.4,1.95,154.65,Heat Dissipation Failure,1
M,298.54,308.78,1515.5,42.47,110,523.4,2.259,151.46,No Failure,0
H,301.2,312.84,1507.3,42.63,166,392.6,3.317,173.76,No Failure,0
H,303.73,313.95,1531.1,45.37,3,267.7,1.426,155.18,No Failure,0
H,298.23,308.31,1186.6,58.97,154,576.1,2.922,154.26,No Failure,0
H,304.24,313.64,1518.0,31.3,2,1339.8,1.272,172.46,No Failure,0
H,300.77,311.26,1490.2,30.75,200,421.7,3.3,152.09,Tool Wear Failure,1
L,299.13,308.94,1364.3,42.47,240,245.8,4.685,145.99,No Failure,0
L,298.21,309.52,1591.9,54.53,21,1181.1,1.935,124.08,Power Failure,1
L,299.55,308.69,1566.0,25.38,233,694.8,3.647,144.86,No Failure,0
M,296.09,305.64,1556.9,43.31,68,117.6,2.435,152.31,No Failure,0
L,299.17,308.57,1579.6,37.99,19,903.9,1.637,161.81,No Failure,0
H,299.47,311.31,1302.0,48.54,200,919.9,3.849,149.93,No Failure,0
M,297.85,307.66,1402.5,46.28,79,608.5,2.297,139.65,No Failure,0
M,301.5,310.95,1501.5,40.49,109,187.6,2.365,154.77,No Failure,0
L,299.56,307.47,1496.6,44.88,246,377.6,3.977,128.81,Overstrain Failure,1
L,298.73,307.82,1582.4,33.42,227,477.0,3.349,165.58,No Failure,0
L,299.35,309.88,1593.8,48.0,134,613.2,3.274,167.2,No Failure,0
H,300.71,311.23,1471.0,53.87,173,241.6,3.579,128.97,No Failure,0
M,300.15,309.5,1551.1,41.0,69,1073.4,2.155,139.87,No Failure,0
M,298.6,308.0,1619.8,35.92,13,2155.9,1.814,154.24,No Failure,0
L,300.25,312.11,1633.4,38.55,176,291.0,3.143,171.15,No Failure,0
L,299.9,312.6,1380.8,47.9,112,375.3,1.97,149.38,No Failure,0
L,297.72,308.87,1361.2,39.58,231,349.9,3.731,154.69,No Failure,0
M,299.42,310.98,1541.4,28.0,74,3234.8,2.317,153.05,No Failure,0
M,301.16,312.93,1300.2,49.52,55,775.1,2.63,131.37,No Failure,0
L,301.14,313.36,1490.2,30.17,190,1378.6,2.924,145.92,No Failure,0
H,299.54,309.24,1475.0,44.24,133,845.1,2.827,140.9,No Failure,0
L,301.35,310.48,1599.5,21.34,37,205.6,1.804,152.83,No Failure,0
H,298.04,309.87,1549.7,41.08,160,276.3,2.763,141.81,No Failure,0
L,298.1,307.14,1532.8,39.32,220,348.1,3.681,150.39,No Failure,0
L,299.5,308.47,1690.2,20.33,156,384.4,2.848,149.38,No Failure,0
H,303.0,311.99,1359.5,43.33,182,1086.2,3.895,150.37,No Failure,0
L,300.33,310.2,1509.1,28.99,41,2756.5,1.639,162.82,No Failure,0
L,299.45,307.46,1321.3,40.85,146,541.4,2.642,154.64,Heat Dissipation Failure,1
L,303.09,311.66,1584.1,35.88,173,703.5,3.0,147.07,No Failure,0
L,299.43,308.8,1791.4,25.19,140,621.2,3.409,155.97,No Failure,0
M,304.47,313.27,1599.8,29.54,234,165.9,3.812,143.51,No Failure,0
H,298.98,310.04,1601.3,30.34,237,1623.2,4.13,137.09,No Failure,0
H,297.98,307.98,1373.6,49.82,135,984.3,3.13,162.89,No Failure,0
L,299.67,310.24,1413.6,48.36,215,568.6,3.665,142.11,No Failure,0
M,299.5,309.97,1439.2,61.95,19,2348.1,1.895,137.86,Power Failure,1
L,298.38,308.18,1549.1,34.88,230,123.6,3.645,168.23,No Failure,0
L,305.2,316.19,1601.1,34.56,37,1133.8,2.064,160.55,No Failure,0
L,300.64,311.09,1606.3,41.35,205,601.7,3.271,147.79,No Failure,0
H,300.93,310.61,1627.5,36.45,111,455.0,2.843,160.71,No Failure,0
H,299.08,307.39,1549.5,34.17,87,426.7,1.993,144.43,No Failure,0
M,298.84,309.37,1505.2,40.54,210,548.3,3.607,155.78,No Failure,0
M,302.05,310.79,1408.9,47.04,42,500.8,2.129,150.67,No Failure,0
L,296.65,307.03,1713.9,18.88,144,891.1,2.785,145.64,Power Failure,1
M,297.71,307.79,1508.6,34.28,74,760.8,2.124,153.11,No Failure,0
M,299.51,308.15,1643.7,25.97,66,1539.2,2.123,136.56,No Failure,0
L,302.7,312.96,1605.8,38.46,240,497.6,3.861,143.15,No Failure,0
L,299.25,309.44,1313.6,44.33,40,1918.3,2.189,125.39,No Failure,0
L,300.83,311.03,1243.5,51.17,240,1789.2,4.202,146.08,Overstrain Failure,1
H,300.06,310.2,1530.7,35.66,6,424.1,1.618,153.05,No Failure,0
L,302.59,311.94,1551.7,41.06,50,324.3,2.161,132.69,No Failure,0
H,296.83,307.42,1660.4,23.18,93,1141.5,2.149,154.57,No Failure,0
L,301.47,310.78,1459.9,31.4,56,860.9,2.323,123.63,No Failure,0
M,299.6,308.53,1564.4,42.07,64,395.2,2.445,142.93,No Failure,0
L,301.85,312.52,1780.5,26.41,164,858.8,3.005,148.81,No Failure,0
L,298.36,309.3,1322.9,52.37,15,390.3,1.82,149.74,No Failure,0
L,300.05,310.65,1392.9,45.24,138,765.7,3.796,152.79,No Failure,0
L,299.79,309.59,1574.7,30.95,101,685.0,2.877,130.1,No Failure,0
H,298.0,306.06,1607.3,25.18,141,441.7,2.401,151.99,No Failure,0
L,297.44,308.92,1665.8,32.81,86,1969.1,2.484,158.16,No Failure,0
M,298.84,306.88,1597.5,31.01,226,2062.4,4.041,144.63,No Failure,0
L,300.26,310.85,1571.1,27.83,82,519.0,2.313,147.11,No Failure,0
L,298.49,310.6,1559.5,25.93,139,1673.5,2.694,132.7,No Failure,0
M,299.34,309.49,1381.0,37.7,109,368.4,2.448,160.34,No Failure,0
L,296.23,306.52,1564.7,47.32,145,119.3,3.326,134.76,No Failure,0
H,299.26,309.64,1613.4,32.89,99,579.1,2.164,162.94,No Failure,0
H,302.05,312.25,1456.3,44.45,165,545.8,3.214,176.33,No Failure,0
M,301.41,313.76,1536.0,36.72,51,221.7,1.876,144.0,No Failure,0
L,299.83,308.98,1441.3,46.12,127,373.0,3.135,140.72,No Failure,0
L,300.49,309.52,1404.0,32.14,212,1727.7,3.96,147.75,Tool Wear Failure,1
H,298.34,308.02,1349.6,42.81,145,724.5,2.95,161.93,No Failure,0
L,303.25,314.99,1472.0,41.2,50,1792.2,1.997,139.03,No Failure,0
L,304.14,313.56,1371.1,53.62,186,895.4,4.109,124.2,No Failure,0
L,300.33,310.76,1454.2,45.59,79,1094.9,2.33,163.53,No Failure,0
M,305.18,316.25,1632.3,42.56,228,916.4,3.073,150.23,No Failure,0
M,298.64,309.42,1591.8,25.3,206,825.2,3.911,147.22,No Failure,0
M,297.5,308.52,1473.4,34.75,233,523.3,4.115,150.61,No Failure,0
M,298.58,310.0,1568.8,32.0,208,997.4,3.75,140.1,No Failure,0
L,299.56,309.87,1440.1,31.78,166,1038.7,3.196,147.62,No Failure,0
H,304.62,314.17,1512.8,40.16,165,1251.2,3.218,153.07,No Failure,0
L,299.44,309.58,1415.5,42.41,67,1428.5,1.746,155.76,No Failure,0
M,298.28,307.94,1497.9,42.8,92,1862.7,2.499,150.31,No Failure,0
L,298.2,310.72,1382.9,52.61,216,847.9,3.929,120.94,Overstrain Failure,1
H,302.28,311.75,1448.6,44.84,154,935.7,3.185,146.0,No Failure,0
L,301.99,312.48,1654.6,27.72,173,796.5,3.245,150.47,No Failure,0
L,299.03,307.53,1549.9,42.03,53,1814.6,2.611,151.47,No Failure,0
L,296.25,306.38,1636.2,45.84,91,871.6,2.592,144.7,No Failure,0
L,297.74,307.46,1461.5,52.62,62,865.9,2.398,173.38,No Failure,0
L,303.44,314.12,1490.3,38.46,156,969.6,3.568,144.48,No Failure,0
M,301.38,312.08,1454.6,38.56,129,965.8,2.611,155.2,No Failure,0
L,300.13,311.55,1444.9,50.79,105,799.7,2.844,144.28,No Failure,0
H,303.74,315.08,1617.2,41.79,192,442.4,3.552,155.5,No Failure,0
L,303.92,313.85,1704.9,24.02,208,435.0,3.11,132.09,No Failure,0
M,299.93,308.98,1580.9,21.87,232,222.5,3.443,167.96,No Failure,0
L,299.96,309.14,1393.5,58.41,84,591.1,2.697,153.85,No Failure,0
M,298.84,309.14,1657.1,22.86,120,211.5,2.678,143.47,No Failure,0
M,299.43,309.59,1607.8,38.33,109,94.3,2.557,145.0,No Failure,0
L,297.03,307.29,1456.5,48.83,233,1356.4,4.016,140.97,Overstrain Failure,1
H,297.02,306.48,1664.9,22.35,198,439.8,3.357,145.56,No Failure,0
L,296.55,307.99,1480.2,29.18,231,49.3,3.535,149.58,No Failure,0
L,302.17,310.7,1671.0,27.53,50,1460.2,1.566,143.08,No Failure,0
M,296.88,306.29,1230.8,58.01,136,302.3,4.104,158.64,No Failure,0
H,303.9,312.82,1346.6,60.18,141,573.2,3.386,176.49,No Failure,0
L,298.54,308.33,1509.2,32.66,106,1327.9,2.569,147.14,No Failure,0
L,303.47,314.72,1398.8,45.79,112,1016.4,2.744,123.07,No Failure,0
H,299.27,308.98,1527.8,43.08,211,176.8,3.309,145.67,No Failure,0
M,296.87,306.97,1522.2,37.19,91,234.9,2.287,148.56,No Failure,0
H,302.57,313.23,1414.7,23.73,111,684.0,2.038,158.91,No Failure,0
M,302.8,312.47,1297.6,63.07,27,269.7,2.483,141.32,No Failure,0
M,298.19,308.57,1610.3,21.84,158,882.0,2.93,141.53,No Failure,0
L,299.34,309.59,1596.2,42.12,2,741.6,1.825,141.23,No Failure,0
H,298.19,307.06,1440.0,33.52,186,2018.6,3.024,134.4,No Failure,0
L,299.76,309.29,1591.9,50.08,153,728.5,2.72,128.45,No Failure,0
M,300.22,310.57,1509.4,48.46,239,417.1,3.466,150.85,No Failure,0
L,299.3,310.58,1553.3,30.21,140,333.8,2.912,132.45,No Failure,0
M,296.36,307.64,1525.5,32.1,180,404.7,3.111,146.18,No Failure,0
M,298.84,310.93,1566.6,24.5,234,1481.8,3.235,157.66,No Failure,0
M,301.41,311.89,1513.2,41.95,57,702.8,2.362,138.83,No Failure,0
H,299.58,309.17,1372.2,47.11,75,569.5,2.741,163.56,No Failure,0
L,299.35,309.28,1524.8,35.58,130,832.6,2.782,141.05,No Failure,0
M,298.14,308.02,1421.8,37.55,10,201.5,1.464,131.56,No Failure,0
L,298.78,308.37,1411.5,59.08,59,859.6,2.492,144.83,No Failure,0
L,302.82,313.2,1440.4,49.36,115,590.0,3.276,153.93,No Failure,0
L,297.72,308.15,1350.1,53.48,61,540.6,2.784,159.44,No Failure,0
L,301.44,310.27,1657.6,17.58,10,1807.0,1.171,154.39,Power Failure,1
L,300.09,311.18,1393.9,45.47,186,546.5,3.598,171.02,No Failure,0
M,300.49,308.65,1508.1,42.51,64,624.5,3.642,152.2,No Failure,0
M,298.54,308.31,1487.2,27.48,4,384.9,2.012,143.52,No Failure,0
M,299.3,310.45,1664.7,29.56,167,1092.5,3.063,149.23,No Failure,0
L,299.99,310.6,1533.1,37.82,56,3081.0,2.533,134.28,No Failure,0
L,298.96,308.6,1567.0,26.58,114,255.4,2.575,159.93,No Failure,0
L,300.66,312.63,1616.8,32.01,190,630.9,3.773,133.27,No Failure,0
M,300.91,310.47,1571.9,35.38,81,358.5,2.092,137.47,No Failure,0
H,304.35,312.34,1360.0,45.74,146,1376.9,3.385,148.26,Heat Dissipation Failure,1
L,300.56,311.01,1674.2,32.93,199,1406.6,3.744,138.5,No Failure,0
M,296.18,304.4,1311.1,35.53,183,453.5,3.324,154.37,Heat Dissipation Failure,1
L,302.33,311.49,1516.1,50.24,84,831.3,2.507,153.39,No Failure,0
L,299.59,310.22,1626.5,22.36,99,662.9,2.295,158.61,No Failure,0
L,304.02,313.56,1571.0,42.27,40,494.0,1.629,156.85,No Failure,0
L,302.94,313.52,1598.5,43.89,38,1201.1,1.93,152.62,No Failure,0
M,298.99,307.83,1428.2,44.17,69,433.0,2.198,148.96,No Failure,0
H,301.44,312.3,1505.9,34.99,235,899.6,4.096,158.36,No Failure,0
L,298.81,307.12,1613.5,29.35,238,302.6,3.912,149.95,Tool Wear Failure,1
M,300.01,311.32,1276.4,55.2,212,2587.4,4.208,166.75,No Failure,0
M,301.35,310.88,1538.7,31.44,62,669.1,2.392,160.69,No Failure,0
H,302.23,313.76,1551.9,28.83,147,453.1,2.502,146.69,No Failure,0
M,301.79,310.95,1391.6,40.2,90,478.8,2.98,164.22,No Failure,0
L,300.15,312.07,1516.9,32.61,68,613.8,2.397,168.01,No Failure,0
M,304.97,314.01,1483.7,50.51,43,602.8,1.819,175.41,No Failure,0
L,299.27,307.48,1582.5,37.35,239,184.3,4.161,163.6,No Failure,0
H,296.79,306.83,1389.6,51.8,161,1409.4,3.607,137.17,No Failure,0
L,297.17,308.4,1469.7,44.49,175,450.0,3.554,138.5,No Failure,0
M,302.95,313.74,1503.7,36.12,69,2213.8,1.924,137.38,No Failure,0
L,299.85,311.01,1252.4,51.14,244,855.4,4.25,162.06,Overstrain Failure,1
L,300.32,311.13,1460.6,33.49,52,421.8,2.18,180.48,No Failure,0
H,298.91,308.09,1611.9,36.8,45,1055.2,1.99,154.38,No Failure,0
M,299.09,309.86,1565.4,45.29,146,678.6,2.762,150.51,No Failure,0
L,298.43,308.52,1404.6,42.27,233,2249.8,3.86,156.03,No Failure,0
H,300.94,310.23,1654.6,33.26,191,843.8,3.475,156.83,No Failure,0
H,299.81,309.98,1514.8,24.64,237,1385.7,3.601,165.19,No Failure,0
L,300.87,310.81,1454.9,39.81,147,1057.2,3.624,142.97,No Failure,0
M,300.68,312.09,1547.5,32.73,62,318.4,2.294,155.49,No Failure,0
L,299.15,308.63,1473.0,40.3,124,2168.3,3.053,159.81,No Failure,0
M,297.08,306.52,1471.4,35.79,124,210.2,2.804,153.04,No Failure,0
L,296.91,306.21,1568.8,32.82,243,625.6,3.75,131.25,No Failure,0
L,306.05,317.95,1591.3,37.32,73,883.4,2.781,127.4,No Failure,0
H,302.96,312.31,1375.0,39.27,71,88.7,2.18,133.44,No Failure,0
H,302.68,313.98,1455.8,46.95,103,410.1,2.787,163.3,No Failure,0
H,298.65,307.62,1553.0,44.23,118,802.1,2.836,168.89,No Failure,0
H,300.02,310.53,1295.3,60.94,146,833.0,3.061,136.8,No Failure,0
M,298.37,308.63,1439.5,41.41,47,2436.2,2.228,159.77,No Failure,0
M,297.38,308.61,1477.3,33.27,202,1519.4,3.775,125.57,No Failure,0
M,298.82,309.91,1693.3,38.34,125,477.7,2.642,142.56,No Failure,0
L,302.65,312.73,1588.9,45.68,116,88.2,2.783,154.43,No Failure,0
L,301.68,311.14,1393.2,50.03,121,163.4,2.762,160.07,No Failure,0
L,298.06,309.68,1498.9,53.41,229,668.0,4.695,141.88,Overstrain Failure,1
M,299.37,308.73,1534.0,29.83,192,1140.4,3.444,148.73,No Failure,0
L,301.5,309.23,1383.5,52.81,141,380.0,3.659,149.16,No Failure,0
L,298.86,307.0,1408.3,39.54,114,2379.9,2.605,133.98,No Failure,0
M,300.16,308.54,1408.3,30.73,57,697.6,2.15,162.6,No Failure,0
L,300.8,311.4,1464.1,37.96,35,574.1,1.438,152.32,No Failure,0
L,300.78,313.0,1364.9,52.11,235,2597.3,4.011,140.43,Overstrain Failure,1
H,300.51,308.47,1501.8,44.57,237,2269.7,4.67,149.23,No Failure,0
H,298.69,307.91,1655.9,27.88,69,1425.1,2.169,163.19,No Failure,0
L,298.9,308.99,1585.3,27.95,66,523.2,1.92,140.34,No Failure,0
L,297.73,309.28,1509.4,27.68,213,2428.9,2.931,136.21,No Failure,0
L,296.88,306.09,1499.3,32.68,61,1561.8,2.118,136.72,No Failure,0
M,299.77,310.36,1637.0,40.77,170,674.9,3.189,178.82,No Failure,0
H,301.63,311.38,1646.7,28.74,225,1998.8,3.879,160.67,No Failure,0
L,297.24,309.85,1662.3,35.72,231,493.3,3.388,138.26,No Failure,0
M,300.55,310.69,1547.8,54.02,165,212.8,3.797,151.35,No Failure,0
L,301.57,311.92,1311.4,56.18,28,543.9,2.067,153.04,No Failure,0
L,296.33,306.41,1449.8,55.5,221,191.4,3.809,150.69,Overstrain Failure,1
H,299.46,309.04,1562.4,22.05,49,710.6,1.786,143.15,No Failure,0
L,303.29,314.24,1459.1,56.74,71,676.0,3.19,133.26,No Failure,0
L,301.1,309.94,1567.2,40.92,44,420.9,2.275,141.29,No Failure,0
L,296.26,304.26,1303.5,40.78,13,1547.6,1.838,143.84,Heat Dissipation Failure,1
M,301.32,311.17,1453.9,50.29,48,863.8,2.124,159.93,No Failure,0
H,298.5,309.32,1366.6,47.03,108,472.3,3.246,152.05,No Failure,0
H,301.38,310.8,1618.9,21.31,3,579.6,1.361,156.68,No Failure,0
L,298.62,308.81,1489.6,33.88,61,1210.8,1.495,136.49,No Failure,0
L,299.89,308.67,1611.0,36.34,37,1498.4,2.125,146.99,No Failure,0
M,298.92,309.99,1544.9,26.7,182,808.1,3.226,162.64,No Failure,0
L,300.01,310.66,1305.1,49.97,170,350.6,3.463,134.7,No Failure,0
H,298.87,308.89,1312.2,54.39,53,613.4,2.79,170.29,No Failure,0
M,299.55,309.72,1481.5,39.89,216,1114.5,3.535,151.36,No Failure,0
L,297.65,306.26,1513.0,42.99,19,1750.3,1.69,157.77,No Failure,0
H,300.98,309.63,1608.5,39.89,39,528.7,1.933,127.14,No Failure,0
L,300.35,310.23,1538.3,40.99,118,309.8,2.922,158.67,No Failure,0
L,296.77,307.28,1463.1,51.18,227,1273.2,3.909,139.57,Overstrain Failure,1
M,301.99,312.55,1707.7,22.35,70,1698.6,1.646,150.9,No Failure,0
M,299.65,309.28,1534.7,44.86,240,766.6,4.034,135.64,Tool Wear Failure,1
M,300.32,311.07,1592.1,40.12,63,389.7,2.079,162.06,No Failure,0
M,301.53,312.95,1782.5,32.87,158,538.4,3.529,137.34,No Failure,0
H,300.66,310.57,1612.3,34.97,78,798.0,1.659,155.67,No Failure,0
H,302.33,312.64,1379.2,58.32,149,451.1,3.717,154.36,No Failure,0
M,299.41,309.21,1564.3,26.72,76,247.8,1.477,153.27,No Failure,0
L,302.07,311.94,1541.4,38.31,61,445.4,2.147,147.85,No Failure,0
M,300.25,310.42,1473.5,56.29,110,535.2,2.696,156.62,No Failure,0
H,301.02,312.72,1492.0,27.3,82,530.2,1.695,149.32,No Failure,0
L,300.81,311.72,1649.8,35.44,144,70.7,3.339,146.83,No Failure,0
L,302.48,313.31,1458.2,40.42,122,3961.1,3.041,158.88,No Failure,0
L,301.44,310.99,1446.1,44.13,134,458.9,3.035,174.63,No Failure,0
L,299.11,308.22,1553.4,39.2,37,287.4,1.987,149.67,No Failure,0
M,298.72,309.11,1524.2,31.05,148,579.8,2.665,134.05,No Failure,0
L,299.9,311.14,1505.5,44.47,181,1599.6,3.355,146.71,No Failure,0
M,298.48,310.2,1404.4,38.99,32,1548.7,1.686,157.66,No Failure,0
H,297.9,305.44,1528.6,46.28,50,1367.6,2.061,145.76,No Failure,0
H,295.74,308.19,1443.7,49.24,14,2071.4,1.855,132.74,No Failure,0
L,296.9,307.32,1618.6,25.14,56,350.2,2.255,153.06,No Failure,0
L,303.97,314.88,1442.1,50.33,232,255.5,4.298,147.6,Overstrain Failure,1
M,298.69,306.95,1518.6,37.45,23,1114.4,1.866,142.47,No Failure,0
H,303.81,313.57,1473.7,48.25,55,510.5,2.011,153.33,No Failure,0
L,300.81,311.63,1441.8,44.94,34,1327.1,2.166,160.8,No Failure,0
H,299.9,308.73,1325.5,58.54,207,1499.5,3.287,145.03,No Failure,0
L,297.0,304.11,1340.4,40.06,145,882.1,2.837,159.76,Heat Dissipation Failure,1
H,300.01,310.34,1655.1,35.97,16,649.1,1.303,151.3,No Failure,0
L,303.78,313.73,1436.4,34.87,59,1884.2,1.969,137.94,No Failure,0
L,303.12,314.56,1728.4,29.63,168,828.5,2.98,126.77,No Failure,0
M,300.55,310.39,1413.5,48.08,188,470.2,3.505,152.76,No Failure,0
L,297.7,307.62,1697.7,28.99,150,664.1,2.867,149.32,No Failure,0
L,298.09,308.78,1529.9,47.99,141,774.1,3.208,141.44,No Failure,0
L,298.29,309.33,1604.5,37.77,115,112.1,3.1,142.89,No Failure,0
L,302.56,311.85,1645.2,22.37,209,2196.0,3.087,135.97,No Failure,0
M,303.26,314.21,1273.4,54.88,93,388.5,2.571,153.2,No Failure,0
L,300.39,309.87,1753.7,6.24,241,164.0,3.295,137.36,Power Failure,1
M,299.39,309.41,1478.2,39.18,216,813.1,3.828,146.71,No Failure,0
H,303.1,313.77,1472.1,42.34,232,911.2,3.971,144.29,No Failure,0
L,298.04,308.89,1574.0,16.94,175,404.5,3.43,131.98,Power Failure,1
L,300.1,310.42,1438.9,44.41,86,532.0,2.795,157.32,No Failure,0
H,300.93,309.85,1290.5,33.3,161,812.6,3.481,147.94,No Failure,0
H,298.27,306.4,1492.9,37.51,115,787.3,2.829,178.6,No Failure,0
M,298.73,308.54,1403.9,53.43,231,1297.3,4.197,139.65,Overstrain Failure,1
H,298.57,309.54,1418.2,41.43,226,822.7,3.122,171.46,No Failure,0
L,302.83,313.28,1503.7,36.49,16,141.8,1.697,150.66,No Failure,0
L,303.83,314.07,1528.3,38.3,188,646.2,3.34,144.31,No Failure,0
M,300.23,310.22,1449.1,57.76,187,1065.6,3.727,138.17,No Failure,0
L,299.46,309.77,1562.5,44.05,152,442.1,3.488,134.0,No Failure,0
M,298.8,307.81,1598.2,31.16,241,625.8,3.425,142.28,No Failure,0
M,300.0,310.78,1536.4,35.12,19,1217.7,2.009,141.13,No Failure,0
M,298.9,309.75,1627.2,28.1,242,793.2,3.961,144.95,No Failure,0
L,299.81,309.45,1698.1,35.48,1,1051.0,1.575,141.2,No Failure,0
L,300.83,311.26,1416.5,56.08,43,881.0,2.583,160.72,No Failure,0
L,299.19,307.47,1536.8,38.34,161,597.0,2.626,136.97,No Failure,0
L,299.62,309.8,1703.5,26.63,202,2652.9,3.453,141.04,No Failure,0
M,299.63,309.5,1469.8,44.31,226,321.0,3.486,146.89,No Failure,0
L,299.36,310.62,1454.6,36.07,14,176.8,1.752,140.07,No Failure,0
L,299.12,308.92,1496.4,45.61,205,726.5,3.386,161.24,No Failure,0
L,301.52,312.39,1534.7,37.58,173,604.4,3.025,138.83,No Failure,0
L,296.46,306.07,1364.7,54.45,100,729.1,2.735,146.03,No Failure,0
H,303.15,310.86,1621.8,30.89,160,1402.6,2.915,145.14,No Failure,0
L,300.27,310.05,1430.1,28.35,98,367.2,2.386,145.24,No Failure,0
H,301.22,311.42,1376.3,49.38,113,69.8,3.111,175.46,No Failure,0
L,301.45,311.6,1581.2,19.96,51,3505.6,2.41,164.8,Power Failure,1
M,298.58,308.75,1444.0,38.28,86,614.0,2.203,155.74,No Failure,0
L,298.17,307.66,1422.1,48.01,165,1032.0,3.428,153.13,No Failure,0
L,297.94,307.61,1593.7,18.06,59,639.0,1.704,171.77,Power Failure,1
H,299.51,308.38,1645.8,40.65,198,528.6,3.252,147.49,No Failure,0
H,301.4,309.4,1660.3,25.04,87,646.5,1.559,146.02,No Failure,0
H,298.83,308.73,1576.1,21.55,230,1073.4,3.223,148.71,No Failure,0
L,301.22,310.47,1428.6,29.34,24,1356.6,1.436,148.01,No Failure,0
L,295.26,306.34,1462.2,38.17,87,1853.9,2.296,153.18,No Failure,0
M,299.23,307.05,1526.8,32.94,75,1161.7,1.757,150.34,No Failure,0
L,302.33,312.63,1354.3,51.07,142,622.6,3.127,123.77,No Failure,0
M,299.66,311.78,1722.2,40.82,126,2588.3,2.8,152.64,No Failure,0
M,298.34,308.16,1390.2,35.11,16,1061.7,1.368,155.21,No Failure,0
M,298.69,308.68,1609.4,26.9,128,1186.3,2.821,155.06,No Failure,0
H,293.94,304.37,1470.4,42.24,133,1870.8,2.438,141.6,No Failure,0
M,297.98,308.48,1312.9,60.59,144,715.4,3.512,132.85,No Failure,0
L,302.11,311.71,1381.7,32.97,133,1763.9,2.697,163.28,No Failure,0
L,298.83,307.83,1543.0,34.14,181,173.9,3.295,145.5,No Failure,0
M,299.07,309.72,1601.1,29.39,180,662.0,3.289,144.2,No Failure,0
L,295.34,303.43,1469.1,51.84,29,2015.2,2.192,142.46,No Failure,0
L,296.74,307.57,1469.3,49.27,159,1529.4,2.765,155.7,No Failure,0
L,302.38,311.99,1645.3,35.54,212,940.1,3.531,160.62,No Failure,0
M,301.23,311.24,1363.8,34.01,116,272.9,2.757,154.52,No Failure,0
H,297.41,306.88,1554.4,30.56,91,125.9,2.448,154.11,No Failure,0
M,298.74,310.17,1748.6,37.11,130,691.3,2.58,145.28,No Failure,0
L,299.94,310.19,1513.8,50.2,47,638.9,1.927,144.4,No Failure,0
L,297.61,307.29,1365.9,40.42,113,1340.0,2.887,145.05,No Failure,0
M,295.99,305.64,1404.9,52.88,44,809.9,2.421,154.4,No Failure,0
L,299.68,309.53,1463.3,32.8,89,1477.7,2.0,143.11,No Failure,0
M,301.15,313.54,1646.2,16.87,201,906.7,2.739,156.42,Power Failure,1
M,301.18,309.87,1471.5,66.05,230,326.4,4.275,157.23,Power Failure,1
L,301.75,312.83,1569.1,42.15,119,1011.4,2.572,157.74,No Failure,0
L,296.89,307.46,1300.9,47.79,233,760.7,4.095,144.83,Overstrain Failure,1
L,300.12,311.66,1494.1,32.12,64,699.8,2.457,139.5,No Failure,0
H,299.46,310.09,1609.1,26.37,63,789.1,1.552,150.0,No Failure,0
M,299.83,309.83,1463.8,41.55,232,935.3,3.877,144.15,No Failure,0
L,299.58,310.6,1687.5,20.08,155,726.1,2.486,142.45,No Failure,0
H,298.68,308.91,1451.7,37.33,146,192.0,3.198,146.61,No Failure,0
L,293.96,304.72,1385.3,50.22,90,234.1,2.915,157.01,No Failure,0
L,302.32,313.75,1393.4,44.48,158,526.7,2.962,139.67,No Failure,0
H,300.66,310.75,1446.5,42.55,235,1667.1,4.293,170.0,No Failure,0
L,297.03,306.61,1423.9,57.44,61,839.8,2.771,156.13,No Failure,0
L,300.95,310.3,1496.7,43.75,190,710.4,3.486,144.38,No Failure,0
M,299.11,309.56,1589.2,20.96,99,2533.7,2.394,158.51,Power Failure,1
L,299.16,308.28,1613.8,38.51,87,905.6,1.991,139.31,No Failure,0
M,298.46,308.11,1441.7,59.25,76,726.7,3.278,151.84,No Failure,0
L,301.07,310.11,1524.7,36.91,215,567.7,3.665,155.16,No Failure,0
L,298.4,308.91,1327.6,58.64,61,502.9,2.921,157.78,No Failure,0
L,297.81,307.05,1576.7,50.24,106,152.9,2.645,148.26,No Failure,0
L,302.26,310.98,1677.3,35.92,224,716.9,3.244,137.02,No Failure,0
L,299.64,308.53,1450.1,29.2,121,257.1,2.694,149.83,No Failure,0
L,299.71,309.13,1580.3,43.4,32,378.5,1.725,164.62,No Failure,0
H,301.38,310.9,1553.5,52.71,244,246.8,4.064,141.89,No Failure,0
L,298.66,308.92,1685.4,24.21,22,2405.6,1.536,141.49,No Failure,0
L,299.06,308.9,1448.3,41.2,224,882.7,4.074,147.08,No Failure,0
L,300.61,310.98,1632.2,19.59,95,1739.2,2.208,156.76,Power Failure,1
L,296.92,307.37,1681.1,36.6,162,1276.6,3.428,136.8,No Failure,0
L,300.44,311.18,1707.6,23.45,164,606.6,2.808,142.6,No Failure,0
M,298.49,306.58,1504.3,45.62,66,430.9,2.74,137.73,No Failure,0
L,301.71,310.58,1765.1,33.11,78,599.6,2.448,166.34,No Failure,0
H,301.09,311.65,1316.7,51.58,33,338.2,1.795,138.74,No Failure,0
H,300.83,311.04,1535.1,34.6,50,74.6,2.142,151.37,No Failure,0
L,296.79,307.76,1567.6,33.68,13,170.4,1.57,141.95,No Failure,0
L,299.79,308.25,1610.2,23.85,13,1121.8,1.126,154.56,No Failure,0
L,297.65,307.17,1303.1,43.91,104,190.8,2.849,161.34,No Failure,0
M,299.93,309.63,1551.0,44.92,208,378.1,3.863,147.87,Tool Wear Failure,1
L,295.37,305.54,1357.2,49.4,98,574.8,2.925,159.02,No Failure,0
H,296.92,306.95,1378.4,46.55,184,261.6,3.199,156.86,No Failure,0
M,302.38,312.85,1435.6,44.01,81,1046.0,1.79,152.8,No Failure,0
H,300.74,310.62,1431.6,45.96,161,1442.8,3.183,160.46,No Failure,0
M,299.29,310.66,1433.3,46.97,130,199.6,2.912,176.87,No Failure,0
H,298.18,309.87,1514.1,49.08,183,183.1,3.71,164.75,No Failure,0
L,297.83,306.71,1727.4,24.72,169,448.9,2.13,130.88,No Failure,0
L,300.4,310.45,1513.6,35.38,210,1180.6,3.753,133.43,No Failure,0
L,299.31,310.11,1576.0,23.77,138,1160.6,2.857,148.86,No Failure,0
H,303.09,313.68,1461.9,43.32,66,164.3,2.547,125.63,No Failure,0
M,299.63,309.22,1289.2,56.3,20,945.3,2.333,148.15,No Failure,0
H,300.12,310.37,1425.7,48.96,197,597.6,3.377,131.73,No Failure,0
L,297.22,305.64,1463.4,33.93,50,1579.7,1.673,151.85,No Failure,0
H,299.28,309.26,1651.0,45.05,25,313.9,1.847,154.55,No Failure,0
L,300.35,308.89,1483.6,43.49,106,252.6,2.64,148.11,No Failure,0
L,299.25,309.76,1432.9,42.33,233,1217.1,3.649,145.74,No Failure,0
H,299.03,307.91,1667.8,26.97,80,168.3,2.15,141.42,No Failure,0
L,300.65,310.82,1283.9,53.15,141,769.3,3.37,151.04,No Failure,0
L,303.03,313.35,1530.2,28.22,116,639.1,2.587,135.36,No Failure,0
M,300.29,310.37,1567.5,36.33,190,462.0,3.433,139.04,No Failure,0
L,302.29,311.66,1435.5,49.59,204,537.6,3.914,154.96,No Failure,0
L,301.24,311.03,1624.3,36.27,121,769.0,2.627,145.68,No Failure,0
L,302.17,313.35,1248.0,40.79,108,89.0,2.824,144.27,No Failure,0
L,298.78,308.36,1564.1,41.2,100,319.4,2.716,161.33,No Failure,0
H,299.59,309.61,1445.8,40.66,176,117.2,3.107,149.35,No Failure,0
M,299.59,309.04,1385.5,41.15,176,41.1,3.907,144.2,No Failure,0
L,301.09,312.11,1327.8,42.14,65,153.6,2.721,157.98,No Failure,0
L,301.58,311.66,1444.0,40.75,82,620.7,2.616,139.1,No Failure,0
L,300.25,309.49,1714.7,31.05,179,1052.6,3.525,111.61,No Failure,0
M,301.75,311.76,1711.2,24.5,149,1437.2,2.848,166.31,No Failure,0
H,298.87,308.63,1567.2,49.98,182,1363.1,3.492,135.69,No Failure,0
H,301.77,313.16,1406.3,50.44,0,785.3,2.122,169.86,No Failure,0
L,302.03,311.99,1482.6,43.37,221,72.9,3.942,143.19,No Failure,0
L,301.35,309.97,1331.5,43.29,209,158.1,3.949,127.29,No Failure,0
L,300.27,310.77,1431.1,30.85,223,1027.7,4.09,138.71,No Failure,0
M,301.43,313.21,1681.9,15.61,41,281.5,1.039,154.37,Power Failure,1
L,298.21,309.41,1396.0,37.51,140,1396.7,3.071,168.59,No Failure,0
M,300.4,309.29,1574.6,21.03,153,360.2,2.463,160.67,Power Failure,1
M,300.6,310.33,1489.1,41.84,72,971.9,2.291,162.08,No Failure,0
L,297.34,307.31,1510.2,53.04,213,948.0,3.744,134.76,Overstrain Failure,1
L,300.95,310.93,1550.2,33.84,14,1657.9,1.952,159.78,No Failure,0
L,297.5,307.88,1422.3,34.41,170,657.9,3.314,147.09,No Failure,0
L,299.14,308.8,1416.5,29.94,142,659.8,2.822,170.99,No Failure,0
L,300.08,309.16,1507.3,40.44,118,725.5,2.31,155.43,No Failure,0
M,298.54,309.49,1446.0,39.67,192,1362.1,3.339,154.61,No Failure,0
L,300.17,309.04,1592.0,29.81,126,302.6,2.5,133.31,No Failure,0
L,300.13,309.33,1408.6,49.13,16,548.3,2.019,157.55,No Failure,0
M,298.36,307.23,1277.5,67.02,109,675.9,3.087,142.6,No Failure,0
M,301.14,311.75,1513.0,51.9,233,168.8,4.058,158.07,Overstrain Failure,1
L,298.47,308.58,1603.7,38.89,8,499.8,0.912,147.69,No Failure,0
H,304.58,315.46,1543.0,38.77,14,942.4,1.979,143.94,No Failure,0
H,299.78,309.0,1460.5,34.86,193,213.1,3.057,156.09,No Failure,0
M,297.66,306.4,1493.1,34.66,27,1168.4,1.538,151.86,No Failure,0
M,298.03,307.59,1492.0,49.58,239,723.1,4.323,134.94,No Failure,0
L,302.3,312.11,1537.0,50.02,135,1522.7,3.397,168.16,No Failure,0
H,299.18,309.39,1478.9,28.3,180,1509.6,3.155,147.49,No Failure,0
L,297.27,305.59,1608.2,43.66,174,1951.9,3.506,160.31,No Failure,0
H,301.71,312.19,1340.9,51.11,224,724.9,4.331,148.57,No Failure,0
M,299.17,308.27,1588.2,36.5,249,1069.5,3.218,139.45,No Failure,0
L,301.31,310.66,1769.0,37.88,217,784.7,3.974,147.62,No Failure,0
L,301.87,313.04,1301.2,46.96,169,549.7,2.764,156.63,No Failure,0
M,300.55,308.37,1487.5,47.24,88,624.2,2.51,178.95,No Failure,0
M,304.79,315.11,1437.4,44.29,80,427.7,2.593,162.15,No Failure,0
L,296.55,306.87,1519.9,42.54,90,249.0,2.24,143.46,No Failure,0
M,298.36,307.55,1413.2,43.89,242,679.6,4.019,131.78,No Failure,0
H,299.49,309.04,1299.1,37.22,114,829.3,1.712,150.33,No Failure,0
L,304.52,315.74,1521.6,28.82,10,452.5,1.067,150.66,No Failure,0
L,303.6,315.56,1655.8,24.43,22,469.0,1.248,161.86,No Failure,0
L,302.58,313.64,1573.8,45.96,139,1986.0,2.791,165.85,No Failure,0
M,298.41,310.3,1527.8,41.08,11,533.6,1.665,157.54,No Failure,0
L,298.64,307.95,1596.1,44.56,170,187.2,3.886,161.4,No Failure,0
H,298.34,306.76,1521.9,31.71,0,669.0,1.669,147.6,No Failure,0
L,298.43,308.38,1440.1,41.03,166,641.1,3.527,160.34,No Failure,0
M,302.99,313.79,1524.6,40.79,132,642.3,3.053,153.81,No Failure,0
L,299.51,307.66,1363.9,52.79,166,712.8,3.067,174.02,Heat Dissipation Failure,1
L,299.78,308.85,1532.9,48.52,134,493.4,3.445,152.73,No Failure,0
M,301.55,310.73,1432.7,32.6,99,353.9,2.534,147.76,No Failure,0
L,296.67,307.03,1537.3,45.05,19,92.9,2.027,159.22,No Failure,0
M,300.11,310.33,1668.5,32.53,148,238.9,3.152,168.3,No Failure,0
H,297.81,307.03,1741.9,13.87,44,965.6,1.65,159.78,Power Failure,1
H,299.41,309.59,1444.1,57.26,221,1945.5,4.245,155.22,No Failure,0
H,298.83,307.68,1471.6,36.25,185,353.6,3.109,149.45,No Failure,0
L,298.72,308.3,1342.0,50.39,236,485.7,3.841,139.47,Overstrain Failure,1
M,300.45,309.19,1584.6,33.39,132,657.9,2.463,164.21,No Failure,0
H,300.44,310.29,1499.6,31.93,230,2396.0,2.845,164.24,No Failure,0
L,299.56,308.76,1570.8,34.53,194,651.0,3.258,124.72,No Failure,0
L,300.74,311.43,1506.9,42.53,207,2557.6,3.862,139.81,No Failure,0
H,298.26,308.24,1479.8,41.76,50,91.9,2.451,158.62,No Failure,0
L,301.36,311.14,1485.6,44.98,194,116.8,3.401,144.01,No Failure,0
M,299.59,311.36,1596.8,35.04,142,1777.5,2.87,156.69,No Failure,0
H,299.03,309.42,1487.8,40.4,196,259.3,3.396,138.11,No Failure,0
M,298.41,308.04,1524.5,31.57,59,560.3,2.069,139.98,No Failure,0
L,299.52,308.93,1456.5,54.69,64,532.6,2.104,136.2,No Failure,0
L,303.74,312.56,1629.7,26.86,240,145.2,3.559,148.64,No Failure,0
L,299.87,309.81,1606.4,31.78,102,575.7,2.197,149.98,No Failure,0
L,297.71,308.02,1586.3,35.77,231,2967.7,3.998,135.47,No Failure,0
M,301.84,309.92,1322.3,63.89,55,1319.2,2.097,137.62,Heat Dissipation Failure,1
H,299.06,307.69,1407.7,47.67,81,175.0,2.658,144.83,No Failure,0
L,300.57,310.05,1512.8,31.46,103,131.1,2.719,145.85,No Failure,0
L,298.79,307.69,1426.3,48.22,38,1008.8,1.693,140.71,No Failure,0
H,302.56,312.6,1502.1,45.16,105,2029.8,2.548,157.15,No Failure,0
L,298.82,309.0,1525.7,42.74,36,2506.2,1.746,144.91,No Failure,0
M,302.8,312.67,1457.3,46.96,36,927.6,2.567,151.83,No Failure,0
L,297.9,308.45,1527.1,40.58,44,173.0,2.453,154.9,No Failure,0
M,299.41,308.83,1386.9,41.71,89,922.2,2.795,139.21,No Failure,0
L,302.8,312.75,1582.4,24.47,157,260.0,2.977,156.28,No Failure,0
M,300.34,309.33,1444.9,54.43,94,830.6,3.091,151.86,No Failure,0
L,304.54,314.83,1460.8,35.52,44,1156.1,2.126,150.99,No Failure,0
M,299.46,309.54,1611.7,27.63,238,365.5,4.21,139.87,No Failure,0
L,300.51,309.32,1545.0,34.96,45,1664.1,1.962,160.83,No Failure,0
L,303.81,313.66,1526.9,35.36,159,589.8,2.356,130.25,No Failure,0
M,296.97,306.93,1625.2,31.99,100,548.9,2.292,148.26,No Failure,0
L,296.72,307.01,1458.2,47.78,13,353.2,2.049,139.75,No Failure,0
L,298.41,308.73,1314.3,49.74,198,981.4,3.677,144.84,No Failure,0
L,301.63,310.91,1703.2,20.41,26,1101.9,1.825,132.96,No Failure,0
L,296.78,307.54,1495.5,34.85,33,1739.3,1.576,141.32,No Failure,0
L,301.19,311.72,1412.7,35.57,11,521.0,1.891,136.54,No Failure,0
H,301.05,310.33,1580.6,38.28,39,802.0,1.516,131.87,No Failure,0
L,304.03,312.89,1256.8,57.06,78,553.5,2.822,156.18,No Failure,0
H,302.09,311.44,1533.2,31.86,18,889.6,1.374,141.22,No Failure,0
H,300.73,309.26,1401.4,55.62,45,1199.6,1.961,147.32,No Failure,0
L,302.72,312.93,1505.1,38.54,15,669.1,1.703,154.12,No Failure,0
M,301.08,312.26,1318.1,55.72,55,531.6,2.1,153.19,No Failure,0
H,299.08,310.5,1435.4,36.89,41,637.4,2.179,148.04,No Failure,0
M,297.71,306.62,1465.8,35.72,70,904.1,2.106,141.54,No Failure,0
L,298.86,309.65,1404.8,39.77,198,677.4,3.603,145.07,No Failure,0
L,299.92,310.0,1385.2,52.92,29,883.3,2.132,152.05,No Failure,0
L,300.35,307.95,1438.3,41.58,246,780.3,4.261,162.41,No Failure,0
M,295.73,305.4,1359.2,42.09,127,668.9,2.703,121.9,No Failure,0
H,299.56,309.12,1423.0,46.37,51,638.8,2.573,154.51,No Failure,0
H,300.06,311.27,1512.5,31.2,40,643.3,2.437,135.53,No Failure,0
L,301.1,310.22,1497.2,43.37,45,525.2,1.785,143.6,No Failure,0
M,303.25,313.82,1582.8,33.72,191,384.1,3.863,147.21,No Failure,0
L,300.37,310.26,1503.1,54.71,41,554.0,2.139,148.45,No Failure,0
H,298.18,306.74,1524.8,44.19,138,662.2,2.912,142.22,No Failure,0
L,296.36,305.81,1346.6,46.93,10,1088.1,2.092,163.57,No Failure,0
H,301.37,312.91,1467.6,19.61,110,1145.1,1.96,156.58,Power Failure,1
H,298.26,308.09,1306.8,47.07,210,1866.1,4.021,144.3,No Failure,0
L,301.73,312.64,1469.0,38.22,200,858.8,3.73,168.71,No Failure,0
L,302.79,313.65,1470.3,25.63,127,71.4,2.561,141.22,No Failure,0
H,296.91,306.46,1437.0,40.95,64,602.2,2.226,140.45,No Failure,0
L,301.11,309.82,1624.4,24.82,82,628.5,1.956,150.98,No Failure,0
M,302.59,311.43,1400.4,46.11,81,505.0,2.749,142.77,No Failure,0
H,302.04,313.49,1410.4,54.34,52,75.3,2.29,154.49,No Failure,0
M,295.81,305.96,1588.5,22.09,165,1103.0,3.226,146.14,No Failure,0
L,298.29,306.56,1433.8,39.7,43,781.6,2.367,153.69,No Failure,0
L,297.44,308.27,1666.9,38.35,241,480.5,3.54,138.95,No Failure,0
L,301.05,309.26,1656.2,20.1,27,255.3,1.075,171.38,Power Failure,1
H,300.83,310.0,1436.8,49.17,156,652.1,3.287,143.71,No Failure,0
L,294.6,304.69,1525.9,46.26,166,2825.0,3.103,166.88,No Failure,0
L,299.4,311.92,1416.8,60.26,164,781.2,3.438,133.49,No Failure,0
L,301.6,312.42,1427.4,44.96,164,696.2,3.094,171.26,No Failure,0
H,300.3,309.81,1664.5,31.21,112,264.8,3.122,148.17,No Failure,0
L,300.29,310.32,1418.5,45.14,31,948.0,2.356,146.85,No Failure,0
H,299.27,310.19,1488.7,52.85,154,435.7,3.144,119.33,No Failure,0
M,297.88,309.3,1426.1,35.35,52,976.3,1.448,133.76,No Failure,0
H,299.97,309.72,1404.2,48.52,50,112.2,2.099,138.07,No Failure,0
H,300.1,309.89,1708.4,16.45,204,299.4,2.784,136.17,Power Failure,1
H,301.23,310.4,1414.5,54.75,34,423.7,2.448,157.03,No Failure,0
H,301.39,312.06,1360.0,48.0,133,540.9,3.108,144.23,No Failure,0
L,300.17,311.2,1555.2,14.56,91,1788.5,1.828,149.49,Power Failure,1
M,302.19,310.25,1510.8,43.83,44,1471.1,2.091,151.85,No Failure,0
M,299.25,308.85,1640.3,20.13,238,865.5,3.236,111.17,Power Failure,1
M,297.11,305.9,1513.7,33.89,162,264.8,3.028,145.87,No Failure,0
H,300.95,311.11,1594.6,46.79,120,274.4,3.425,174.16,No Failure,0
H,300.25,309.01,1484.5,38.64,210,1367.0,3.467,162.27,No Failure,0
M,300.99,309.67,1352.9,52.57,85,513.1,2.731,155.09,No Failure,0
L,297.47,308.59,1332.9,40.64,82,373.1,2.198,151.06,No Failure,0
L,303.58,313.42,1405.5,39.63,8,466.1,1.432,166.5,No Failure,0
L,301.42,311.36,1490.9,50.98,190,602.7,3.968,156.54,No Failure,0
L,299.42,309.86,1461.7,36.62,241,814.6,3.571,147.55,No Failure,0
L,298.13,309.1,1558.6,39.75,210,580.7,3.64,153.76,No Failure,0
L,302.15,311.74,1375.1,41.07,4,80.3,1.398,159.2,No Failure,0
L,297.8,307.4,1427.2,39.32,86,717.9,2.859,164.57,No Failure,0
M,304.52,314.13,1326.7,51.6,239,850.9,4.014,132.62,Overstrain Failure,1
L,298.77,309.86,1596.3,33.33,231,831.7,3.395,151.03,No Failure,0
H,303.44,313.37,1547.4,31.7,52,585.4,1.905,161.13,No Failure,0
M,299.63,309.34,1485.0,29.38,100,246.8,2.34,142.48,No Failure,0
L,303.16,313.55,1735.7,18.58,138,170.2,2.88,147.15,Power Failure,1
L,298.53,310.36,1425.8,54.84,26,465.5,1.992,169.2,No Failure,0
L,300.04,310.11,1602.7,30.99,97,1109.1,2.517,152.3,No Failure,0
H,301.61,311.34,1545.7,37.61,189,380.2,3.142,140.49,No Failure,0
L,301.32,313.27,1298.5,55.58,187,3819.3,4.107,132.39,No Failure,0
M,302.2,313.53,1624.6,38.58,43,1258.6,2.266,148.15,No Failure,0
H,299.03,310.21,1449.8,45.14,130,492.6,3.169,142.44,No Failure,0
H,300.17,309.67,1637.8,25.79,51,454.4,2.076,164.63,No Failure,0
L,302.5,311.9,1422.6,53.98,186,539.0,3.817,140.64,No Failure,0
L,298.59,306.76,1424.7,38.78,163,659.8,3.24,160.25,No Failure,0
L,301.15,312.11,1752.1,29.82,172,216.5,2.772,149.26,No Failure,0
L,299.56,309.64,1579.1,29.81,126,410.4,2.455,144.03,No Failure,0
L,300.41,308.61,1367.8,56.9,92,1776.8,3.111,146.04,Heat Dissipation Failure,1
M,300.17,311.37,1509.8,34.14,19,938.8,1.914,164.58,No Failure,0
H,298.42,308.09,1683.2,30.03,187,529.3,3.537,159.0,No Failure,0
M,299.48,309.26,1641.9,35.67,200,847.4,3.384,152.21,No Failure,0
M,300.29,308.78,1510.6,40.45,106,554.6,3.172,142.26,No Failure,0
L,299.79,310.29,1355.9,41.52,5,1185.0,1.629,158.42,No Failure,0
H,303.15,313.65,1449.6,44.44,138,2199.5,3.207,151.01,No Failure,0
M,302.02,311.97,1475.4,42.35,47,653.1,2.95,144.56,No Failure,0
H,300.58,310.16,1407.6,46.47,231,226.1,3.885,138.57,No Failure,0
H,298.47,311.1,1433.3,37.27,156,265.7,3.321,142.78,No Failure,0
L,298.35,307.15,1194.3,60.72,246,1358.4,4.021,136.72,Overstrain Failure,1
L,303.95,313.23,1671.5,35.12,192,2143.4,3.311,139.75,No Failure,0
L,297.98,308.69,1458.6,53.52,220,386.8,4.249,182.04,Overstrain Failure,1
L,300.23,309.21,1551.0,34.01,113,373.0,2.425,127.65,No Failure,0
H,300.72,309.63,1555.7,25.72,236,954.5,3.686,160.31,No Failure,0
L,299.38,310.51,1665.8,23.33,113,210.0,2.464,155.64,No Failure,0
M,298.0,308.6,1494.1,43.04,98,954.1,2.689,130.73,No Failure,0
M,298.43,308.91,1370.9,51.62,234,1047.1,3.511,159.65,Overstrain Failure,1
L,298.91,309.09,1627.2,28.49,89,349.0,2.933,174.78,No Failure,0
L,298.58,307.89,1616.3,31.23,75,119.0,1.842,149.72,No Failure,0
M,302.66,312.4,1531.0,43.86,129,341.9,2.726,161.01,No Failure,0
M,299.98,309.9,1420.3,39.97,137,1122.0,2.482,148.11,No Failure,0
L,298.95,309.8,1585.7,34.14,135,889.9,2.524,154.88,No Failure,0
L,300.21,310.64,1708.3,27.21,161,592.9,2.933,127.39,No Failure,0
M,301.34,310.41,1501.9,43.09,114,1411.5,3.097,149.98,No Failure,0
L,299.31,310.1,1646.5,46.53,231,837.9,3.847,150.1,No Failure,0
H,301.8,310.13,1444.4,44.92,223,769.6,3.958,144.67,No Failure,0
L,297.46,307.14,1343.3,40.27,191,172.6,3.601,167.51,No Failure,0
L,302.34,311.2,1508.1,29.44,89,876.2,1.929,149.37,No Failure,0
L,299.98,309.12,1414.6,43.15,29,1113.2,1.383,148.11,No Failure,0
M,299.9,311.83,1531.1,42.4,0,2096.5,1.346,145.52,No Failure,0
M,298.61,307.14,1679.9,26.87,191,401.9,3.633,144.75,No Failure,0
L,297.54,306.73,1536.4,36.98,39,595.1,1.673,148.23,No Failure,0
H,296.67,307.18,1497.0,43.66,155,1585.9,2.986,146.53,No Failure,0
L,298.47,308.0,1678.6,39.22,110,1035.1,2.768,155.25,No Failure,0
L,301.18,311.33,1582.0,20.39,193,978.0,3.309,156.61,Power Failure,1
L,298.08,309.51,1544.7,33.6,213,283.7,3.238,167.47,No Failure,0
L,296.9,307.56,1515.8,32.93,24,598.8,1.898,144.65,No Failure,0
M,298.18,307.71,1349.6,45.59,120,1083.2,3.037,137.98,No Failure,0
L,299.23,309.1,1168.0,65.98,230,341.1,4.224,151.92,Overstrain Failure,1
M,299.31,309.84,1606.0,41.34,95,717.7,1.992,152.22,No Failure,0
L,299.74,310.38,1527.1,28.02,198,570.8,3.556,161.26,No Failure,0
H,302.07,312.09,1490.3,38.39,185,1012.9,3.499,133.38,No Failure,0
L,302.5,312.86,1537.9,40.11,211,840.1,3.743,149.09,No Failure,0
H,304.01,314.37,1332.4,47.57,18,86.1,1.491,163.85,No Failure,0
L,296.75,306.66,1325.5,52.42,220,580.4,4.705,160.64,Overstrain Failure,1
L,298.29,307.68,1386.8,53.91,3,1924.8,1.579,164.14,No Failure,0
H,301.4,312.14,1417.6,45.37,23,1291.2,1.747,145.73,No Failure,0
M,299.09,309.38,1385.2,39.99,45,558.9,2.316,123.53,No Failure,0
M,301.72,309.64,1436.0,54.83,199,1169.5,3.89,152.98,No Failure,0
L,300.41,309.59,1486.0,36.52,36,483.7,1.925,155.6,No Failure,0
M,303.16,312.68,1507.9,40.54,175,1008.5,2.976,142.05,No Failure,0
H,302.09,311.88,1524.6,37.57,72,387.2,1.863,154.25,No Failure,0
M,302.12,313.33,1757.8,18.69,170,2275.4,2.966,151.38,Power Failure,1
L,299.18,312.38,1430.0,52.72,174,576.4,3.45,132.27,No Failure,0
M,299.81,307.35,1368.3,46.76,95,703.7,3.234,162.38,Heat Dissipation Failure,1
M,299.39,309.69,1794.2,16.3,240,1410.2,3.154,131.85,Power Failure,1
H,296.99,307.06,1377.3,50.02,65,690.2,2.31,158.48,No Failure,0
L,302.94,312.76,1451.0,36.97,20,781.2,1.778,139.25,No Failure,0
L,301.49,312.03,1334.3,49.89,152,772.5,3.167,152.13,No Failure,0
H,299.31,309.46,1283.0,40.76,13,879.6,1.49,151.15,No Failure,0
M,302.61,312.25,1553.8,26.43,71,275.1,2.044,151.11,No Failure,0
M,298.74,308.77,1533.6,40.26,128,936.9,3.476,163.02,No Failure,0
L,296.32,306.88,1449.3,31.02,229,460.0,3.5,160.14,No Failure,0
L,302.01,312.48,1751.6,27.77,176,413.1,2.616,140.67,No Failure,0
M,297.44,307.63,1229.0,48.67,152,543.9,3.444,150.64,No Failure,0
L,299.61,309.03,1398.2,43.92,132,211.5,2.875,157.21,No Failure,0
L,300.41,313.23,1246.3,54.98,89,539.3,2.467,156.51,No Failure,0
M,300.77,311.13,1614.2,36.06,207,256.6,3.764,156.46,No Failure,0
M,301.7,312.46,1635.8,30.37,5,77.9,1.586,150.72,No Failure,0
H,301.16,310.65,1425.0,46.39,39,1159.5,1.901,160.33,No Failure,0
L,301.1,311.29,1438.7,31.66,40,536.7,1.322,159.36,No Failure,0
L,298.42,308.6,1417.0,36.9,155,810.4,3.352,154.26,No Failure,0
H,300.59,308.68,1480.5,45.25,72,1027.5,2.209,147.46,No Failure,0
L,296.99,306.27,1449.2,38.74,16,1617.9,1.803,169.81,No Failure,0
L,303.12,312.39,1488.5,35.11,40,549.0,1.852,146.32,No Failure,0
L,297.19,306.59,1605.6,25.97,164,677.7,3.102,139.39,No Failure,0
M,299.31,308.24,1387.9,49.37,136,975.8,3.209,146.35,No Failure,0
H,297.36,307.41,1372.0,36.32,134,155.1,3.252,152.04,No Failure,0
M,298.54,309.94,1330.8,46.18,180,491.1,3.714,146.32,No Failure,0
M,300.03,310.16,1343.5,44.86,129,657.1,2.39,139.99,No Failure,0
L,298.94,307.76,1347.2,50.91,221,419.9,3.915,148.67,Overstrain Failure,1
L,302.29,311.26,1527.0,37.64,142,422.8,3.011,163.48,No Failure,0
L,300.45,310.08,1532.2,36.52,161,348.6,3.015,133.67,No Failure,0
L,299.07,307.66,1695.5,28.92,79,3479.9,2.52,151.74,No Failure,0
L,299.73,310.04,1416.8,34.57,144,655.7,3.065,136.49,No Failure,0
L,302.44,313.79,1500.3,43.41,45,328.9,1.546,136.74,No Failure,0
L,301.82,311.24,1494.6,31.83,59,556.7,1.914,130.05,No Failure,0
M,297.72,307.8,1652.5,43.16,239,308.2,4.059,150.02,No Failure,0
M,298.64,308.21,1373.1,54.67,218,701.0,3.832,128.9,No Failure,0
L,300.95,310.32,1485.1,35.55,101,813.8,2.724,151.56,No Failure,0
L,300.71,310.9,1629.8,26.86,78,1638.4,2.282,148.26,No Failure,0
M,297.9,307.24,1550.8,35.87,154,186.2,3.172,155.35,No Failure,0
M,301.5,310.69,1579.6,25.77,175,1285.5,3.283,124.35,No Failure,0
H,298.22,306.6,1446.7,53.34,8,685.4,2.347,129.54,No Failure,0
L,302.61,312.67,1629.1,40.85,186,1122.3,3.725,145.06,No Failure,0
H,301.06,312.13,1640.9,32.72,9,1327.0,1.786,149.67,No Failure,0
L,297.74,308.44,1531.4,34.4,11,1511.6,1.592,161.74,No Failure,0
L,298.94,310.43,1754.5,28.18,118,248.5,2.369,147.92,No Failure,0
L,298.91,308.23,1462.5,50.11,162,1017.0,4.036,140.06,No Failure,0
L,300.32,311.17,1254.2,58.37,85,335.6,2.942,163.54,No Failure,0
L,299.59,308.49,1624.5,25.06,232,327.1,3.332,142.36,No Failure,0
L,297.71,308.42,1397.0,50.43,103,899.3,2.815,131.95,No Failure,0
M,297.21,308.86,1470.9,37.54,173,930.6,3.176,153.93,No Failure,0
L,301.1,311.6,1426.9,52.67,128,1075.7,3.382,150.13,No Failure,0
L,300.57,312.23,1477.6,21.66,119,458.1,2.329,160.18,Power Failure,1
L,300.21,309.61,1626.2,42.25,73,824.6,1.913,137.35,No Failure,0
L,300.54,310.41,1587.7,35.92,100,875.7,2.694,150.53,No Failure,0
L,298.76,307.85,1281.5,46.59,92,569.8,2.492,141.82,No Failure,0
L,300.37,310.4,1549.1,40.61,37,1415.7,1.29,152.96,No Failure,0
L,305.08,315.35,1538.1,40.22,186,122.1,3.736,141.53,No Failure,0
M,302.35,312.38,1640.4,38.94,56,310.6,1.745,150.15,No Failure,0
H,299.42,308.95,1530.2,55.62,0,1406.4,1.616,163.82,No Failure,0
L,298.95,308.46,1684.3,38.25,222,896.7,3.809,150.75,No Failure,0
M,294.28,304.62,1405.9,48.64,174,2625.0,3.555,146.03,No Failure,0
H,302.14,311.98,1498.4,46.29,97,1050.0,2.533,166.94,No Failure,0
H,301.57,310.42,1385.7,48.89,184,396.4,3.727,148.36,No Failure,0
M,298.91,307.02,1669.2,29.85,40,1325.3,2.048,152.8,No Failure,0
H,297.14,306.54,1248.9,47.07,90,1497.7,2.365,160.13,No Failure,0
H,297.69,306.31,1358.3,43.37,99,850.5,2.679,147.83,No Failure,0
M,300.89,310.05,1556.1,28.11,117,282.1,2.571,148.52,No Failure,0
L,299.82,309.4,1511.6,37.88,109,833.7,3.006,148.41,No Failure,0
L,301.38,311.24,1331.2,62.94,106,496.7,3.182,153.75,No Failure,0
L,300.17,309.51,1646.0,36.08,84,418.8,1.808,178.99,No Failure,0
L,301.93,314.12,1470.9,36.32,99,766.3,3.208,163.95,No Failure,0
L,300.74,309.48,1347.6,44.51,4,131.7,1.762,162.18,No Failure,0
L,301.66,312.87,1508.4,34.59,3,616.3,1.596,139.26,No Failure,0
M,295.82,305.66,1434.2,41.4,91,401.1,2.504,144.9,No Failure,0
M,297.53,306.87,1585.7,35.51,168,286.8,3.269,156.92,No Failure,0
H,299.27,309.86,1605.1,44.02,224,526.4,4.045,127.6,No Failure,0
L,302.16,311.71,1634.1,39.38,226,471.3,4.077,140.47,No Failure,0
L,303.76,312.95,1441.9,59.52,68,1319.8,2.621,164.39,No Failure,0
M,299.67,311.46,1445.1,40.46,136,650.3,2.249,162.64,No Failure,0
H,298.78,306.58,1503.3,37.77,90,905.2,2.32,153.37,No Failure,0
H,296.09,305.85,1455.9,50.29,15,1596.5,1.888,158.49,Random Failure,1
H,301.73,311.92,1541.9,26.09,178,404.8,2.891,176.38,No Failure,0
H,298.9,310.31,1303.7,56.92,11,675.8,1.718,146.97,No Failure,0
L,305.92,315.52,1612.8,30.12,38,989.1,1.634,175.77,No Failure,0
L,298.52,311.18,1281.8,51.92,215,738.5,4.24,155.71,Overstrain Failure,1
L,304.21,314.97,1481.8,54.57,210,602.0,4.081,147.72,Overstrain Failure,1
M,301.5,309.13,1505.9,34.74,148,555.7,2.564,167.2,No Failure,0
H,297.94,306.49,1583.0,35.7,136,864.5,2.343,140.72,No Failure,0
L,300.46,310.7,1527.3,38.91,184,343.3,2.883,150.68,No Failure,0
M,301.54,310.4,1563.2,46.22,133,329.1,3.122,147.39,No Failure,0
L,299.55,310.1,1388.3,30.02,185,1798.1,2.792,169.01,No Failure,0
L,301.68,311.22,1622.2,38.91,31,118.7,1.856,145.47,No Failure,0
L,301.63,310.44,1636.5,36.87,245,362.5,4.176,147.03,No Failure,0
L,301.19,310.23,1617.4,28.49,16,1061.6,1.641,149.25,No Failure,0
H,299.97,310.82,1630.5,29.55,184,1332.2,3.12,127.4,No Failure,0
L,297.65,305.63,1543.4,41.28,212,217.1,4.205,165.03,No Failure,0
H,299.85,310.89,1410.1,41.11,7,1427.6,1.501,149.62,No Failure,0
M,300.35,311.43,1566.0,32.36,55,3749.8,2.029,145.05,No Failure,0
L,296.25,305.92,1573.8,40.79,69,1655.1,2.182,159.92,No Failure,0
L,300.34,308.93,1390.9,33.53,108,624.3,2.483,147.29,No Failure,0
H,299.81,310.36,1437.8,53.07,42,624.1,2.519,154.33,No Failure,0
L,297.41,306.92,1516.1,38.97,126,800.5,3.025,139.36,No Failure,0
H,299.33,307.82,1468.7,50.98,239,306.6,3.656,142.16,No Failure,0
L,299.38,311.29,1520.9,23.07,5,474.7,0.994,153.23,No Failure,0
M,303.86,312.98,1407.2,43.23,221,603.3,4.114,142.95,Tool Wear Failure,1
H,300.44,308.97,1326.7,45.96,175,1143.0,3.067,130.89,Heat Dissipation Failure,1
L,302.07,312.36,1384.4,38.62,109,1085.7,2.349,167.14,No Failure,0
L,299.76,309.7,1617.9,34.61,135,282.1,2.936,132.97,No Failure,0
H,296.25,307.74,1459.3,38.46,38,570.6,2.232,160.26,No Failure,0
L,301.34,310.96,1381.0,47.42,227,231.1,4.263,147.68,Tool Wear Failure,1
L,298.68,308.31,1695.0,27.89,11,1490.9,0.975,163.39,No Failure,0
L,299.33,309.66,1413.0,47.0,32,545.8,1.969,150.6,No Failure,0
L,297.89,308.09,1561.3,43.18,176,843.5,3.3,148.71,No Failure,0
M,300.15,310.38,1426.4,37.39,42,659.8,1.778,155.68,No Failure,0
M,302.13,312.4,1486.3,37.82,19,1060.1,1.265,150.48,No Failure,0
L,301.87,312.03,1413.5,40.62,64,275.3,2.653,152.68,No Failure,0
H,303.17,312.76,1416.6,56.59,142,160.0,3.308,148.91,No Failure,0
L,303.46,314.29,1453.5,43.48,76,191.7,2.127,160.62,No Failure,0
L,295.91,305.55,1641.2,30.57,210,281.1,3.61,142.12,No Failure,0
M,297.61,308.42,1548.6,35.65,235,239.5,3.803,166.96,No Failure,0
H,296.38,307.77,1416.4,28.55,104,375.8,2.653,154.52,No Failure,0
L,301.26,310.59,1627.4,21.1,141,426.1,2.475,163.24,No Failure,0
L,298.61,311.02,1454.8,28.38,149,123.7,2.718,141.89,No Failure,0
M,299.02,308.31,1521.6,41.2,67,661.7,2.293,174.03,No Failure,0
H,299.57,308.86,1448.0,52.74,120,892.0,3.253,157.46,No Failure,0
L,300.77,311.31,1479.6,49.96,53,251.7,2.027,173.4,No Failure,0
L,297.03,307.47,1581.4,28.45,241,710.1,3.351,146.02,No Failure,0
M,297.48,307.55,1416.9,32.02,130,311.7,2.886,137.54,No Failure,0
L,300.0,310.82,1594.0,30.61,105,1392.9,2.539,148.53,No Failure,0
L,302.4,312.65,1743.2,14.18,50,852.6,1.592,159.84,Power Failure,1
L,299.95,312.01,1497.0,38.32,36,1564.4,1.945,165.3,No Failure,0
L,298.42,308.36,1443.4,48.03,20,1824.9,1.963,143.33,No Failure,0
L,295.7,304.85,1350.3,37.48,75,91.0,2.698,163.29,No Failure,0
H,301.91,311.35,1607.4,27.32,155,657.7,2.953,154.63,No Failure,0
M,298.53,309.0,1557.9,31.55,233,1480.3,3.696,161.69,No Failure,0
M,297.71,308.19,1417.2,36.71,167,1252.7,2.887,136.79,No Failure,0
H,296.57,306.78,1485.9,47.7,40,363.4,2.033,141.03,No Failure,0
L,297.12,306.27,1470.1,38.17,18,449.8,1.904,134.56,No Failure,0
L,298.08,309.19,1469.8,46.35,128,628.8,3.224,149.9,No Failure,0
H,299.52,311.46,1550.4,39.19,126,1606.7,2.399,162.0,No Failure,0
L,297.58,307.61,1510.6,42.37,18,1251.6,2.087,165.46,No Failure,0
M,300.37,312.18,1454.5,30.6,142,1738.0,2.79,142.07,No Failure,0
M,299.51,310.37,1520.3,33.14,26,1409.0,2.423,155.36,No Failure,0
L,304.44,316.66,1792.1,27.44,158,660.3,3.288,155.24,No Failure,0
L,296.59,307.06,1577.5,46.02,246,2338.3,4.119,129.22,Overstrain Failure,1
L,300.32,310.46,1598.4,37.09,2,207.6,1.204,153.7,No Failure,0
L,300.35,311.19,1812.5,4.02,68,574.9,1.243,127.99,Power Failure,1
L,297.94,307.51,1372.6,44.81,198,600.8,3.507,148.78,No Failure,0
L,300.19,310.6,1407.5,49.74,183,1371.5,4.155,142.21,No Failure,0
M,301.54,312.87,1526.9,31.88,132,464.2,2.655,157.13,No Failure,0
H,300.19,311.01,1454.0,44.8,233,2046.8,4.081,158.58,No Failure,0
H,302.77,312.74,1386.6,37.9,103,1002.8,2.535,166.55,No Failure,0
L,295.64,305.85,1755.3,18.82,166,516.9,2.767,150.88,Power Failure,1
L,298.32,309.07,1168.0,59.53,109,273.9,2.944,153.96,No Failure,0
L,302.95,313.67,1593.4,37.96,242,71.6,4.407,139.87,No Failure,0
L,301.82,312.57,1562.7,42.01,113,83.6,3.018,142.73,No Failure,0
H,301.08,311.42,1759.4,33.75,28,588.2,1.316,143.73,No Failure,0
L,302.47,311.64,1501.2,37.04,212,2883.6,3.153,148.46,No Failure,0
L,296.17,305.5,1440.3,41.62,102,976.8,2.885,174.38,No Failure,0
H,301.59,312.05,1594.2,29.57,171,1166.3,3.414,151.64,No Failure,0
L,302.13,312.96,1414.9,56.94,101,350.6,2.661,166.25,No Failure,0
L,298.68,309.38,1424.8,48.38,71,363.4,2.338,157.17,No Failure,0
L,305.26,314.58,1352.2,45.17,62,108.0,2.643,159.75,No Failure,0
M,300.39,310.24,1561.6,38.58,3,1425.2,1.783,152.29,No Failure,0
M,295.61,304.44,1560.8,32.39,22,65.9,1.659,148.63,No Failure,0
L,300.76,309.37,1326.9,50.3,94,750.1,2.909,152.07,No Failure,0
H,298.56,308.64,1304.9,46.11,193,636.5,3.569,140.59,No Failure,0
H,302.33,313.69,1754.2,36.01,47,670.9,1.861,142.97,No Failure,0
H,301.1,311.2,1661.6,29.15,174,1615.8,3.436,149.92,No Failure,0
L,298.8,310.71,1676.4,24.24,151,714.7,2.588,151.29,No Failure,0
L,303.0,312.84,1487.4,40.29,172,335.1,3.178,125.85,No Failure,0
H,301.88,311.91,1582.0,37.51,160,1258.0,3.653,137.8,No Failure,0
L,298.34,307.35,1310.4,51.86,213,1385.2,3.703,157.27,Overstrain Failure,1
M,299.7,309.35,1438.6,49.92,80,362.7,3.092,158.95,No Failure,0
M,301.03,309.84,1518.8,40.39,167,305.4,3.324,130.44,No Failure,0
L,299.27,307.73,1414.0,39.19,215,464.4,3.729,152.13,No Failure,0
M,299.33,308.16,1582.8,28.48,165,423.1,3.169,191.13,No Failure,0
H,300.07,310.16,1378.0,50.61,245,991.0,4.507,163.69,No Failure,0
M,297.87,307.13,1435.8,39.43,205,493.8,4.041,135.96,Tool Wear Failure,1
L,295.53,305.03,1403.1,46.05,117,767.6,2.817,151.98,No Failure,0
H,300.48,310.89,1252.2,51.77,193,2816.2,3.892,152.48,No Failure,0
M,296.02,304.47,1640.9,34.34,118,589.5,2.526,147.6,No Failure,0
M,298.01,308.09,1706.8,31.72,227,442.1,3.534,162.0,No Failure,0
H,296.46,307.3,1219.1,64.69,19,1685.2,2.314,163.76,No Failure,0
M,296.7,307.64,1552.3,45.94,247,2955.6,4.403,143.55,No Failure,0
L,300.85,311.37,1519.4,37.21,219,1786.0,3.451,157.64,No Failure,0
L,299.56,309.5,1399.9,52.4,74,624.7,2.102,141.44,No Failure,0
L,299.48,308.86,1408.1,36.92,35,1234.4,1.575,148.61,No Failure,0
M,297.37,307.29,1423.8,43.25,144,1947.7,2.954,169.28,No Failure,0
M,298.69,310.34,1593.4,34.32,157,432.3,3.435,138.91,No Failure,0
M,300.75,311.03,1413.6,39.83,92,789.9,2.257,159.96,No Failure,0
L,299.9,309.79,1455.2,37.26,161,389.1,3.297,134.55,No Failure,0
M,301.65,312.21,1514.4,32.48,133,240.9,3.113,142.81,No Failure,0
H,301.93,311.98,1173.9,42.43,86,1093.8,2.271,142.01,No Failure,0
L,299.5,309.72,1580.6,33.61,119,572.3,3.063,139.57,No Failure,0
M,296.3,306.05,1511.2,45.76,24,292.7,2.121,133.11,No Failure,0
M,298.49,308.07,1557.2,36.95,135,293.7,2.592,134.53,No Failure,0
M,299.8,310.8,1722.5,22.8,163,1357.3,2.761,128.14,No Failure,0
L,298.45,306.5,1410.4,46.21,241,1096.5,3.889,140.07,Overstrain Failure,1
M,297.89,308.37,1612.0,46.38,85,1144.5,2.493,138.92,No Failure,0
H,300.14,309.66,1243.7,62.54,21,432.3,2.372,149.42,No Failure,0
M,304.86,312.96,1478.4,40.18,38,1633.7,1.78,166.05,No Failure,0
H,299.02,308.05,1456.2,41.83,219,1443.9,3.929,155.84,No Failure,0
H,299.99,309.96,1478.5,44.79,228,1705.2,4.021,153.78,No Failure,0
L,297.38,307.48,1396.9,50.2,196,239.1,3.437,141.47,No Failure,0
M,302.49,313.23,1414.2,49.57,121,946.8,3.106,155.48,No Failure,0
L,301.75,312.56,1413.4,43.19,245,944.0,4.428,157.1,No Failure,0
H,301.61,310.06,1463.2,39.67,175,388.2,3.264,142.4,No Failure,0
L,302.72,313.1,1231.5,48.43,56,629.5,2.542,162.64,No Failure,0
L,299.15,309.87,1578.2,39.25,75,855.4,2.02,145.73,No Failure,0
H,299.4,309.61,1511.2,27.11,236,1659.5,4.157,145.98,No Failure,0
L,303.42,313.92,1575.9,24.99,37,766.4,1.844,154.21,No Failure,0
M,301.27,309.33,1428.1,37.07,179,1037.5,3.536,134.32,No Failure,0
L,295.56,304.57,1541.7,41.2,8,170.3,1.499,143.35,No Failure,0
H,300.91,312.28,1253.3,64.72,174,508.7,4.039,148.07,No Failure,0
H,298.84,308.56,1289.7,38.8,86,555.3,2.553,142.24,No Failure,0
L,301.8,314.02,1521.5,40.47,4,1510.6,1.866,155.67,No Failure,0
M,300.82,309.54,1465.1,35.96,12,1535.4,2.023,140.16,No Failure,0
L,296.52,308.08,1448.4,46.19,46,234.4,2.031,142.65,No Failure,0
M,300.54,309.93,1552.5,42.8,247,405.6,4.51,160.61,No Failure,0
M,300.42,311.28,1462.2,33.62,243,907.4,4.125,149.5,No Failure,0
H,300.73,310.43,1576.3,29.89,58,603.9,1.62,158.29,No Failure,0
L,301.15,311.27,1462.7,35.98,75,527.0,2.76,156.43,No Failure,0
L,302.99,313.59,1656.3,31.57,31,483.1,1.579,170.81,No Failure,0
M,300.83,310.21,1525.6,37.69,125,851.5,2.862,144.08,No Failure,0
M,300.05,310.85,1486.6,41.41,205,853.8,3.749,134.48,No Failure,0
L,302.3,312.03,1428.4,34.99,133,440.6,2.541,130.1,No Failure,0
L,304.49,314.66,1451.2,54.54,199,490.1,4.139,142.45,No Failure,0
L,301.83,309.18,1486.2,51.59,242,629.4,4.119,162.42,Overstrain Failure,1
H,300.41,310.08,1449.4,37.7,249,731.6,3.66,157.46,No Failure,0
L,300.87,312.13,1591.0,30.36,82,57.9,1.98,147.53,No Failure,0
L,300.51,311.21,1555.3,39.7,60,370.9,1.649,175.65,No Failure,0
H,300.04,310.92,1710.3,38.66,122,420.3,2.392,134.27,No Failure,0
L,304.33,314.38,1540.2,39.37,12,606.7,2.003,161.62,No Failure,0
M,298.5,310.18,1531.8,36.02,112,841.6,2.18,143.19,No Failure,0
L,302.31,312.6,1569.9,29.51,180,393.1,3.292,170.92,No Failure,0
H,299.75,309.09,1488.6,40.35,48,576.1,1.911,145.07,No Failure,0
M,297.04,307.89,1597.1,36.49,201,108.8,3.863,162.84,No Failure,0
H,299.62,310.55,1441.6,37.38,213,1713.6,3.67,147.53,Tool Wear Failure,1
L,298.91,309.54,1576.4,40.94,87,208.6,2.126,180.24,No Failure,0
M,301.16,310.75,1366.8,39.31,76,2232.0,2.52,152.67,No Failure,0
M,300.18,310.46,1554.2,40.72,233,797.1,3.828,150.01,No Failure,0
L,297.96,309.35,1616.8,36.03,204,1239.0,3.76,154.01,No Failure,0
L,302.94,313.42,1543.7,43.6,192,651.4,3.688,158.3,No Failure,0
L,302.18,310.7,1581.8,32.82,84,861.4,1.978,169.25,No Failure,0
H,303.17,312.54,1622.6,29.12,102,854.0,2.362,167.67,No Failure,0
M,300.47,309.8,1535.2,31.1,173,1324.4,2.979,126.16,No Failure,0
M,299.93,309.17,1452.9,33.23,179,942.3,3.175,146.75,No Failure,0
M,301.41,309.3,1625.5,27.12,60,189.0,1.899,142.46,No Failure,0
M,298.85,310.74,1641.6,23.07,0,140.0,0.782,159.13,No Failure,0
L,300.26,309.38,1542.9,45.03,14,283.8,1.928,143.03,No Failure,0
L,299.65,308.84,1385.3,52.74,84,658.8,2.594,174.0,No Failure,0
M,297.08,305.14,1469.7,45.58,116,1364.0,2.487,139.84,No Failure,0
L,300.25,311.12,1564.5,35.17,42,389.6,1.572,132.24,No Failure,0
H,299.12,309.03,1688.8,22.84,7,188.5,0.803,152.18,No Failure,0
H,299.51,309.16,1570.0,41.92,76,267.9,2.981,159.07,No Failure,0
L,300.73,310.43,1542.7,23.93,217,2327.6,3.436,138.07,No Failure,0
M,302.55,313.13,1570.1,39.13,52,1285.5,2.212,165.21,No Failure,0
L,298.3,307.82,1547.7,32.0,165,264.0,3.52,142.44,No Failure,0
H,299.33,307.34,1740.3,17.19,178,516.0,3.741,145.8,Power Failure,1
H,298.47,307.18,1514.6,54.81,155,716.7,3.231,151.39,No Failure,0
H,298.34,307.0,1410.7,27.44,207,938.6,3.26,143.11,No Failure,0
L,298.81,309.09,1637.8,36.44,71,3449.9,1.935,173.51,No Failure,0
L,299.61,310.54,1499.7,38.71,45,660.8,1.976,134.33,No Failure,0
L,301.17,312.64,1460.6,35.3,40,339.0,1.361,132.12,No Failure,0
L,300.64,309.01,1423.5,44.65,104,1762.7,3.123,141.22,No Failure,0
L,297.89,308.51,1466.4,32.59,130,2520.2,2.9,136.13,No Failure,0
L,302.59,311.97,1515.1,43.82,149,596.5,3.102,130.85,No Failure,0
H,301.89,314.81,1381.4,43.19,220,981.0,3.423,153.05,Tool Wear Failure,1
L,298.2,309.58,1718.6,26.22,36,649.5,2.114,135.82,No Failure,0
L,302.45,314.15,1543.4,42.36,152,997.4,3.033,148.32,No Failure,0
H,300.65,311.46,1604.8,29.46,90,1194.5,2.809,144.03,No Failure,0
M,299.69,310.07,1410.0,28.34,172,846.5,2.995,166.4,No Failure,0
M,300.72,310.31,1357.7,42.91,48,1615.0,2.159,134.82,No Failure,0
M,299.95,309.35,1525.5,35.92,4,834.0,1.183,155.19,No Failure,0
H,301.09,310.29,1467.9,43.73,140,328.6,3.436,149.22,No Failure,0
M,300.37,310.99,1554.0,43.82,76,1520.3,1.934,141.78,No Failure,0
M,299.33,310.89,1352.1,25.72,225,1606.8,3.797,148.74,No Failure,0
M,295.95,305.59,1372.4,47.41,182,71.8,3.982,154.8,No Failure,0
L,301.05,310.33,1552.5,42.85,115,2684.1,2.307,131.71,No Failure,0
L,299.25,307.77,1516.6,34.13,95,300.3,2.712,152.02,No Failure,0
L,301.56,311.8,1468.8,38.64,167,598.9,3.674,150.23,No Failure,0
L,300.96,312.19,1293.4,47.69,115,507.0,3.033,159.73,No Failure,0
M,299.3,310.58,1620.8,36.8,180,367.2,3.512,155.16,No Failure,0
L,302.05,313.42,1287.1,61.15,182,898.8,3.958,169.72,Overstrain Failure,1
L,300.41,310.83,1479.2,54.91,247,221.5,4.388,163.3,Overstrain Failure,1
L,300.33,310.42,1622.6,41.17,77,753.1,2.086,147.31,No Failure,0
H,299.72,311.01,1636.8,37.72,156,1257.9,3.098,166.81,No Failure,0
L,303.37,312.26,1511.9,38.15,123,679.1,2.702,152.42,No Failure,0
M,298.57,308.13,1504.5,33.99,46,1773.9,2.503,162.81,No Failure,0
H,299.35,311.07,1440.3,41.25,57,215.5,2.175,149.19,No Failure,0
L,297.53,306.45,1622.1,46.88,2,496.7,1.748,154.59,No Failure,0
M,301.45,311.42,1588.9,26.51,74,333.3,2.127,128.83,No Failure,0
L,298.84,309.47,1543.4,46.43,34,1179.1,2.204,152.5,No Failure,0
L,299.06,309.14,1468.7,49.34,46,712.1,2.014,157.16,No Failure,0
M,298.97,310.12,1417.2,45.72,31,524.0,2.31,157.26,No Failure,0
H,300.13,311.65,1487.6,38.7,0,1282.8,1.55,129.45,No Failure,0
L,297.5,307.98,1564.1,45.31,130,2074.9,3.227,145.51,No Failure,0
M,295.51,306.9,1398.9,52.99,232,979.0,3.909,140.45,Overstrain Failure,1
L,300.92,309.99,1463.8,39.42,109,1430.7,2.638,149.46,No Failure,0
M,295.77,305.62,1425.5,40.24,126,56.5,3.311,124.18,No Failure,0
M,301.71,314.11,1358.2,61.33,153,1007.6,4.154,141.2,No Failure,0
M,303.12,315.06,1428.9,43.07,145,3101.2,3.313,150.91,No Failure,0
M,299.67,308.39,1634.0,29.93,19,1000.8,1.253,144.4,No Failure,0
L,302.6,312.59,1659.1,48.73,111,1029.9,2.332,170.23,No Failure,0
M,299.95,310.09,1514.5,44.02,205,895.8,3.931,145.54,Tool Wear Failure,1
M,303.2,313.62,1714.8,33.45,54,619.1,2.604,149.1,No Failure,0
M,299.09,310.36,1524.0,28.96,27,541.1,1.533,129.47,No Failure,0
L,295.27,307.11,1542.5,42.39,160,664.2,3.191,137.92,No Failure,0
L,299.84,309.88,1617.8,39.4,170,960.7,3.371,160.05,No Failure,0
L,303.42,314.54,1723.7,27.56,181,293.0,3.917,142.77,No Failure,0
L,301.07,311.72,1622.2,39.12,173,659.1,3.37,148.56,No Failure,0
L,298.97,308.95,1513.6,38.49,74,1408.4,2.373,143.41,No Failure,0
L,300.66,308.96,1585.1,39.38,141,666.7,2.887,158.17,No Failure,0
M,301.94,312.96,1369.1,44.92,212,528.4,3.852,135.55,No Failure,0
L,299.83,310.43,1785.6,22.38,43,955.5,2.019,142.86,No Failure,0
H,305.25,315.64,1503.3,28.88,173,151.9,2.916,155.06,No Failure,0
M,298.97,307.98,1651.8,35.13,153,614.1,3.322,145.99,No Failure,0
M,302.01,313.96,1487.8,53.26,68,272.2,2.848,126.66,No Failure,0
L,301.52,311.68,1403.9,63.68,231,812.5,4.149,148.9,Power Failure,1
L,298.6,307.46,1685.5,40.05,41,466.2,2.253,129.54,No Failure,0
M,299.15,307.85,1591.1,40.46,201,974.6,4.239,149.14,No Failure,0
H,302.04,312.71,1576.1,15.57,142,625.0,2.168,159.97,Power Failure,1
L,300.29,311.0,1480.7,49.04,32,1072.0,2.059,142.59,No Failure,0
M,300.68,310.21,1294.0,44.5,110,752.1,2.87,161.92,No Failure,0
M,296.73,307.19,1469.1,42.83,82,253.6,2.595,157.78,No Failure,0
M,301.31,311.98,1561.7,27.54,104,277.6,2.108,159.67,No Failure,0
L,300.57,310.71,1399.0,59.8,197,201.2,3.593,129.53,Overstrain Failure,1
M,299.87,309.17,1304.3,55.21,160,876.6,3.285,146.36,No Failure,0
L,300.72,311.68,1405.1,42.94,49,511.9,2.181,157.32,No Failure,0
H,299.18,310.02,1465.7,49.92,185,534.2,3.51,143.08,No Failure,0
L,298.82,309.38,1601.6,40.51,178,1291.9,3.653,128.24,No Failure,0
L,299.52,308.68,1434.5,48.21,23,1448.7,2.359,161.66,No Failure,0
H,299.07,307.74,1813.7,26.93,229,759.7,3.373,160.5,No Failure,0
L,304.36,314.44,1651.0,17.26,1,252.1,1.257,165.78,Power Failure,1
L,301.82,312.75,1662.7,27.31,71,775.7,2.088,126.76,No Failure,0
L,298.06,309.1,1595.2,31.94,72,1576.0,2.924,147.03,No Failure,0
L,304.07,314.66,1520.6,33.56,23,372.8,1.576,144.26,No Failure,0
L,299.13,308.68,1582.2,44.48,165,1304.5,3.464,137.53,No Failure,0
L,300.06,309.25,1440.5,37.43,115,1478.0,3.299,151.48,No Failure,0
M,301.79,311.78,1315.5,39.71,203,1645.9,3.029,153.21,Tool Wear Failure,1
M,296.06,306.05,1583.4,28.15,78,823.0,2.588,146.08,No Failure,0
L,299.53,310.63,1578.6,27.29,213,969.5,3.292,169.2,No Failure,0
M,298.85,308.37,1592.4,40.41,127,399.5,2.444,125.53,No Failure,0
L,300.41,310.01,1430.9,34.58,1,440.8,1.598,154.69,No Failure,0
H,300.74,312.8,1546.8,40.05,75,621.5,2.414,133.78,No Failure,0
L,299.85,311.4,1492.7,45.44,90,76.2,2.796,150.86,No Failure,0
M,299.75,308.87,1397.9,56.39,125,207.7,3.406,154.81,No Failure,0
L,302.13,313.6,1595.6,39.8,176,965.7,3.326,165.41,No Failure,0
M,300.6,309.48,1352.8,58.13,39,1525.3,2.883,146.09,No Failure,0
L,300.08,309.65,1472.2,44.06,201,447.0,4.112,151.53,No Failure,0
M,300.3,309.98,1485.4,46.9,43,174.2,2.306,122.53,No Failure,0
L,303.67,313.59,1406.6,50.53,248,867.3,4.401,163.39,Overstrain Failure,1
H,300.35,310.97,1320.6,47.2,96,492.3,3.063,156.73,No Failure,0
M,298.97,309.08,1527.2,31.98,234,575.8,3.796,151.56,No Failure,0
M,296.18,306.8,1390.0,50.83,22,597.8,1.672,151.61,No Failure,0
H,297.13,306.73,1479.3,36.26,50,390.2,1.998,141.77,No Failure,0
H,299.07,309.44,1447.4,43.02,245,302.8,4.013,144.17,No Failure,0
L,299.78,309.86,1505.5,41.33,41,2232.6,2.083,140.93,No Failure,0
L,298.89,307.5,1383.8,51.44,80,1237.3,2.279,139.06,No Failure,0
L,300.7,311.19,1545.4,43.93,140,1147.4,2.768,151.93,No Failure,0
L,298.86,308.96,1689.2,26.14,49,24.5,2.163,166.77,No Failure,0
M,298.17,307.46,1168.0,60.92,86,271.7,2.906,144.19,No Failure,0
H,301.23,310.8,1304.2,48.35,175,1089.0,3.438,151.4,No Failure,0
H,302.74,312.34,1327.6,34.5,119,171.8,2.558,147.67,No Failure,0
M,297.79,307.54,1566.3,28.63,105,675.5,2.383,147.52,No Failure,0
M,300.49,312.25,1393.8,49.49,167,695.7,3.518,146.39,No Failure,0
H,296.19,308.28,1595.1,29.81,239,465.2,3.298,168.76,No Failure,0
H,297.05,304.32,1511.8,48.01,210,891.7,3.748,148.71,No Failure,0
L,298.82,309.31,1410.6,50.69,13,405.6,2.011,160.73,No Failure,0
M,302.27,313.22,1497.7,33.5,157,405.6,3.004,149.33,No Failure,0
H,298.44,308.23,1558.7,32.61,119,246.1,2.128,170.62,No Failure,0
L,298.37,309.3,1493.2,35.3,107,1654.2,2.592,165.46,No Failure,0
L,300.07,311.73,1446.1,30.11,58,285.9,1.98,159.59,No Failure,0
H,300.07,308.7,1567.8,42.3,66,439.8,2.106,158.59,No Failure,0
H,298.43,308.56,1508.4,43.72,175,629.1,3.156,157.55,No Failure,0
H,303.97,315.93,1572.2,47.27,243,495.1,4.244,144.18,No Failure,0
M,299.47,308.23,1455.3,31.67,136,1665.5,2.835,152.96,No Failure,0
L,300.23,310.11,1287.5,48.4,52,1281.7,2.436,178.1,No Failure,0
L,299.2,308.75,1494.8,30.12,59,608.7,2.626,155.2,No Failure,0
M,300.88,311.93,1468.7,48.39,47,607.5,2.42,142.81,No Failure,0
M,302.47,313.66,1696.2,25.13,131,346.7,2.404,132.45,No Failure,0
M,303.33,313.49,1400.3,55.68,177,52.8,4.07,144.21,No Failure,0
M,298.48,308.51,1554.6,34.78,194,165.7,3.369,136.13,No Failure,0
L,302.2,310.48,1529.0,45.99,161,1624.3,3.265,154.4,No Failure,0
M,301.1,312.52,1404.4,46.78,243,975.5,3.904,133.59,No Failure,0
L,301.95,311.6,1696.6,27.3,223,411.3,3.758,131.95,Tool Wear Failure,1
L,299.82,309.67,1611.8,48.35,56,879.7,2.247,152.31,No Failure,0
L,299.63,310.6,1448.4,34.49,228,2676.3,4.045,131.71,No Failure,0
L,301.87,312.07,1501.6,36.94,13,1060.1,1.857,152.37,No Failure,0
H,301.91,312.91,1428.5,33.3,186,237.1,3.086,169.12,No Failure,0
L,303.13,313.73,1284.0,56.14,141,554.5,3.06,154.79,No Failure,0
L,300.4,310.6,1628.9,28.3,7,907.1,1.523,158.42,No Failure,0
M,299.79,310.1,1313.9,44.3,77,1511.6,2.842,157.13,No Failure,0
M,295.08,303.96,1479.7,33.76,216,674.7,3.967,126.9,Tool Wear Failure,1
L,296.78,306.63,1507.5,50.91,186,568.9,4.149,123.49,No Failure,0
L,299.21,310.3,1334.4,63.21,141,405.5,3.538,155.26,No Failure,0
L,297.8,306.9,1619.5,33.7,192,184.8,3.682,158.13,No Failure,0
M,301.63,310.91,1372.4,41.4,48,1133.7,2.465,155.54,No Failure,0
L,297.38,306.5,1536.9,36.15,47,549.3,2.612,153.55,No Failure,0
L,299.0,309.15,1586.8,50.38,154,179.4,3.488,141.73,No Failure,0
L,299.08,310.48,1460.3,37.51,111,355.6,2.565,154.71,No Failure,0
M,302.41,312.96,1383.6,49.06,56,785.5,2.709,160.58,No Failure,0
L,298.78,306.61,1584.2,36.02,5,687.8,1.195,144.15,No Failure,0
H,300.9,311.55,1239.5,62.44,109,1018.4,3.485,140.25,No Failure,0
L,300.39,309.95,1739.9,18.08,181,435.1,3.397,133.6,Power Failure,1
M,301.81,312.32,1308.2,43.77,95,625.8,2.953,134.16,No Failure,0
L,301.7,311.55,1282.5,39.89,136,141.6,2.699,144.8,No Failure,0
L,299.93,309.07,1532.0,39.53,48,383.9,2.161,152.08,No Failure,0
L,296.61,306.54,1389.0,42.85,244,1298.4,4.448,166.76,No Failure,0
H,299.54,309.1,1444.4,40.58,202,758.6,3.814,142.81,No Failure,0
H,299.96,310.27,1561.4,42.19,84,506.1,2.519,135.45,No Failure,0
L,300.57,309.69,1523.5,44.08,121,1105.3,2.98,153.12,No Failure,0
L,298.52,307.4,1249.6,57.49,164,828.6,4.538,143.49,No Failure,0
H,302.28,313.01,1768.0,12.34,36,1362.4,1.134,164.75,Power Failure,1
M,300.03,311.14,1325.2,58.47,143,226.4,3.043,158.64,No Failure,0
L,298.16,308.74,1332.8,65.6,59,864.5,2.443,156.83,Power Failure,1
L,299.08,308.43,1638.3,22.49,138,741.8,3.292,133.22,No Failure,0
M,303.86,313.12,1360.9,40.48,124,1261.6,3.09,142.66,No Failure,0
M,301.33,310.65,1326.1,53.71,106,354.2,2.791,162.09,No Failure,0
M,302.1,312.99,1209.4,49.19,159,935.1,4.066,147.17,No Failure,0
H,297.92,307.09,1382.6,56.76,93,16.9,2.548,123.34,No Failure,0
L,298.62,309.51,1506.0,43.72,192,1206.9,3.44,169.97,No Failure,0
L,298.64,309.27,1599.2,19.67,57,1012.6,1.433,146.21,Power Failure,1
L,300.37,311.61,1385.2,53.05,11,274.7,2.015,153.7,No Failure,0
L,299.65,310.72,1361.5,46.35,172,626.4,3.611,154.95,No Failure,0
L,299.02,309.56,1495.8,54.66,149,231.8,3.45,148.43,No Failure,0
L,299.27,307.8,1507.0,24.66,175,742.4,3.424,164.2,No Failure,0
L,298.41,309.02,1569.3,27.84,97,1165.9,2.229,147.98,No Failure,0
M,299.64,309.76,1381.8,40.16,166,1108.7,3.2,146.11,No Failure,0
L,302.23,311.85,1414.5,53.33,11,860.2,2.089,179.42,No Failure,0
L,296.97,308.34,1464.5,56.12,244,153.5,4.935,130.45,Overstrain Failure,1
M,300.69,310.54,1371.2,32.74,220,953.8,3.815,151.92,No Failure,0
M,302.76,312.23,1591.4,35.94,81,913.2,2.264,154.55,No Failure,0
M,299.63,310.76,1417.1,68.72,75,1085.8,3.186,157.32,Power Failure,1
H,298.94,308.54,1555.8,34.47,40,327.9,1.847,173.4,No Failure,0
M,301.85,311.27,1385.2,46.75,241,431.2,4.243,151.66,No Failure,0
L,298.03,306.9,1532.7,35.48,14,2369.9,1.618,136.74,No Failure,0
L,299.95,309.13,1412.9,44.75,206,221.2,3.409,152.96,No Failure,0
M,297.92,307.19,1746.1,31.34,33,788.3,1.582,149.37,No Failure,0
L,296.26,306.88,1642.2,31.62,242,313.4,4.331,164.09,No Failure,0
L,299.7,308.68,1610.7,36.29,66,559.9,2.296,158.44,No Failure,0
L,297.47,305.62,1737.6,34.55,109,620.1,2.646,147.53,No Failure,0
L,299.98,310.28,1645.3,36.96,14,938.3,1.708,144.41,No Failure,0
L,302.23,311.6,1447.0,45.26,73,694.9,2.367,154.86,No Failure,0
L,303.71,313.69,1351.1,58.9,235,81.2,4.36,153.33,Overstrain Failure,1
H,300.19,311.47,1759.6,34.09,147,345.7,2.858,130.91,No Failure,0
H,302.04,312.11,1512.5,30.12,81,520.6,2.307,133.11,No Failure,0
L,300.8,312.31,1483.8,40.1,222,1194.1,3.524,155.66,No Failure,0
H,299.23,309.17,1476.9,31.49,232,434.8,3.975,138.25,No Failure,0
L,296.15,307.16,1467.2,23.65,102,657.3,2.288,133.35,No Failure,0
H,303.25,312.71,1335.7,50.64,94,771.5,2.385,153.81,No Failure,0
H,297.9,308.01,1416.1,40.81,208,746.9,3.625,135.49,No Failure,0
L,302.77,311.83,1429.5,41.78,135,668.2,2.884,146.68,No Failure,0
M,301.07,310.26,1709.3,20.73,71,277.7,2.242,158.88,No Failure,0
H,298.05,307.82,1545.7,34.15,148,435.1,2.928,136.05,No Failure,0
H,300.62,309.3,1704.3,25.84,90,1139.4,1.996,156.23,No Failure,0
H,304.27,314.43,1515.2,39.8,99,1296.5,2.003,159.56,No Failure,0
M,303.07,312.77,1505.4,41.34,165,1409.1,3.117,137.67,No Failure,0
L,298.97,309.21,1463.1,41.34,89,382.2,2.884,168.06,No Failure,0
H,298.58,307.26,1728.6,33.33,131,482.8,2.93,140.54,No Failure,0
M,300.2,310.9,1530.1,31.47,165,854.5,2.833,153.63,No Failure,0
M,299.67,311.37,1598.0,38.07,227,1996.3,3.793,137.23,No Failure,0
L,302.4,313.89,1365.0,43.57,225,2848.7,3.96,140.07,No Failure,0
M,301.48,313.38,1524.4,34.21,221,381.6,4.18,167.22,No Failure,0
L,296.62,306.66,1755.7,30.63,186,337.3,3.289,170.45,No Failure,0
M,300.92,310.57,1633.2,31.05,114,185.6,2.417,161.14,No Failure,0
L,299.64,310.13,1426.7,33.42,110,972.6,2.687,144.02,No Failure,0
M,300.07,309.84,1443.3,35.47,16,158.7,1.874,137.38,No Failure,0
H,300.5,308.76,1732.0,29.02,196,900.4,3.583,127.97,No Failure,0
L,302.4,313.22,1543.6,35.54,233,917.9,4.078,152.16,No Failure,0
M,301.96,311.72,1376.3,52.36,158,1793.8,4.083,128.61,No Failure,0
L,298.5,307.03,1453.4,37.05,232,328.4,3.512,145.45,No Failure,0
H,299.88,309.37,1570.5,27.61,127,79.8,2.596,155.67,No Failure,0
M,299.1,308.89,1807.9,17.42,28,200.2,1.438,138.42,Power Failure,1
L,296.64,306.65,1290.1,58.36,221,526.5,3.805,148.64,Overstrain Failure,1
L,299.78,309.81,1354.7,51.39,101,322.4,2.516,144.05,No Failure,0
L,303.69,315.06,1531.2,42.85,126,441.1,2.853,155.48,No Failure,0
L,296.58,305.29,1313.4,51.63,153,1127.7,3.266,149.59,No Failure,0
H,299.95,309.8,1373.6,45.28,109,458.8,2.654,141.46,No Failure,0
M,299.89,309.01,1506.6,39.24,109,479.1,2.149,133.22,No Failure,0
L,300.58,311.83,1602.0,27.6,166,770.6,2.688,173.03,No Failure,0
H,298.07,307.51,1274.5,59.09,79,382.5,2.613,141.93,No Failure,0
L,297.15,306.81,1577.5,35.63,108,910.2,2.53,138.91,No Failure,0
H,297.24,308.29,1550.3,36.18,37,1161.5,1.991,163.96,No Failure,0
L,302.66,313.99,1319.4,40.37,71,336.9,2.248,147.99,No Failure,0
M,298.03,309.51,1565.9,40.55,180,1702.6,3.22,161.16,No Failure,0
H,299.0,307.36,1402.8,45.75,128,169.3,3.111,149.74,No Failure,0
L,304.21,314.69,1535.8,44.6,91,210.5,2.688,152.76,No Failure,0
M,298.53,308.8,1733.3,34.23,234,483.2,3.555,155.58,No Failure,0
H,300.68,310.63,1491.9,40.26,50,224.3,2.702,149.26,No Failure,0
L,302.13,312.19,1398.5,45.43,125,770.2,2.283,137.7,No Failure,0
L,302.03,313.32,1677.1,33.38,16,2694.4,1.835,144.38,No Failure,0
M,297.34,308.38,1308.7,54.47,247,487.8,4.64,123.83,Overstrain Failure,1
L,298.57,309.47,1671.9,39.8,210,463.1,4.016,157.78,No Failure,0
L,300.6,310.81,1330.4,55.98,205,210.5,4.076,140.85,Overstrain Failure,1
L,303.86,316.13,1554.9,26.08,67,3090.4,1.589,134.94,No Failure,0
M,298.48,308.08,1660.6,46.55,121,1683.1,3.535,157.44,No Failure,0
L,299.01,307.4,1603.9,31.1,113,1279.5,2.151,149.61,No Failure,0
L,300.84,310.57,1696.7,33.66,84,569.4,1.999,163.44,No Failure,0
H,301.24,311.3,1425.3,49.05,5,1400.8,1.677,124.37,No Failure,0
M,301.36,312.66,1509.5,37.72,161,983.3,2.792,145.57,No Failure,0
H,298.31,307.8,1168.0,65.97,4,384.9,1.789,142.71,No Failure,0
L,298.94,309.43,1549.6,45.18,238,3035.7,3.824,159.24,No Failure,0
H,300.43,308.95,1590.3,33.04,36,98.0,1.243,152.1,No Failure,0
M,302.52,313.61,1448.4,45.2,103,521.7,2.774,169.31,No Failure,0
L,299.52,309.59,1572.2,37.63,75,350.2,2.175,170.35,No Failure,0
H,299.96,309.67,1436.9,48.32,53,39.7,2.226,158.22,No Failure,0
L,297.95,310.08,1438.8,37.04,246,96.7,4.09,153.35,No Failure,0
L,303.73,314.8,1500.1,44.07,32,2003.4,1.967,133.2,No Failure,0
L,300.31,309.27,1467.0,41.98,200,438.5,3.448,156.95,No Failure,0
M,302.16,312.05,1560.4,40.78,129,541.6,3.046,175.43,No Failure,0
L,300.06,312.8,1391.4,50.42,169,449.8,3.42,165.63,No Failure,0
L,300.17,312.15,1602.1,21.97,111,467.1,2.11,143.4,No Failure,0
L,297.0,307.92,1443.2,40.98,1,90.0,1.589,146.57,No Failure,0
L,295.7,303.85,1476.5,32.99,128,853.0,3.124,171.43,No Failure,0
L,302.5,313.84,1560.9,26.51,6,938.3,1.222,136.45,No Failure,0
M,300.16,309.52,1605.9,31.62,121,400.7,2.841,153.15,No Failure,0
L,300.41,311.74,1482.1,33.8,144,1164.7,2.622,142.06,No Failure,0
L,297.5,306.78,1413.0,37.65,143,2029.3,2.993,144.36,No Failure,0
M,298.19,308.68,1544.1,43.37,177,106.3,3.522,154.84,No Failure,0
L,302.12,311.48,1444.2,45.42,78,560.4,2.23,157.06,No Failure,0
M,303.48,313.12,1601.8,35.91,246,846.5,3.874,144.21,No Failure,0
L,298.76,309.38,1353.4,55.85,118,120.6,2.815,160.45,No Failure,0
L,301.34,310.02,1478.2,36.29,173,1702.7,3.002,158.78,No Failure,0
L,300.38,312.75,1498.8,20.54,106,1072.0,2.268,159.29,Power Failure,1
L,299.76,308.73,1425.9,36.55,91,1086.1,2.925,152.59,No Failure,0
L,303.7,312.62,1417.7,40.47,131,1706.7,3.046,167.98,No Failure,0
H,299.09,309.72,1787.1,7.27,208,548.5,3.037,138.02,Power Failure,1
L,302.48,313.77,1393.6,52.07,112,560.0,3.389,152.12,No Failure,0
M,300.76,310.44,1415.6,39.01,16,690.3,1.35,145.73,No Failure,0
M,299.97,308.89,1341.9,28.48,162,905.4,3.397,154.2,No Failure,0
L,302.74,311.82,1618.4,30.4,87,945.1,2.17,163.37,No Failure,0
M,300.58,309.55,1518.0,47.62,177,287.6,3.612,134.4,No Failure,0
L,299.81,310.12,1516.1,48.84,208,203.6,4.066,150.07,No Failure,0
L,302.76,312.69,1465.1,33.51,100,1006.6,2.621,143.45,No Failure,0
L,302.5,312.92,1700.8,26.45,231,946.5,3.537,164.36,No Failure,0
M,302.4,312.77,1540.5,41.31,182,1423.4,3.703,168.93,No Failure,0
H,292.22,303.05,1525.4,43.14,168,1242.7,3.228,136.2,No Failure,0
L,300.88,310.47,1399.9,45.65,228,157.7,3.876,157.21,No Failure,0
M,300.42,309.69,1533.1,34.37,219,207.3,3.67,190.03,No Failure,0
M,299.93,310.09,1674.6,38.78,192,322.8,3.654,152.58,No Failure,0
L,301.22,311.16,1649.4,40.2,247,762.5,3.783,149.68,No Failure,0
M,300.52,310.77,1418.3,49.67,193,1614.7,3.466,155.0,No Failure,0
M,301.36,310.64,1410.9,53.29,213,762.2,3.485,161.04,No Failure,0
H,299.46,310.11,1174.4,56.01,183,614.3,3.674,166.82,No Failure,0
H,303.0,311.82,1504.2,53.02,114,219.0,3.325,168.86,No Failure,0
L,301.56,311.12,1422.0,58.13,98,591.8,3.915,138.15,No Failure,0
L,301.09,312.21,1450.0,50.13,201,1071.3,3.895,164.2,No Failure,0
M,300.99,309.86,1492.9,34.11,238,477.3,4.364,149.4,No Failure,0
L,302.31,313.36,1383.3,55.34,145,419.5,3.376,147.92,No Failure,0
L,302.04,310.63,1742.0,26.24,48,1340.5,1.846,146.87,No Failure,0
H,299.77,308.19,1343.4,63.64,202,916.5,4.064,158.97,Heat Dissipation Failure,1
L,301.98,310.49,1814.9,30.25,73,1238.1,2.131,143.84,No Failure,0
L,300.35,310.46,1502.0,48.88,183,336.1,3.605,166.35,No Failure,0
H,303.83,314.56,1301.8,54.44,51,1939.4,2.31,148.21,No Failure,0
L,302.2,313.49,1426.3,44.59,214,402.7,4.373,159.79,No Failure,0
L,298.75,309.96,1600.1,19.5,121,536.5,2.574,156.79,Power Failure,1
H,304.66,315.52,1653.0,30.52,92,1002.8,2.126,137.97,No Failure,0
L,295.8,304.96,1575.3,43.57,186,406.0,3.732,139.22,No Failure,0
L,301.27,310.43,1603.6,46.36,176,823.0,3.796,158.02,No Failure,0
L,298.61,309.4,1484.4,38.21,64,843.8,1.844,133.62,No Failure,0
H,303.76,315.19,1536.2,40.74,16,567.0,2.095,151.73,No Failure,0
L,300.51,309.47,1732.7,25.31,240,874.7,3.986,144.38,Tool Wear Failure,1
M,298.41,309.71,1497.5,57.74,242,464.0,4.497,145.06,Power Failure,1
L,299.47,307.55,1419.5,36.22,165,916.2,3.659,154.56,No Failure,0
L,298.57,308.96,1492.7,47.89,27,1074.8,2.34,165.85,No Failure,0
H,299.39,309.28,1280.3,54.04,234,673.0,4.109,156.48,No Failure,0
M,299.34,309.14,1538.2,28.45,115,1171.7,2.573,133.64,No Failure,0
H,298.5,308.53,1372.1,41.28,151,344.7,3.572,150.59,No Failure,0
L,300.54,309.69,1421.9,42.78,168,689.4,3.209,160.14,No Failure,0
M,300.78,311.23,1390.2,37.42,146,2121.3,2.905,146.07,No Failure,0
H,298.01,308.07,1319.4,49.27,57,678.1,2.457,148.77,No Failure,0
L,296.68,307.62,1472.0,33.33,241,572.5,3.827,143.42,No Failure,0
L,300.62,312.21,1522.9,40.55,132,251.9,3.69,163.35,No Failure,0
H,301.06,311.19,1532.7,36.29,236,368.2,4.312,137.89,No Failure,0
L,301.46,310.64,1168.0,63.26,33,636.8,3.069,145.02,No Failure,0
M,301.1,309.96,1799.7,33.37,173,1354.6,3.583,137.35,No Failure,0
H,303.15,314.84,1396.4,47.45,45,1128.0,2.28,159.48,No Failure,0
L,301.99,313.56,1236.6,57.97,28,306.5,1.66,137.63,No Failure,0
L,305.36,316.25,1625.9,30.82,219,846.2,3.728,141.06,No Failure,0
L,306.2,316.26,1492.0,40.95,29,680.1,1.588,146.19,No Failure,0
L,296.48,307.3,1505.8,30.14,10,719.6,1.048,151.45,No Failure,0
L,295.61,306.91,1696.2,19.87,8,1073.1,1.645,145.34,No Failure,0
M,299.99,309.37,1502.3,32.15,91,994.7,2.036,150.05,No Failure,0
L,301.01,311.04,1519.0,34.3,36,948.8,1.643,126.95,No Failure,0
M,299.85,308.74,1672.8,34.89,18,995.8,1.546,158.14,No Failure,0
L,301.41,311.28,1535.1,37.0,136,100.1,2.955,153.83,No Failure,0
L,299.46,311.0,1554.8,40.06,51,2173.1,2.104,150.81,No Failure,0
L,298.61,309.69,1548.8,28.03,111,703.7,2.706,120.05,No Failure,0
M,298.91,309.05,1485.7,43.52,25,1113.6,2.104,150.38,No Failure,0
L,299.6,306.91,1333.6,52.13,173,1356.3,3.111,141.75,Heat Dissipation Failure,1
L,301.69,311.03,1320.2,53.31,104,422.2,3.377,142.25,No Failure,0
H,299.03,309.13,1483.7,37.4,223,611.4,3.444,149.72,No Failure,0
M,299.42,309.21,1366.0,48.94,201,1362.4,3.495,164.36,Tool Wear Failure,1
L,301.14,311.17,1647.9,33.19,94,1622.6,2.94,172.08,No Failure,0
H,299.6,309.84,1579.6,36.57,83,687.7,2.345,164.44,No Failure,0
L,302.23,311.7,1261.8,43.99,217,148.6,4.195,148.42,No Failure,0
L,298.16,308.15,1682.0,36.65,91,330.0,2.664,169.43,No Failure,0
L,297.73,307.58,1658.8,27.36,224,470.9,3.728,167.76,No Failure,0
L,300.61,309.91,1536.4,48.33,24,827.9,1.799,150.88,No Failure,0
L,300.81,312.65,1550.9,31.71,169,885.7,3.067,127.77,No Failure,0
M,298.27,307.79,1407.1,34.8,111,1139.0,3.112,139.78,No Failure,0
L,302.69,310.43,1296.2,50.58,208,1309.3,3.687,123.89,Heat Dissipation Failure,1
H,303.85,315.63,1610.7,45.37,21,45.0,1.94,144.37,No Failure,0
H,298.74,307.9,1339.5,41.76,231,519.5,4.102,150.87,No Failure,0
M,302.97,313.87,1487.4,25.31,249,1297.7,3.679,129.48,No Failure,0
M,295.24,304.55,1554.1,28.37,114,1803.0,2.301,160.7,No Failure,0
M,302.15,312.72,1343.6,43.97,164,936.7,3.266,152.21,No Failure,0
H,298.28,308.24,1497.6,46.3,125,267.7,2.917,128.02,No Failure,0
L,301.95,312.95,1534.7,42.53,152,753.9,2.721,152.61,No Failure,0
L,298.08,307.86,1575.1,35.26,129,1475.7,2.878,128.6,No Failure,0
M,299.86,309.21,1485.3,34.93,165,189.9,3.548,175.0,No Failure,0
M,298.38,308.64,1508.7,42.16,115,279.0,1.789,134.62,No Failure,0
L,299.57,309.19,1760.7,27.48,247,287.1,3.875,138.68,No Failure,0
M,303.66,311.73,1363.6,40.92,237,990.4,3.088,144.61,Heat Dissipation Failure,1
L,299.78,309.18,1711.6,26.11,199,356.7,3.755,151.35,No Failure,0
H,304.22,317.09,1656.9,29.47,22,24.3,1.432,145.01,No Failure,0
L,299.23,307.41,1476.3,41.78,57,1484.7,2.209,131.04,No Failure,0
L,302.98,313.22,1468.3,45.83,90,653.1,2.313,150.92,No Failure,0
L,296.75,306.51,1504.8,43.42,31,2196.9,2.571,142.92,No Failure,0
L,299.43,311.26,1501.3,28.85,226,1098.1,4.262,142.69,No Failure,0
L,298.93,307.82,1502.8,21.29,68,667.7,1.572,169.05,Power Failure,1
L,303.08,313.18,1582.3,39.92,193,1200.7,3.16,145.06,No Failure,0
L,300.37,311.06,1539.9,21.01,226,324.4,3.732,145.86,Power Failure,1
L,295.82,305.64,1326.1,49.44,72,858.6,2.767,151.7,No Failure,0
L,297.38,306.61,1540.1,29.19,181,846.7,3.077,155.84,No Failure,0
L,297.97,307.95,1346.9,62.34,165,613.2,3.38,153.15,No Failure,0
L,301.87,311.56,1532.0,30.38,159,217.4,3.448,121.51,No Failure,0
L,301.61,311.3,1397.8,44.63,0,823.1,1.611,146.22,No Failure,0
L,299.4,310.33,1644.7,32.63,137,795.4,2.724,145.2,No Failure,0
L,298.9,309.31,1483.5,38.32,133,403.9,2.932,135.46,No Failure,0
L,301.43,311.98,1413.4,41.84,1,198.0,1.202,134.49,No Failure,0
M,297.74,308.07,1466.7,48.6,229,357.6,3.872,163.17,No Failure,0
H,300.92,311.88,1423.7,50.2,189,1902.0,3.39,151.41,No Failure,0
H,300.75,312.05,1444.4,47.27,154,431.0,2.688,143.38,No Failure,0
M,299.45,309.16,1456.9,50.38,90,818.6,2.447,153.87,No Failure,0
M,300.8,311.61,1536.9,33.84,227,785.7,3.728,164.48,No Failure,0
L,300.2,308.91,1524.1,46.49,106,597.1,2.547,156.13,No Failure,0
M,300.99,308.74,1398.7,36.59,18,1966.3,1.666,166.19,No Failure,0
M,297.33,309.16,1532.8,49.86,249,1046.3,3.963,153.08,Overstrain Failure,1
H,301.23,310.9,1408.6,41.16,133,963.5,3.132,158.15,No Failure,0
H,302.05,312.31,1303.1,46.2,147,678.9,3.486,147.2,No Failure,0
L,300.64,309.42,1405.7,42.91,171,428.1,3.563,164.37,No Failure,0
M,301.2,309.93,1407.7,47.6,41,698.2,2.205,170.23,No Failure,0
H,299.78,309.07,1498.5,31.92,8,1064.2,1.76,152.26,No Failure,0
L,301.78,312.43,1538.9,24.28,114,1220.6,2.237,134.57,No Failure,0
H,300.13,309.61,1511.8,49.89,216,1068.1,3.716,151.48,No Failure,0
L,297.7,307.37,1314.0,53.45,248,82.6,4.324,148.9,Overstrain Failure,1
H,301.64,310.9,1306.1,38.84,64,147.8,2.05,158.08,No Failure,0
M,296.73,307.9,1403.6,48.11,246,552.7,4.63,145.76,No Failure,0
L,300.57,311.43,1814.4,23.71,216,144.8,4.038,151.24,No Failure,0
M,299.23,308.75,1454.0,33.78,204,309.4,4.303,157.18,No Failure,0
L,299.1,309.79,1412.5,40.82,69,234.7,2.582,142.14,No Failure,0
M,300.34,310.1,1602.5,22.65,183,573.2,3.191,153.81,No Failure,0
M,298.58,308.24,1761.3,24.71,245,684.5,3.154,152.82,No Failure,0
M,301.02,310.97,1455.0,41.58,145,210.0,2.956,123.4,No Failure,0
H,300.11,310.76,1456.4,33.94,221,1601.0,3.466,148.32,No Failure,0
L,298.77,307.87,1560.4,36.53,69,864.6,2.02,132.32,No Failure,0
L,302.68,313.18,1558.5,35.94,214,657.2,4.064,166.61,No Failure,0
L,300.41,312.91,1646.5,27.16,44,1171.0,2.218,142.77,No Failure,0
L,301.26,311.44,1421.8,37.82,171,644.1,3.14,144.49,No Failure,0
L,302.83,312.87,1450.3,39.86,90,907.8,2.313,159.56,No Failure,0
L,302.8,312.72,1647.9,34.17,100,439.7,2.417,121.24,No Failure,0
L,301.16,311.64,1576.9,34.99,183,330.2,2.781,135.85,No Failure,0
L,299.39,307.78,1589.1,37.96,114,241.7,3.086,165.3,No Failure,0
H,297.14,308.84,1429.5,48.2,210,710.7,4.112,149.23,No Failure,0
L,300.41,311.39,1602.6,39.06,146,839.0,2.67,132.23,No Failure,0
H,302.19,311.54,1680.5,20.74,128,2426.9,2.129,140.64,No Failure,0
L,300.71,310.74,1548.4,28.06,66,78.7,2.52,133.77,No Failure,0
L,293.11,302.55,1492.5,49.32,161,648.6,3.65,141.87,No Failure,0
M,301.74,312.04,1476.1,33.14,64,1193.7,2.66,145.3,No Failure,0
L,301.86,311.92,1646.0,39.12,187,311.8,3.228,170.92,No Failure,0
L,299.4,309.63,1436.7,59.25,121,1388.7,3.743,136.82,No Failure,0
M,301.98,310.95,1423.1,46.32,132,1194.2,2.772,133.2,No Failure,0
L,301.26,310.77,1655.2,18.52,132,1455.1,2.549,146.39,Power Failure,1
L,298.63,309.78,1396.3,54.45,10,944.6,1.48,150.26,No Failure,0
M,302.54,312.01,1472.5,41.5,199,335.2,3.48,145.82,No Failure,0
L,297.47,304.82,1589.2,43.69,248,674.1,4.224,149.14,No Failure,0
H,299.89,309.73,1427.2,43.04,186,1282.8,3.412,169.31,No Failure,0
L,299.69,312.1,1291.7,49.13,45,364.7,2.437,136.58,No Failure,0
H,298.35,309.2,1483.1,39.2,156,151.5,2.915,147.49,No Failure,0
M,300.61,310.02,1686.3,25.18,40,211.6,1.719,166.86,No Failure,0
H,302.62,312.57,1565.4,43.24,163,1066.8,3.21,170.66,No Failure,0
H,302.5,313.18,1620.8,26.18,110,390.6,2.335,154.06,No Failure,0
L,301.45,309.69,1297.6,58.17,217,857.1,4.39,128.28,Heat Dissipation Failure,1
M,296.61,305.75,1525.0,36.38,145,1164.2,2.783,159.44,No Failure,0
L,297.33,307.73,1445.2,39.48,14,470.3,1.689,160.15,No Failure,0
H,300.33,311.93,1346.6,33.24,217,264.3,3.504,154.28,No Failure,0
M,299.93,309.49,1396.2,43.39,142,291.1,3.581,144.95,No Failure,0
L,299.0,310.57,1509.6,44.54,222,2220.9,3.911,141.41,No Failure,0
H,303.81,313.06,1529.9,33.21,15,310.2,1.616,161.19,No Failure,0
L,300.21,306.83,1436.0,44.53,59,901.9,2.206,155.08,No Failure,0
M,301.08,311.83,1594.2,40.68,27,1235.8,2.02,163.33,No Failure,0
M,301.98,312.52,1420.9,39.04,74,861.9,2.201,146.91,No Failure,0
L,300.11,310.85,1482.2,32.48,118,573.8,2.497,155.77,No Failure,0
M,305.18,315.88,1344.6,63.14,163,640.4,3.56,137.49,No Failure,0
H,298.12,308.31,1341.3,51.83,97,763.5,2.829,168.72,No Failure,0
L,298.79,308.53,1377.2,47.28,119,162.1,3.263,171.59,No Failure,0
M,298.11,307.89,1549.3,51.26,183,995.9,3.562,149.81,No Failure,0
L,303.13,312.66,1379.5,43.0,103,2006.7,2.299,128.54,No Failure,0
M,301.6,311.2,1462.0,36.51,204,12.7,3.125,164.73,No Failure,0
L,298.91,307.1,1750.9,13.57,28,359.6,2.224,174.94,Power Failure,1
H,298.27,307.06,1593.1,27.81,197,648.6,3.081,146.02,No Failure,0
H,302.77,312.61,1203.2,61.65,200,1558.5,4.604,145.88,No Failure,0
L,300.72,308.48,1567.7,51.6,144,1884.1,3.201,145.92,No Failure,0
L,302.82,310.81,1412.3,42.02,74,65.1,2.093,146.64,No Failure,0
M,299.88,309.55,1604.1,24.22,1,1151.6,1.271,163.34,No Failure,0
M,301.02,310.89,1488.5,46.35,246,1777.3,4.375,156.12,No Failure,0
L,300.6,310.29,1716.9,37.22,5,109.1,1.527,137.17,No Failure,0
L,298.75,306.37,1407.3,46.98,21,913.0,1.769,146.71,No Failure,0
L,299.71,311.26,1506.2,28.88,47,1785.1,1.38,153.62,No Failure,0
H,297.63,306.2,1584.0,35.1,48,513.9,1.794,142.42,No Failure,0
L,300.99,310.17,1617.1,48.85,67,828.3,2.568,155.27,No Failure,0
H,301.52,310.26,1358.0,59.28,53,482.9,2.052,151.48,No Failure,0
L,301.98,313.28,1527.0,33.42,115,916.6,2.487,163.4,No Failure,0
H,301.33,311.75,1615.2,30.0,224,1337.0,3.72,159.03,No Failure,0
L,299.74,309.27,1231.4,50.23,95,1510.3,3.113,144.6,No Failure,0
L,303.1,312.56,1545.4,27.4,35,381.4,1.365,150.51,No Failure,0
H,301.78,311.96,1430.8,28.12,37,212.5,2.344,140.81,No Failure,0
H,302.78,311.53,1446.3,42.66,212,912.3,3.911,174.77,No Failure,0
L,302.9,313.28,1287.0,60.86,24,1070.7,1.907,158.15,No Failure,0
L,299.75,309.2,1330.5,31.51,237,192.5,3.845,133.28,No Failure,0
L,300.78,311.3,1545.7,36.3,5,539.9,1.359,147.17,No Failure,0
L,301.55,312.03,1546.7,41.11,10,1722.9,1.252,130.49,No Failure,0
L,297.7,307.11,1520.4,35.27,17,530.0,1.627,144.89,No Failure,0
H,297.75,305.69,1503.8,22.33,230,1428.7,3.506,150.92,No Failure,0
L,297.4,307.15,1549.7,48.02,0,413.2,1.844,160.34,No Failure,0
M,299.78,308.33,1655.8,41.86,221,1427.9,3.563,162.05,No Failure,0
L,299.33,309.41,1506.7,43.67,8,659.3,1.49,133.56,No Failure,0
L,297.13,306.87,1479.5,38.58,179,561.4,3.644,152.11,No Failure,0
M,300.3,309.71,1348.2,55.13,111,691.0,3.241,153.85,No Failure,0
L,299.81,308.51,1579.4,34.95,61,346.7,1.736,151.03,No Failure,0
M,302.36,313.55,1594.3,29.23,168,196.7,2.563,131.95,No Failure,0
L,304.03,313.57,1406.1,56.64,178,514.0,3.377,140.23,No Failure,0
H,300.91,313.27,1716.4,18.01,104,1071.2,2.536,147.77,Power Failure,1
M,298.61,308.64,1445.9,38.46,26,121.4,0.962,159.29,No Failure,0
H,301.29,311.65,1432.0,39.24,65,1527.5,2.059,138.84,No Failure,0
L,300.02,310.06,1483.9,38.85,4,560.3,1.894,143.32,No Failure,0
L,299.52,309.86,1666.2,24.49,153,1093.3,2.878,146.83,No Failure,0
L,298.28,309.37,1454.5,28.15,89,506.9,2.207,130.38,No Failure,0
M,299.07,310.18,1402.8,49.58,158,1015.5,3.648,145.26,No Failure,0
L,299.64,307.88,1385.9,53.85,134,1061.5,3.15,154.55,No Failure,0
L,301.61,312.46,1489.6,35.83,177,1703.7,3.123,138.27,No Failure,0
L,301.02,311.52,1700.7,30.69,113,124.6,2.769,144.18,No Failure,0
L,303.65,313.69,1753.7,22.15,71,622.5,2.528,142.89,No Failure,0
L,301.35,313.06,1462.2,49.41,155,1338.6,2.655,157.64,No Failure,0
L,300.85,312.6,1579.4,50.0,239,640.4,3.954,130.02,Overstrain Failure,1
L,299.39,310.29,1803.9,11.89,173,565.1,2.676,143.24,Power Failure,1
M,297.93,307.38,1706.0,15.76,43,522.8,1.376,168.22,Power Failure,1
L,298.86,307.67,1446.1,41.37,64,711.2,2.286,163.38,No Failure,0
L,298.6,309.35,1443.1,42.66,240,1047.1,4.047,162.52,No Failure,0
M,294.88,306.24,1572.4,35.23,179,566.7,2.928,166.31,No Failure,0
M,297.98,305.95,1469.2,39.67,158,1354.6,3.345,138.35,No Failure,0
L,303.2,314.29,1383.3,37.53,180,813.9,3.314,165.23,No Failure,0
M,300.74,310.48,1463.6,40.26,68,596.9,2.66,124.81,No Failure,0
H,299.25,307.44,1664.6,30.99,230,712.7,4.04,143.29,Tool Wear Failure,1
M,300.8,311.27,1269.3,39.88,49,1329.4,2.024,157.48,No Failure,0
H,296.09,307.0,1680.2,33.26,235,391.7,3.974,152.28,No Failure,0
M,300.56,310.21,1612.3,32.42,57,529.5,1.33,152.64,No Failure,0
L,302.55,311.5,1628.3,21.33,78,418.0,1.368,138.35,No Failure,0
L,299.76,311.47,1539.9,38.24,161,537.0,3.502,116.02,No Failure,0
M,296.46,305.79,1522.3,48.03,124,680.2,2.959,154.55,No Failure,0
H,299.17,310.33,1529.1,36.74,239,1322.7,4.306,162.06,No Failure,0
L,302.56,311.05,1613.7,36.47,213,1045.8,3.988,151.23,No Failure,0
L,300.52,310.93,1476.1,52.56,216,668.4,3.551,152.87,Overstrain Failure,1
M,297.16,307.55,1433.8,50.25,142,648.9,3.421,154.35,No Failure,0
L,304.74,315.61,1261.3,57.35,245,930.2,4.162,139.77,Overstrain Failure,1
M,297.49,308.99,1310.6,62.57,181,506.9,3.77,148.04,No Failure,0
M,299.51,308.7,1311.5,40.59,80,379.2,2.029,135.63,No Failure,0
M,297.93,308.45,1632.7,28.43,149,937.9,3.157,162.19,No Failure,0
H,297.93,306.56,1503.9,34.79,96,389.8,2.602,122.04,No Failure,0
M,299.1,307.72,1398.8,45.73,68,315.0,2.214,146.63,No Failure,0
M,301.27,310.69,1443.8,54.4,186,2568.2,3.514,170.71,No Failure,0
M,302.58,312.99,1469.6,29.51,102,98.5,2.642,155.55,No Failure,0
H,299.23,310.9,1489.7,42.55,62,76.2,2.035,136.21,No Failure,0
H,297.98,309.84,1532.8,32.07,214,630.0,3.399,155.02,No Failure,0
L,300.96,310.6,1495.5,38.53,84,1000.4,2.191,159.54,No Failure,0
M,301.02,311.32,1538.5,38.38,185,582.2,3.195,151.88,No Failure,0
L,300.48,311.42,1633.6,43.81,71,507.7,2.59,156.75,No Failure,0
H,300.55,311.32,1373.3,60.32,95,2106.1,3.025,135.14,No Failure,0
M,299.77,309.61,1584.2,44.75,101,415.2,2.536,141.58,No Failure,0
L,300.2,310.27,1660.0,35.7,120,685.2,2.398,153.94,No Failure,0
L,299.64,309.53,1616.9,34.05,192,543.7,3.396,146.03,No Failure,0
L,302.14,311.93,1349.3,38.09,88,764.5,2.361,144.63,No Failure,0
M,304.46,314.12,1548.2,31.28,2,557.9,1.679,137.72,No Failure,0
L,300.36,310.24,1390.7,41.4,38,903.0,1.79,166.69,No Failure,0
L,299.99,309.58,1950.6,15.89,6,693.1,1.307,151.11,Power Failure,1
H,300.51,309.38,1426.6,37.89,228,492.7,3.761,161.65,No Failure,0
M,298.68,309.55,1375.8,38.68,0,219.3,1.66,123.71,No Failure,0
L,301.53,312.05,1343.5,28.39,230,28.7,4.155,161.19,No Failure,0
L,300.88,312.76,1437.3,36.18,159,969.0,3.035,136.33,No Failure,0
H,299.16,309.53,1421.5,51.2,2,318.7,2.496,146.67,No Failure,0
M,301.8,311.39,1502.5,51.92,91,692.8,2.684,152.24,No Failure,0
M,300.04,309.41,1446.3,34.67,193,218.6,3.111,173.7,No Failure,0
L,298.06,308.11,1563.6,45.23,117,1183.9,3.345,171.75,No Failure,0
L,300.7,311.26,1614.1,25.01,201,1148.4,3.855,149.14,No Failure,0
L,300.47,310.23,1480.0,37.04,116,341.5,2.42,155.04,No Failure,0
M,301.92,310.45,1497.1,42.31,90,1044.0,2.309,142.77,No Failure,0
L,301.66,310.92,1505.4,55.27,50,1177.8,2.651,150.48,No Failure,0
L,299.78,309.8,1409.2,51.93,166,1587.8,3.67,149.74,No Failure,0
M,299.06,309.8,1383.5,42.09,197,234.5,3.369,153.86,No Failure,0
H,300.0,308.52,1611.1,30.88,171,502.6,2.859,143.27,No Failure,0
M,300.73,310.99,1428.1,53.59,46,629.6,2.417,155.9,No Failure,0
L,300.97,311.19,1510.1,36.6,88,537.4,2.371,154.39,No Failure,0
L,300.6,310.15,1556.1,44.48,171,1770.0,3.573,137.13,No Failure,0
L,299.82,309.23,1303.8,38.77,53,917.8,2.278,148.7,No Failure,0
L,301.99,311.26,1372.8,59.92,184,305.5,4.113,143.63,Overstrain Failure,1
M,298.65,308.79,1619.4,33.9,230,2102.1,3.165,174.45,No Failure,0
L,304.96,316.09,1296.3,49.16,63,992.3,2.973,165.36,No Failure,0
M,301.53,312.72,1373.4,39.14,91,517.0,2.648,161.81,No Failure,0
H,297.75,306.62,1544.3,45.69,177,151.6,3.354,144.03,No Failure,0
H,300.37,310.18,1476.1,56.2,185,565.3,3.742,172.13,No Failure,0
L,301.55,309.35,1782.7,19.95,54,1525.2,1.934,145.88,No Failure,0
L,299.3,309.41,1442.9,39.35,121,674.6,2.867,141.48,No Failure,0
L,297.01,307.61,1589.6,31.06,131,536.6,2.806,177.2,No Failure,0
L,297.92,309.49,1494.3,44.46,208,919.0,3.741,158.01,No Failure,0
L,301.08,309.3,1291.0,46.91,179,598.7,4.029,140.58,Heat Dissipation Failure,1
L,296.49,305.4,1551.8,35.3,36,1087.7,1.968,145.37,No Failure,0
M,297.1,307.25,1554.2,34.78,36,1226.1,2.197,159.36,No Failure,0
L,301.07,309.46,1550.8,42.04,225,337.4,4.546,146.39,No Failure,0
H,299.55,309.73,1550.4,27.27,169,1387.4,3.324,148.94,No Failure,0
L,298.61,309.23,1585.9,43.33,215,336.8,3.907,170.18,No Failure,0
L,299.01,307.73,1572.6,31.82,33,754.7,1.214,142.08,No Failure,0
L,297.06,307.19,1595.2,47.34,132,1821.9,2.944,144.42,No Failure,0
L,300.97,309.76,1672.6,26.82,17,728.2,2.143,183.57,No Failure,0
L,298.39,309.76,1570.4,34.33,119,153.9,2.776,155.74,No Failure,0
H,298.93,309.14,1453.7,32.49,87,794.4,1.92,156.07,No Failure,0
L,300.69,310.05,1405.1,37.02,78,1118.6,2.256,168.53,No Failure,0
L,299.49,308.25,1534.0,53.76,54,1135.5,2.061,156.96,No Failure,0
M,298.59,308.98,1511.3,48.46,32,1365.6,1.952,165.93,No Failure,0
L,296.02,307.38,1512.7,35.2,37,775.0,1.753,133.17,No Failure,0
M,300.73,309.96,1500.9,35.19,133,1234.0,2.658,155.97,No Failure,0
L,300.16,309.72,1449.1,48.85,64,306.8,2.44,148.09,No Failure,0
H,298.97,308.21,1472.0,28.36,75,1071.6,1.504,156.23,No Failure,0
L,297.93,309.48,1456.1,40.22,190,488.0,3.703,123.66,No Failure,0
L,300.03,308.12,1603.6,33.94,101,1581.9,2.919,132.88,No Failure,0
M,300.96,312.25,1580.9,38.28,215,762.9,3.164,149.51,No Failure,0
H,300.2,309.82,1402.1,48.09,157,529.4,3.651,159.05,No Failure,0
L,303.28,313.2,1697.6,33.31,234,1243.7,4.003,134.4,No Failure,0
M,301.41,311.07,1516.1,49.74,175,716.1,3.654,143.47,No Failure,0
L,299.79,310.03,1254.8,62.0,237,148.9,4.424,154.36,Overstrain Failure,1
L,301.48,310.75,1336.9,46.04,181,282.3,3.598,148.9,No Failure,0
L,300.1,311.16,1560.2,39.16,157,2318.5,3.413,162.48,No Failure,0
M,300.09,311.19,1366.9,51.57,94,890.8,2.837,163.75,No Failure,0
L,302.59,311.61,1531.1,28.91,173,789.0,3.916,137.42,No Failure,0
M,298.2,308.87,1398.4,55.21,101,596.0,2.724,149.04,No Failure,0
L,300.05,309.69,1625.0,32.47,76,878.1,2.703,143.77,No Failure,0
H,302.38,312.43,1397.8,61.68,7,961.3,2.065,165.27,Power Failure,1
H,300.62,312.14,1562.3,32.83,223,192.9,3.568,160.87,Random Failure,1
L,299.26,308.59,1240.6,46.62,74,522.8,2.775,138.85,No Failure,0
L,296.59,307.51,1710.7,24.4,87,365.0,2.066,166.59,No Failure,0
L,295.46,305.92,1444.5,37.87,197,208.8,4.05,134.19,No Failure,0
H,304.15,313.96,1614.1,29.2,183,94.0,2.99,144.54,No Failure,0
L,300.62,310.98,1604.3,25.58,167,2464.6,3.363,137.04,No Failure,0
M,298.83,309.08,1605.5,52.06,196,3213.5,3.982,144.65,No Failure,0
L,300.7,309.54,1783.4,27.72,243,2426.9,3.735,123.22,No Failure,0
M,298.1,307.5,1517.5,32.65,244,1244.1,3.598,149.98,No Failure,0
L,299.34,308.29,1447.1,31.48,118,828.2,2.314,129.43,No Failure,0
M,298.12,307.84,1294.8,51.4,8,460.9,1.653,144.23,No Failure,0
H,297.17,308.52,1443.0,50.17,30,532.0,2.436,163.88,No Failure,0
L,295.79,306.37,1349.8,52.7,62,231.4,2.488,151.95,No Failure,0
H,296.8,305.37,1462.9,32.14,134,634.4,3.02,176.8,No Failure,0
L,302.04,311.77,1344.9,53.5,117,136.1,3.086,162.97,No Failure,0
L,298.03,308.26,1604.2,32.05,152,761.8,2.632,162.66,No Failure,0
H,301.07,311.81,1553.3,32.45,199,245.1,3.546,143.42,No Failure,0
M,301.91,311.26,1512.5,33.01,179,1302.5,3.434,146.7,No Failure,0
M,300.03,308.8,1520.9,33.38,181,494.9,2.753,156.37,No Failure,0
L,299.4,309.35,1492.7,39.09,212,1541.5,3.523,144.0,No Failure,0
L,300.27,310.84,1587.1,31.61,18,1555.6,1.368,150.18,No Failure,0
L,299.17,309.4,1506.8,42.31,97,1033.5,2.24,163.58,No Failure,0
M,302.41,311.52,1560.4,13.91,214,1723.7,3.262,151.71,Power Failure,1
L,303.75,315.51,1496.8,42.28,31,732.1,2.038,132.62,No Failure,0
L,302.9,312.8,1554.6,29.1,103,1477.7,2.806,158.32,No Failure,0
L,295.7,305.89,1462.3,33.31,196,888.9,3.668,144.94,No Failure,0
L,299.13,308.46,1518.1,33.55,213,1547.0,3.509,143.69,Tool Wear Failure,1
L,300.01,311.11,1528.6,49.43,205,808.5,3.748,179.13,No Failure,0
L,300.93,311.5,1532.4,45.05,220,1429.6,4.433,151.81,No Failure,0
H,296.55,306.86,1522.0,38.34,14,1363.8,1.859,175.2,No Failure,0
M,296.51,305.36,1476.5,32.85,229,801.4,4.092,141.04,No Failure,0
L,302.61,313.71,1315.0,47.83,122,352.8,2.553,142.0,No Failure,0
M,298.88,309.64,1271.7,57.95,196,1439.2,3.444,144.33,No Failure,0
H,297.03,308.04,1503.3,39.72,67,801.2,2.14,148.83,No Failure,0
L,297.79,307.83,1630.9,24.02,188,1496.9,3.454,146.41,No Failure,0
L,300.78,310.71,1497.6,32.97,34,468.1,2.277,138.13,No Failure,0
L,298.35,308.17,1534.3,45.59,127,137.8,2.753,161.32,No Failure,0
L,300.48,312.76,1570.0,35.57,9,109.9,1.76,151.22,No Failure,0
M,298.04,307.5,1330.1,31.41,139,344.9,2.942,160.16,No Failure,0
H,296.51,305.33,1582.0,30.98,247,1473.8,3.541,153.9,No Failure,0
L,302.85,312.48,1560.7,40.92,129,513.4,2.653,180.72,No Failure,0
M,300.8,310.26,1640.9,24.66,10,1003.4,1.36,151.84,No Failure,0
L,299.33,310.59,1555.1,39.65,128,974.6,2.49,161.83,No Failure,0
M,298.96,307.6,1469.2,40.88,50,78.5,2.878,165.62,No Failure,0
M,302.93,312.37,1530.1,35.5,52,1059.9,1.712,136.08,No Failure,0
L,301.18,311.37,1579.4,29.57,145,1031.5,2.704,137.46,No Failure,0
L,302.29,313.56,1435.1,50.18,81,356.8,2.724,138.13,No Failure,0
M,298.83,309.55,1554.5,26.67,95,884.9,2.356,145.67,No Failure,0
H,300.1,311.72,1584.5,41.73,44,1719.9,2.26,146.45,No Failure,0
L,300.8,311.15,1569.8,47.28,158,725.3,3.022,152.94,No Failure,0
L,298.9,308.7,1439.5,41.59,179,1267.2,3.015,169.25,No Failure,0
L,299.81,310.66,1296.3,52.31,223,623.6,4.106,130.93,Overstrain Failure,1
M,298.83,307.47,1469.8,28.65,105,2392.0,2.151,131.58,No Failure,0
M,300.8,309.09,1599.7,32.09,6,307.1,1.283,143.15,No Failure,0
M,297.36,308.33,1589.8,35.39,60,810.5,1.867,138.39,No Failure,0
M,301.14,311.35,1273.6,72.91,246,175.7,4.477,132.0,Power Failure,1
H,300.62,311.59,1503.9,45.08,199,959.8,3.256,146.03,No Failure,0
H,299.59,308.74,1393.2,46.95,133,105.4,2.748,152.86,No Failure,0
L,300.9,312.18,1268.6,46.53,223,660.3,3.851,149.17,No Failure,0
M,299.27,309.94,1448.9,40.79,63,1917.5,2.586,143.36,No Failure,0
L,298.66,308.63,1564.9,50.49,1,1260.7,2.429,150.2,No Failure,0
L,301.09,311.29,1673.5,21.3,163,210.5,3.133,129.34,No Failure,0
H,301.17,311.52,1516.1,42.77,219,1609.9,3.918,158.51,No Failure,0
M,298.99,308.13,1547.2,44.28,33,650.0,2.322,150.08,No Failure,0
H,298.81,308.43,1342.9,50.19,6,589.0,1.817,154.4,No Failure,0
L,299.63,309.97,1612.6,28.44,184,550.8,3.286,150.93,No Failure,0
M,298.9,308.47,1632.7,29.18,177,515.0,3.369,130.81,No Failure,0
L,303.05,311.58,1497.6,29.81,10,288.2,1.659,144.8,No Failure,0
L,300.63,310.93,1491.0,45.22,219,493.1,4.182,166.6,No Failure,0
L,300.03,310.87,1573.7,45.37,244,633.2,4.351,157.31,Overstrain Failure,1
M,298.13,309.2,1539.9,30.5,58,89.2,1.77,147.65,No Failure,0
L,301.48,312.01,1191.8,59.14,211,390.5,4.286,159.95,Overstrain Failure,1
H,298.78,309.6,1492.6,42.86,235,1128.9,3.783,162.37,Tool Wear Failure,1
L,298.69,309.68,1431.0,41.24,111,632.1,2.954,166.82,No Failure,0
L,301.55,311.62,1532.9,37.92,180,1263.7,3.236,159.71,No Failure,0
M,300.77,308.66,1349.8,49.3,118,154.9,2.579,167.9,Heat Dissipation Failure,1
L,294.99,306.15,1474.3,43.89,245,148.0,3.708,150.88,No Failure,0
H,299.68,308.79,1459.3,58.9,22,832.8,2.846,161.37,Power Failure,1
M,300.25,309.12,1594.6,27.86,49,343.1,1.532,138.07,No Failure,0
L,299.32,308.22,1475.2,24.54,58,375.3,2.155,159.65,No Failure,0
M,300.32,312.81,1593.0,32.6,32,491.3,1.975,152.57,No Failure,0
M,296.38,306.82,1457.5,45.53,17,397.5,2.157,157.47,No Failure,0
M,294.34,303.3,1553.4,35.72,165,536.1,2.862,165.2,No Failure,0
H,298.05,307.37,1485.9,52.71,148,933.8,3.208,139.27,No Failure,0
M,300.56,310.56,1484.2,36.06,128,3148.0,2.509,167.57,No Failure,0
M,293.55,304.09,1387.5,50.82,185,400.7,3.962,158.29,No Failure,0
L,298.31,308.59,1473.8,31.69,203,1480.3,3.908,153.67,No Failure,0
M,296.15,305.23,1422.8,51.83,67,59.3,2.492,135.74,No Failure,0
H,299.51,309.83,1405.5,53.69,107,587.2,3.586,142.9,No Failure,0
M,303.92,313.3,1521.8,34.35,162,720.4,3.185,161.43,No Failure,0
M,299.57,310.61,1528.1,44.9,0,389.6,1.635,150.17,No Failure,0
L,299.78,309.84,1385.3,42.68,127,545.8,2.952,164.25,No Failure,0
M,301.68,310.92,1470.1,45.17,121,653.5,3.058,160.08,No Failure,0
H,300.04,310.73,1451.3,52.84,68,289.0,2.093,141.21,No Failure,0
L,299.57,309.95,1373.4,49.73,166,870.6,3.532,149.78,No Failure,0
L,301.85,311.38,1335.3,45.14,82,807.9,2.474,148.95,No Failure,0
M,300.94,311.67,1294.4,46.63,78,608.1,2.432,160.94,No Failure,0
L,300.58,311.21,1615.5,27.31,181,575.6,3.116,151.14,No Failure,0
M,299.72,310.92,1655.7,39.59,125,1137.1,3.134,149.56,No Failure,0
L,299.31,310.02,1533.2,28.98,49,1036.3,1.87,155.62,No Failure,0
L,301.83,311.62,1542.1,39.82,150,400.7,2.754,147.09,No Failure,0
M,299.33,307.64,1192.4,51.17,81,1506.7,2.654,160.02,Heat Dissipation Failure,1
M,302.46,312.65,1534.2,39.93,179,827.1,3.313,152.34,No Failure,0
M,297.91,308.25,1602.5,14.94,120,555.1,2.298,165.21,Power Failure,1
M,302.87,312.92,1548.3,29.53,58,1515.5,1.945,159.73,No Failure,0
M,300.94,307.93,1460.6,45.81,20,133.9,2.02,152.73,No Failure,0
M,298.06,308.74,1393.7,34.61,67,381.9,1.743,167.91,No Failure,0
M,301.02,310.11,1720.4,47.84,164,1572.1,2.988,143.44,No Failure,0
M,298.7,309.39,1542.1,27.93,171,851.3,3.039,152.38,No Failure,0
M,300.07,311.77,1524.1,43.82,206,936.7,3.655,151.95,No Failure,0
L,299.03,308.77,1599.8,44.32,88,637.3,2.276,155.27,No Failure,0
L,299.73,310.17,1463.2,47.9,229,334.3,3.432,143.79,No Failure,0
M,301.88,311.92,1441.9,33.45,187,614.6,3.411,151.97,No Failure,0
H,301.04,311.56,1446.9,47.8,82,1087.5,2.438,143.41,No Failure,0
M,297.75,307.85,1214.1,55.07,66,625.3,2.658,133.35,No Failure,0
L,297.86,307.35,1652.0,17.27,142,1083.1,2.644,148.57,Power Failure,1
M,300.54,309.64,1646.8,40.52,188,882.3,3.702,153.57,No Failure,0
L,300.69,312.28,1517.5,21.94,117,369.6,2.087,138.0,Power Failure,1
M,298.65,309.09,1494.6,31.4,39,882.1,1.823,146.09,No Failure,0
H,303.18,314.01,1729.1,32.21,191,1194.7,3.978,156.78,No Failure,0
M,301.63,312.03,1489.6,39.34,113,279.3,2.788,158.34,No Failure,0
M,298.75,309.72,1389.4,43.78,7,508.1,2.191,159.41,No Failure,0
L,298.56,307.66,1462.6,49.05,47,577.8,2.46,138.14,No Failure,0
L,299.54,309.63,1436.7,42.64,144,792.5,2.825,177.27,No Failure,0
H,299.34,309.84,1201.7,46.74,128,2011.4,3.735,131.9,No Failure,0
M,302.51,313.8,1463.8,29.22,41,349.2,2.21,147.94,No Failure,0
M,301.97,314.64,1600.6,50.57,175,559.2,3.174,122.47,No Failure,0
L,300.07,310.48,1793.2,7.04,158,371.1,2.473,138.23,Power Failure,1
L,301.36,310.69,1509.6,55.27,131,134.5,3.75,139.54,No Failure,0
L,301.65,310.45,1299.6,53.47,18,1012.2,2.241,165.26,No Failure,0
L,300.12,309.21,1435.0,47.5,40,1944.6,1.597,170.33,No Failure,0
L,300.81,310.03,1306.5,62.29,45,1083.3,2.286,152.87,No Failure,0
H,301.19,308.29,1595.0,21.96,230,305.6,3.302,144.36,Tool Wear Failure,1
M,300.98,310.3,1456.6,47.79,56,307.4,2.76,119.16,No Failure,0
L,298.44,309.16,1388.9,41.35,1,548.0,1.792,140.38,No Failure,0
L,298.64,308.72,1589.3,42.44,71,399.5,2.267,128.11,No Failure,0
L,299.42,309.16,1635.1,28.36,182,334.1,2.954,142.0,No Failure,0
H,298.59,306.96,1452.7,43.95,52,1257.8,2.4,146.16,No Failure,0
L,297.05,308.1,1484.2,43.48,180,1307.8,3.432,152.56,No Failure,0
M,301.35,311.86,1528.0,33.1,6,495.8,1.576,147.72,No Failure,0
H,300.69,310.68,1350.4,39.31,224,1294.6,4.008,144.52,No Failure,0
L,297.32,305.12,1516.0,26.85,136,1284.5,2.749,143.99,No Failure,0
M,299.52,309.03,1515.4,36.05,215,285.9,3.264,148.32,No Failure,0
H,299.63,310.07,1391.4,49.61,179,630.9,3.838,163.09,No Failure,0
L,300.36,310.34,1479.8,49.81,37,169.0,2.477,158.17,No Failure,0
L,297.84,308.03,1488.9,47.69,165,357.0,4.036,142.03,No Failure,0
H,297.29,307.98,1372.8,49.6,236,1554.6,3.965,146.02,No Failure,0
H,301.04,311.19,1336.0,49.73,119,1890.6,3.369,173.53,No Failure,0
M,296.93,307.58,1619.4,33.56,37,886.4,2.225,142.81,No Failure,0
M,299.53,308.69,1489.9,43.4,137,1298.1,3.358,157.82,No Failure,0
L,299.35,308.13,1357.1,50.87,140,427.1,3.265,161.84,No Failure,0
H,299.75,310.23,1507.6,26.2,195,415.0,2.999,150.29,No Failure,0
L,300.51,311.19,1550.0,26.15,39,986.1,1.626,142.22,No Failure,0
L,303.2,313.72,1650.5,25.59,163,559.7,2.606,127.51,No Failure,0
M,296.8,306.93,1794.7,22.14,94,90.2,1.73,157.27,No Failure,0
H,301.75,311.43,1565.0,29.49,60,537.7,2.216,152.75,No Failure,0
H,294.98,305.19,1467.1,34.75,198,1451.3,3.223,141.31,No Failure,0
L,302.79,313.17,1573.2,55.12,137,629.1,2.678,156.52,Power Failure,1
L,295.91,306.35,1501.5,35.63,234,1330.3,3.89,151.69,No Failure,0
H,304.87,317.48,1549.8,24.84,58,127.7,2.121,140.74,No Failure,0
H,299.22,308.3,1450.0,41.66,80,671.2,2.623,132.89,No Failure,0
M,302.58,315.81,1474.0,38.11,229,493.0,3.557,144.85,Tool Wear Failure,1
M,302.17,310.91,1676.9,32.18,108,208.3,2.344,167.18,No Failure,0
L,299.13,309.51,1396.4,34.11,98,641.0,2.586,158.13,No Failure,0
L,299.28,308.09,1468.1,50.67,200,527.8,4.086,154.62,No Failure,0
L,298.33,308.63,1611.8,25.9,27,1723.2,1.719,155.16,No Failure,0
L,301.57,312.56,1583.2,23.34,149,1481.6,3.019,139.83,No Failure,0
L,299.15,309.19,1432.4,44.67,88,563.0,2.524,144.24,No Failure,0
H,298.36,309.34,1526.6,33.86,224,598.0,3.837,150.79,No Failure,0
L,301.07,310.65,1383.8,55.52,32,384.2,2.296,149.28,No Failure,0
L,298.21,306.16,1471.7,38.46,82,248.9,2.06,137.29,No Failure,0
M,299.34,309.97,1502.1,39.0,47,754.9,1.521,136.63,No Failure,0
L,300.21,310.24,1367.1,47.87,46,109.8,1.96,149.03,No Failure,0
L,298.72,308.24,1830.1,23.28,63,465.2,1.675,144.08,No Failure,0
M,299.02,308.61,1563.8,43.38,137,240.2,3.437,146.67,No Failure,0
L,303.07,313.48,1573.2,36.34,123,915.8,2.722,147.65,No Failure,0
M,299.59,308.78,1377.9,50.27,116,1177.5,2.713,166.8,No Failure,0
H,299.28,309.66,1625.7,33.53,219,612.3,3.602,144.56,No Failure,0
L,299.65,310.84,1512.8,41.77,220,524.6,3.896,155.85,No Failure,0
H,300.91,312.97,1539.4,36.41,52,1257.3,1.916,137.3,No Failure,0
H,297.93,309.34,1419.0,44.13,22,389.5,1.728,166.61,No Failure,0
H,300.85,311.02,1544.8,37.49,168,1220.8,3.109,171.09,No Failure,0
M,300.51,310.77,1630.5,42.62,11,847.5,1.825,145.31,No Failure,0
M,296.42,306.02,1367.0,57.53,151,640.9,3.407,134.96,No Failure,0
M,303.59,313.12,1499.1,37.14,43,1671.5,1.831,129.26,No Failure,0
M,302.92,313.79,1476.7,44.03,42,1237.7,1.87,152.2,No Failure,0
L,298.4,308.09,1321.0,62.86,167,198.7,3.826,146.4,No Failure,0
H,297.76,308.12,1419.6,43.9,192,476.8,3.48,166.84,No Failure,0
M,300.46,309.49,1628.0,15.66,81,262.5,2.092,153.55,Power Failure,1
M,297.15,308.52,1624.7,33.34,89,539.1,2.827,141.84,No Failure,0
L,302.73,312.41,1704.8,27.96,24,1386.5,1.263,160.94,No Failure,0
L,299.06,310.15,1630.2,49.22,223,1106.4,3.94,124.92,No Failure,0
M,303.24,312.54,1548.7,39.06,221,214.8,3.311,149.68,No Failure,0
M,298.35,307.59,1425.4,50.64,39,406.1,2.13,150.99,No Failure,0
L,299.78,311.1,1532.2,46.12,190,494.1,4.188,155.95,No Failure,0
L,302.53,311.91,1369.7,46.07,230,835.1,4.199,143.53,No Failure,0
L,299.35,307.79,1655.7,27.77,221,903.7,3.365,148.2,No Failure,0
M,300.54,309.5,1553.1,45.05,106,117.0,2.899,143.77,No Failure,0
L,302.19,313.04,1482.9,53.67,27,1450.4,1.804,156.09,No Failure,0
H,298.89,309.65,1765.8,25.53,129,517.5,2.261,158.94,No Failure,0
L,297.48,306.71,1471.5,36.83,78,1311.0,2.513,139.87,No Failure,0
L,297.08,306.45,1427.3,43.54,87,205.5,2.447,158.69,No Failure,0
L,301.17,311.84,1472.8,40.98,156,154.4,3.113,135.6,No Failure,0
M,300.78,312.09,1284.7,54.37,143,873.2,3.303,146.99,No Failure,0
L,302.12,312.05,1490.2,47.29,19,442.5,1.859,160.71,No Failure,0
M,299.45,310.01,1528.3,44.06,156,554.4,3.633,144.39,No Failure,0
H,297.14,308.01,1485.1,48.18,247,529.7,3.796,144.19,No Failure,0
L,295.29,307.45,1452.3,47.64,48,822.4,1.992,152.32,No Failure,0
M,305.74,314.58,1587.2,40.41,248,774.8,4.156,113.44,No Failure,0
L,301.05,310.39,1580.2,36.45,26,997.9,1.439,141.54,No Failure,0
L,300.27,309.77,1366.5,49.9,129,1591.0,2.859,145.32,No Failure,0
L,300.56,311.38,1294.0,32.57,23,2329.6,1.939,147.31,No Failure,0
L,297.14,306.89,1476.0,39.28,248,1327.6,3.813,152.52,No Failure,0
M,298.41,308.72,1596.1,28.43,197,1138.5,3.584,149.5,No Failure,0
M,303.49,313.61,1445.7,47.32,234,644.1,3.683,164.65,No Failure,0
M,301.32,311.32,1385.3,52.33,10,42.2,2.563,170.98,No Failure,0
M,298.47,308.58,1526.5,30.64,152,425.7,3.137,148.73,No Failure,0
M,297.55,308.58,1436.1,38.46,206,887.2,3.84,142.09,No Failure,0
L,298.97,308.0,1445.4,35.2,21,123.4,1.598,164.98,No Failure,0
L,299.37,309.22,1453.1,50.75,232,962.7,4.138,146.88,Overstrain Failure,1
L,304.1,312.88,1484.6,54.17,31,170.9,3.003,142.35,No Failure,0
M,299.62,309.85,1425.7,35.21,27,394.1,1.446,159.7,No Failure,0
H,297.62,307.43,1741.8,9.09,74,513.5,1.552,150.2,Power Failure,1
L,299.88,310.95,1478.8,51.53,229,309.7,4.021,160.19,Overstrain Failure,1
M,300.53,310.52,1479.4,40.45,205,398.8,3.711,141.49,No Failure,0
M,297.44,307.0,1560.5,40.49,108,937.0,2.896,146.62,No Failure,0
H,300.8,310.56,1520.0,49.64,134,1043.4,3.282,160.13,No Failure,0
M,302.42,314.14,1564.6,36.36,9,1065.6,1.294,123.48,No Failure,0
M,300.28,308.71,1505.8,33.7,207,1029.6,3.775,144.38,No Failure,0
M,298.41,307.78,1646.8,36.44,12,1296.8,1.878,162.14,No Failure,0
H,298.94,308.98,1436.8,44.89,177,1257.3,3.49,147.0,No Failure,0
L,296.68,306.05,1405.6,48.79,92,1427.7,2.508,162.86,No Failure,0
H,299.73,310.22,1415.7,56.33,203,905.0,4.043,141.13,No Failure,0
L,300.62,310.57,1440.6,44.03,6,1340.0,1.657,152.95,No Failure,0
H,298.21,308.46,1491.4,38.55,66,1850.8,2.217,146.46,No Failure,0
L,303.88,314.0,1395.5,48.86,162,262.3,3.403,130.37,No Failure,0
L,301.58,311.48,1561.4,30.29,175,1050.1,2.894,146.01,No Failure,0
L,296.41,305.12,1404.2,54.19,1,198.4,1.905,144.44,No Failure,0
L,296.46,306.63,1305.5,42.11,19,827.0,2.154,142.28,No Failure,0
L,298.03,306.27,1509.5,37.71,91,365.8,2.668,139.44,No Failure,0
L,303.15,312.47,1418.6,30.32,172,1330.5,3.069,166.83,No Failure,0
L,301.78,312.27,1413.3,46.27,157,986.2,3.223,141.83,No Failure,0
L,303.25,314.44,1552.9,37.19,121,1109.5,3.282,153.93,No Failure,0
M,300.02,312.37,1478.1,39.06,146,500.4,2.781,148.49,No Failure,0
H,299.58,309.15,1697.0,23.29,83,1720.6,2.29,159.98,No Failure,0
M,297.5,306.64,1566.1,35.65,142,583.5,3.299,170.8,No Failure,0
L,300.7,311.22,1351.4,34.32,174,343.5,2.897,168.55,No Failure,0
L,299.61,311.48,1574.3,44.19,52,490.4,2.154,143.64,No Failure,0
H,299.53,311.06,1543.9,37.32,1,324.8,1.89,156.73,No Failure,0
L,303.24,312.2,1660.7,13.51,71,449.0,1.563,164.18,Power Failure,1
L,299.75,309.61,1490.9,35.85,192,573.8,3.482,146.52,No Failure,0
H,302.66,313.51,1428.7,25.46,209,1577.1,2.981,162.14,No Failure,0
H,296.82,307.74,1603.0,29.57,133,180.7,2.601,150.37,No Failure,0
L,305.38,315.97,1478.3,50.04,213,429.1,4.35,134.62,No Failure,0
M,299.25,308.8,1573.9,23.11,107,1053.8,1.96,173.84,No Failure,0
L,301.41,312.0,1395.0,42.95,181,721.8,2.98,129.27,No Failure,0
M,301.73,312.66,1553.2,34.93,132,1068.1,2.808,133.5,No Failure,0
L,299.01,308.07,1663.5,33.0,0,1956.4,1.62,144.35,No Failure,0
L,301.64,312.97,1676.5,30.21,67,652.9,1.928,161.02,No Failure,0
M,301.74,312.73,1549.0,43.2,167,316.5,3.242,157.04,No Failure,0
L,298.57,307.83,1647.3,44.32,154,637.5,3.449,172.73,No Failure,0
M,298.6,309.52,1721.2,22.75,184,487.8,3.463,162.11,No Failure,0
L,300.09,310.9,1512.1,51.51,57,477.1,2.556,152.05,No Failure,0
H,299.77,310.62,1602.7,28.14,45,323.9,2.097,164.56,No Failure,0
H,302.79,314.36,1437.7,43.89,231,1417.1,3.979,146.63,No Failure,0
L,301.41,311.39,1696.6,28.19,91,174.2,2.087,151.44,No Failure,0
M,299.86,310.19,1448.4,35.41,194,1234.0,3.002,144.13,No Failure,0
L,301.21,308.57,1640.4,27.21,14,1059.1,1.071,162.88,No Failure,0
L,295.91,307.02,1487.6,34.71,220,127.1,3.657,145.71,No Failure,0
L,298.77,309.79,1546.6,37.99,215,846.3,4.1,134.1,No Failure,0
H,300.58,311.93,1616.1,28.51,178,225.4,2.868,134.0,No Failure,0
H,302.23,311.29,1489.5,43.14,72,629.3,3.305,136.58,No Failure,0
H,300.4,311.36,1462.8,44.45,20,617.4,1.837,155.72,No Failure,0
H,302.92,313.94,1331.4,67.06,52,378.9,2.36,147.98,Power Failure,1
H,301.74,311.08,1488.1,49.29,130,598.6,2.921,150.23,No Failure,0
L,299.02,310.08,1280.0,51.76,238,1609.3,4.194,154.64,Overstrain Failure,1
H,299.72,310.18,1637.4,22.31,175,186.6,3.406,156.05,No Failure,0
M,300.82,309.12,1619.0,20.42,119,557.1,2.433,146.03,Power Failure,1
L,299.1,309.69,1541.2,37.03,154,190.7,2.708,148.72,No Failure,0
M,303.06,312.3,1319.6,57.87,184,2351.3,4.325,144.41,No Failure,0
L,297.78,306.11,1416.8,64.74,171,394.9,3.621,154.28,Power Failure,1
L,300.63,311.0,1548.9,33.12,26,362.8,1.479,148.66,No Failure,0
L,301.47,311.41,1635.7,34.14,133,2595.5,2.953,139.32,No Failure,0
L,299.37,310.78,1370.8,45.44,224,950.3,4.248,151.0,No Failure,0
L,298.92,309.1,1490.5,38.03,158,1294.1,3.43,157.99,No Failure,0
H,299.85,310.63,1458.4,38.28,94,76.6,1.981,171.07,No Failure,0
M,301.62,312.13,1484.6,46.35,140,1202.5,3.615,135.8,No Failure,0
M,299.0,310.02,1176.1,67.16,179,432.6,3.619,134.45,Overstrain Failure,1
L,297.86,306.98,1241.8,53.05,19,1052.1,2.241,132.73,No Failure,0
L,302.3,312.5,1294.2,58.69,45,1123.6,2.562,142.3,No Failure,0
L,300.8,310.66,1698.0,21.56,146,131.8,2.872,147.64,No Failure,0
H,302.02,312.67,1341.1,50.75,23,257.3,1.98,144.5,No Failure,0
L,301.52,311.77,1599.9,30.5,116,1133.4,2.917,132.64,No Failure,0
M,304.36,313.75,1307.6,56.76,190,208.7,3.845,167.14,No Failure,0
M,302.23,311.89,1233.7,53.57,126,135.8,3.552,127.57,No Failure,0
M,298.55,310.2,1528.4,46.04,201,288.2,3.394,171.22,No Failure,0
H,300.94,309.25,1617.9,32.57,18,95.1,2.168,156.75,No Failure,0
L,298.89,309.59,1535.1,35.16,115,637.6,2.133,167.11,No Failure,0
H,299.09,310.33,1536.1,35.97,225,384.1,4.286,138.07,No Failure,0
M,297.17,307.75,1420.3,47.62,150,292.1,3.103,145.68,No Failure,0
M,299.43,311.4,1374.8,44.04,209,1526.6,3.901,147.48,Tool Wear Failure,1
M,301.09,312.03,1503.9,54.2,100,630.3,2.753,144.56,No Failure,0
H,299.87,310.25,1362.1,56.11,12,745.7,1.771,152.89,No Failure,0
H,297.8,307.33,1600.2,31.55,76,592.9,2.066,153.04,No Failure,0
L,296.95,307.36,1417.1,44.75,224,886.4,4.182,139.31,No Failure,0
H,304.22,314.91,1502.8,44.63,55,1397.4,2.367,172.73,No Failure,0
M,300.65,310.65,1610.7,39.05,210,659.0,4.064,136.62,No Failure,0
L,298.35,307.61,1439.7,49.42,158,1027.1,3.54,155.9,Random Failure,1
H,300.92,309.72,1493.2,44.91,194,663.4,3.757,153.0,No Failure,0
L,304.38,314.56,1625.0,34.25,236,430.9,4.357,153.33,Tool Wear Failure,1
M,301.24,309.76,1575.0,38.58,232,856.7,4.044,120.18,No Failure,0
L,294.43,303.95,1621.9,36.51,126,1739.9,2.504,147.76,No Failure,0
L,305.3,312.87,1587.1,32.72,164,1232.4,2.734,147.85,No Failure,0
H,296.3,307.13,1535.7,39.15,28,197.1,2.428,154.52,No Failure,0
L,299.59,310.74,1625.3,27.03,30,890.9,1.622,134.03,No Failure,0
L,297.73,307.81,1539.9,44.74,231,292.0,4.031,153.87,No Failure,0
L,298.52,310.35,1348.8,54.04,39,780.0,2.103,159.84,No Failure,0
L,300.57,311.92,1543.7,40.5,12,162.3,1.268,158.01,No Failure,0
H,295.86,306.34,1631.1,49.46,17,736.3,2.558,150.5,No Failure,0
H,299.82,309.71,1519.9,41.55,3,335.0,1.297,164.31,No Failure,0
L,302.29,311.95,1474.0,29.78,104,681.8,2.147,160.78,No Failure,0
M,298.31,308.88,1313.3,60.07,21,484.7,2.124,141.66,No Failure,0
L,297.22,307.08,1749.7,15.78,40,547.3,1.383,152.41,Power Failure,1
M,299.72,310.27,1438.8,40.1,220,1786.0,3.635,161.95,No Failure,0
L,299.32,309.95,1473.5,32.31,8,780.1,1.741,169.7,No Failure,0
L,298.81,308.58,1249.3,55.82,29,577.2,2.55,142.65,No Failure,0
L,297.62,308.72,1464.0,42.16,129,1522.2,2.927,139.7,No Failure,0
M,301.04,310.81,1440.6,65.55,51,1259.3,2.719,137.71,Power Failure,1
M,301.19,311.21,1449.3,40.36,76,356.8,2.099,134.65,No Failure,0
L,297.87,306.89,1639.7,32.39,116,1709.7,2.793,150.31,No Failure,0
H,298.15,307.87,1611.7,22.9,49,173.5,1.678,142.29,No Failure,0
M,300.27,312.43,1376.6,51.07,182,334.9,3.539,157.11,No Failure,0
L,298.07,307.17,1613.3,31.65,175,826.4,3.484,142.96,No Failure,0
H,300.36,310.8,1395.6,35.8,4,870.5,1.136,136.64,No Failure,0
H,302.94,312.48,1552.0,52.28,143,1637.0,3.597,161.65,No Failure,0
L,299.88,307.67,1464.1,50.53,83,587.7,2.635,149.58,No Failure,0
M,297.57,308.13,1643.4,33.9,137,1692.8,2.716,160.28,No Failure,0
L,300.78,310.23,1513.1,35.46,163,2739.6,3.679,144.08,No Failure,0
M,299.64,309.96,1685.2,22.44,88,415.7,2.382,170.95,No Failure,0
L,299.7,310.69,1748.4,19.44,152,649.1,2.211,154.45,No Failure,0
M,300.95,311.19,1430.7,47.64,188,344.8,3.935,136.82,No Failure,0
L,301.38,311.71,1351.5,48.74,200,369.0,3.965,130.44,No Failure,0
M,300.07,309.2,1386.5,43.57,38,712.1,1.681,153.74,No Failure,0
H,299.88,310.59,1447.0,41.87,138,473.0,3.007,155.29,No Failure,0
L,304.13,313.94,1576.9,32.94,111,368.7,2.823,158.64,Random Failure,1
H,302.4,310.4,1367.9,54.68,225,436.7,3.607,128.64,Heat Dissipation Failure,1
H,301.67,312.49,1598.7,22.16,96,411.3,2.451,128.98,No Failure,0
H,300.26,311.4,1598.5,35.32,58,786.0,1.983,128.4,No Failure,0
L,297.99,309.47,1445.6,41.61,199,248.0,3.581,138.92,No Failure,0
H,302.25,314.43,1446.2,40.0,98,1133.1,2.934,157.37,No Failure,0
L,300.29,311.06,1584.7,39.98,46,1235.5,1.843,150.27,No Failure,0
L,298.85,309.36,1591.1,34.81,134,1172.2,2.518,129.64,No Failure,0
H,299.51,310.61,1346.5,45.41,246,453.7,4.393,131.84,No Failure,0
M,298.07,307.18,1477.5,27.85,74,458.2,2.139,154.11,No Failure,0
M,302.11,310.44,1411.8,38.56,39,822.3,1.839,163.81,No Failure,0
L,301.37,310.89,1462.7,44.32,117,454.4,2.46,156.21,No Failure,0
H,300.36,311.64,1632.7,36.67,110,745.9,2.523,168.73,No Failure,0
M,299.91,309.25,1629.9,40.05,74,730.0,2.172,154.87,No Failure,0
L,298.64,309.1,1550.3,42.16,151,654.1,3.087,168.49,No Failure,0
H,295.74,306.31,1813.0,22.39,5,1104.5,0.826,179.15,No Failure,0
L,297.17,307.42,1651.5,23.33,105,738.2,2.114,147.64,No Failure,0
L,298.51,307.24,1589.1,41.34,33,221.5,2.083,158.64,No Failure,0
M,298.21,308.56,1497.3,33.92,218,995.3,3.637,124.18,No Failure,0
H,300.58,310.16,1403.8,34.52,137,163.5,2.805,158.82,No Failure,0
L,301.62,313.33,1426.7,45.69,161,1920.8,3.04,137.28,No Failure,0
L,299.74,310.88,1567.8,30.11,150,316.9,2.628,157.45,No Failure,0
L,302.82,312.43,1925.7,15.87,170,325.2,2.735,144.69,Power Failure,1
H,298.43,310.2,1367.4,56.57,170,1775.2,3.624,155.49,No Failure,0
L,299.73,310.07,1311.6,52.1,220,583.9,3.791,135.86,Overstrain Failure,1
M,299.9,308.23,1491.0,51.97,153,520.2,3.425,145.8,No Failure,0
H,302.18,312.11,1521.3,28.79,32,491.8,1.75,159.13,No Failure,0
L,300.21,311.85,1519.1,39.23,92,593.5,2.196,154.36,No Failure,0
M,300.27,309.45,1680.4,27.32,111,1658.8,2.824,126.81,No Failure,0
M,296.69,306.62,1420.9,39.4,226,454.6,3.601,148.32,No Failure,0
H,298.2,306.84,1664.4,36.52,100,1689.4,2.262,142.47,No Failure,0
L,302.19,310.99,1687.7,29.22,216,783.5,3.355,138.09,No Failure,0
L,295.85,305.02,1491.5,45.03,187,1451.3,3.166,141.48,No Failure,0
L,302.69,311.46,1678.4,37.41,97,458.8,1.996,159.29,No Failure,0
M,301.0,310.38,1327.8,57.23,210,1328.6,4.365,168.79,Overstrain Failure,1
M,298.5,310.24,1564.6,40.86,118,298.5,3.072,157.41,No Failure,0
L,298.34,308.3,1728.9,14.52,112,785.9,1.949,142.41,Power Failure,1
L,303.79,314.58,1587.6,21.88,32,283.7,1.751,150.6,No Failure,0
H,302.82,313.91,1277.6,60.96,29,407.9,2.118,150.54,No Failure,0
L,299.76,308.65,1711.5,36.41,137,271.5,2.594,161.0,No Failure,0
L,300.27,309.44,1576.1,42.4,190,1390.3,3.474,150.32,No Failure,0
M,298.71,309.47,1579.3,40.1,212,759.5,3.645,157.39,No Failure,0
L,300.27,309.64,1330.4,54.16,195,1139.9,4.131,150.79,No Failure,0
L,298.65,309.35,1716.3,20.93,112,1154.7,1.628,156.43,No Failure,0
L,299.84,311.52,1360.5,53.29,68,254.8,2.461,160.8,No Failure,0
L,303.62,312.17,1552.0,52.6,101,910.0,3.54,136.99,No Failure,0
M,299.81,309.45,1608.7,40.06,42,2108.1,1.35,148.1,No Failure,0
M,297.9,307.71,1549.7,44.13,130,592.3,2.813,147.02,No Failure,0
M,297.27,306.74,1603.2,36.29,35,825.3,1.782,159.26,No Failure,0
L,300.25,309.65,1626.9,23.15,189,1454.8,3.198,149.78,No Failure,0
H,298.48,307.99,1497.4,45.8,25,528.5,2.187,141.13,No Failure,0
L,300.49,310.48,1619.0,42.47,102,1235.2,2.712,144.86,No Failure,0
M,296.76,306.93,1520.6,42.67,72,1001.4,2.848,151.71,No Failure,0
L,301.38,312.33,1385.8,44.82,156,709.5,3.144,157.23,No Failure,0
M,297.88,307.85,1661.3,33.96,179,836.8,3.586,141.62,No Failure,0
L,300.09,311.21,1319.4,54.93,97,292.0,2.824,143.28,No Failure,0
L,299.32,308.73,1496.7,40.08,71,2430.7,2.546,142.81,No Failure,0
L,303.44,312.24,1414.0,45.42,229,580.0,3.806,143.31,No Failure,0
L,300.34,310.04,1287.0,37.28,209,856.2,3.368,144.95,Tool Wear Failure,1
L,303.89,314.35,1431.8,50.5,210,227.9,3.516,154.6,No Failure,0
M,301.12,311.98,1687.2,41.04,83,1024.9,2.374,161.18,No Failure,0
H,302.85,314.31,1535.6,39.15,10,645.6,1.471,143.03,No Failure,0
L,299.58,309.87,1670.1,52.07,176,802.8,3.702,129.24,Power Failure,1
H,300.69,311.44,1624.0,22.77,52,485.4,1.979,153.45,No Failure,0
M,302.44,313.81,1542.3,37.2,52,1022.8,2.373,130.99,No Failure,0
H,301.81,311.03,1539.6,33.87,199,1149.1,3.714,165.99,No Failure,0
M,301.06,310.85,1475.5,43.74,28,458.3,2.283,148.95,No Failure,0
M,299.34,312.12,1508.0,43.16,208,316.6,3.948,152.34,No Failure,0
M,299.68,310.54,1636.9,39.88,60,332.5,1.86,162.31,No Failure,0
M,302.28,312.79,1481.6,32.86,82,1497.7,2.361,146.77,No Failure,0
H,302.69,313.59,1502.7,39.76,156,424.4,2.938,154.51,No Failure,0
L,298.81,307.48,1529.5,43.23,172,1354.4,3.342,154.62,No Failure,0
L,298.51,307.87,1629.5,38.22,166,728.1,3.21,170.29,No Failure,0
L,298.19,307.18,1217.2,51.08,126,533.2,2.335,174.58,No Failure,0
H,301.66,312.08,1325.2,46.12,155,128.2,2.96,149.32,No Failure,0
L,298.14,307.77,1502.1,40.19,94,2088.0,2.394,167.93,No Failure,0
M,301.64,311.73,1788.4,16.54,105,686.6,1.342,124.78,Power Failure,1
H,301.09,310.78,1474.2,37.82,30,504.7,2.249,146.9,No Failure,0
H,298.91,307.28,1509.8,46.3,139,716.0,3.153,157.58,No Failure,0
L,303.13,314.01,1700.4,37.21,86,803.9,2.439,132.95,No Failure,0
M,297.08,305.31,1476.7,43.03,235,411.8,4.317,175.81,No Failure,0
H,303.32,312.59,1497.4,37.75,240,550.9,4.169,167.73,No Failure,0
L,300.64,309.32,1523.9,42.32,18,276.5,2.041,145.63,No Failure,0
M,295.85,304.97,1404.1,54.01,159,425.1,3.778,175.82,No Failure,0
L,303.18,313.39,1460.0,47.87,20,650.3,2.048,159.44,No Failure,0
M,301.94,313.18,1587.4,27.04,89,227.1,2.328,152.87,No Failure,0
M,299.14,307.58,1609.5,23.42,123,592.3,2.633,155.34,No Failure,0
L,298.07,307.51,1374.2,44.43,72,551.4,2.013,140.86,No Failure,0
L,296.86,305.11,1461.8,51.68,200,449.6,3.2,152.0,No Failure,0
L,304.83,314.23,1539.3,23.39,2,1219.4,0.669,140.24,No Failure,0
L,298.15,308.23,1443.2,37.9,219,283.2,3.958,150.02,No Failure,0
M,297.47,308.24,1202.3,63.73,245,721.7,4.366,151.26,Overstrain Failure,1
L,300.54,308.42,1492.1,37.31,182,426.7,3.284,152.59,No Failure,0
L,296.72,307.27,1300.3,65.26,247,749.3,4.623,149.85,Overstrain Failure,1
M,298.04,307.06,1466.9,31.76,55,729.1,2.411,178.23,No Failure,0
M,301.99,310.77,1527.8,33.53,154,2512.9,3.209,130.65,No Failure,0
M,300.93,311.0,1570.8,32.97,189,3156.2,3.41,128.37,No Failure,0
H,299.23,309.85,1461.1,27.21,86,383.4,2.329,139.48,No Failure,0
L,300.04,309.94,1567.0,23.09,54,627.8,2.474,149.79,No Failure,0
H,299.12,308.02,1680.1,37.79,96,374.9,2.218,145.23,No Failure,0
L,299.88,309.78,1424.6,41.45,3,720.8,2.076,133.03,No Failure,0
M,298.48,307.75,1621.1,32.83,131,391.2,2.773,172.9,No Failure,0
H,298.84,309.44,1492.4,35.24,38,375.7,1.861,156.47,No Failure,0
H,298.78,309.85,1402.3,54.46,78,495.4,2.857,146.01,No Failure,0
M,298.55,309.56,1350.5,49.72,242,509.0,3.662,138.92,Overstrain Failure,1
M,302.09,312.07,1349.5,37.41,17,85.1,1.398,146.77,No Failure,0
L,301.54,312.66,1425.9,44.3,178,533.0,3.584,143.9,No Failure,0
M,298.14,307.11,1670.7,23.64,61,2155.5,2.02,154.61,No Failure,0
M,297.61,309.39,1539.5,42.7,36,388.9,2.185,134.4,No Failure,0
H,299.69,308.66,1517.9,39.38,137,1213.3,3.171,140.6,No Failure,0
L,304.31,312.28,1460.0,36.26,77,925.5,2.898,160.23,No Failure,0
L,297.94,309.31,1580.2,40.33,170,491.9,3.113,142.74,No Failure,0
M,299.68,308.97,1445.3,38.71,220,340.6,3.891,157.57,No Failure,0
L,300.18,310.29,1545.6,26.86,179,267.5,3.352,149.14,No Failure,0
L,299.78,308.75,1277.4,56.8,178,341.1,3.828,146.8,No Failure,0
L,299.08,311.45,1385.9,49.51,158,219.2,3.338,141.52,No Failure,0
M,302.31,314.13,1504.4,36.12,60,133.2,1.889,150.82,No Failure,0
L,300.91,312.46,1667.2,22.39,112,313.2,2.306,147.51,No Failure,0
L,301.69,311.78,1574.7,15.44,244,1285.0,3.938,121.12,Power Failure,1
L,301.18,312.16,1298.2,60.05,132,1006.5,3.979,163.4,No Failure,0
H,301.79,311.73,1441.8,38.26,145,442.3,2.493,153.91,No Failure,0
M,303.17,314.29,1477.4,47.63,156,1392.8,3.318,132.79,No Failure,0
L,302.66,312.25,1603.1,30.51,137,342.4,2.246,147.75,No Failure,0
L,304.65,316.23,1431.9,36.93,28,183.7,1.6,145.88,No Failure,0
M,302.43,311.97,1564.8,37.44,146,2010.5,3.08,138.51,No Failure,0
L,298.66,308.31,1476.0,42.41,39,767.1,1.682,157.75,No Failure,0
M,301.69,311.23,1564.2,40.9,183,933.9,3.313,166.93,No Failure,0
L,301.42,311.61,1515.6,30.78,224,367.5,3.475,144.54,No Failure,0
H,303.84,313.45,1627.8,30.67,65,401.3,2.122,144.92,No Failure,0
L,298.07,308.55,1584.4,39.18,73,451.4,2.187,138.65,No Failure,0
M,301.12,310.63,1646.5,22.46,5,998.2,1.65,123.29,No Failure,0
L,298.64,309.43,1754.7,31.77,80,271.1,2.216,155.05,No Failure,0
H,301.03,312.54,1556.6,38.46,162,317.5,2.926,172.8,No Failure,0
H,299.57,309.65,1626.9,43.97,43,1089.5,1.637,148.11,No Failure,0
M,300.96,313.18,1606.7,55.03,118,2990.5,2.822,147.82,Power Failure,1
L,297.18,308.31,1387.6,35.24,201,560.3,3.452,149.18,No Failure,0
L,301.59,313.72,1600.8,40.36,202,262.3,3.775,143.87,No Failure,0
H,300.41,310.35,1695.9,21.33,8,245.1,1.518,136.24,No Failure,0
M,300.3,308.64,1495.1,43.35,231,699.7,4.248,180.7,No Failure,0
L,303.9,313.19,1513.3,30.91,211,1559.5,3.693,155.59,No Failure,0
L,299.24,308.63,1444.4,36.92,152,1197.9,3.346,157.09,No Failure,0
L,300.68,309.73,1367.1,44.76,200,839.4,3.59,177.1,No Failure,0
H,300.2,308.0,1658.7,45.18,148,233.4,3.126,152.41,No Failure,0
M,300.4,311.42,1660.2,25.46,103,705.2,2.155,139.84,No Failure,0
M,304.44,312.58,1313.5,48.02,159,169.1,3.107,136.94,Heat Dissipation Failure,1
M,300.13,311.06,1408.4,39.61,222,1720.5,4.22,173.05,No Failure,0
L,298.87,311.05,1216.4,52.67,19,368.9,1.985,159.56,No Failure,0
L,303.74,312.96,1490.3,54.62,183,479.4,3.379,148.8,No Failure,0
L,299.38,309.77,1375.6,56.06,90,1413.1,2.561,143.43,No Failure,0
M,296.79,306.39,1659.8,25.76,212,463.5,4.062,146.55,No Failure,0
L,298.52,309.35,1468.0,44.02,164,1778.3,3.393,154.74,No Failure,0
L,297.51,306.31,1711.5,24.23,24,7.6,1.662,171.97,No Failure,0
L,296.4,306.27,1360.2,53.01,131,332.6,3.008,149.2,No Failure,0
L,299.27,310.4,1411.1,54.44,209,1022.3,3.308,139.71,Overstrain Failure,1
M,299.86,309.81,1446.4,49.78,196,1144.3,3.373,134.61,No Failure,0
L,302.36,310.73,1429.5,35.75,171,352.0,3.026,157.56,No Failure,0
L,301.26,312.5,1391.4,45.44,29,211.8,1.808,162.98,No Failure,0
M,301.17,309.87,1516.9,34.48,248,855.0,3.963,172.06,No Failure,0
L,298.21,308.29,1527.8,40.14,159,579.1,3.44,182.29,No Failure,0
L,301.77,312.35,1632.3,39.08,203,50.0,3.615,131.94,No Failure,0
L,302.78,312.9,1670.3,20.02,209,223.5,3.413,150.38,No Failure,0
H,300.79,313.33,1556.9,31.9,247,1031.9,4.177,145.31,No Failure,0
L,300.85,311.58,1346.2,62.71,165,820.7,4.133,147.72,No Failure,0
M,297.47,307.27,1492.8,39.13,137,397.9,2.669,140.03,No Failure,0
H,302.11,312.71,1485.1,41.6,19,193.2,1.94,154.1,No Failure,0
M,303.56,313.77,1637.1,39.91,33,951.0,2.06,134.87,No Failure,0
L,300.65,310.69,1512.8,35.89,165,1303.7,3.24,155.84,No Failure,0
M,298.81,309.06,1520.7,40.36,231,853.5,3.789,164.01,No Failure,0
L,299.68,309.24,1474.5,35.93,212,272.6,3.338,143.86,No Failure,0
L,299.16,309.37,1796.1,17.17,212,397.6,3.206,163.63,Power Failure,1
M,299.28,308.77,1355.1,47.86,37,2171.0,2.192,151.63,No Failure,0
L,301.3,309.4,1364.5,56.13,112,662.0,3.354,161.36,Heat Dissipation Failure,1
L,300.56,311.7,1681.6,28.36,154,2377.7,2.855,153.78,No Failure,0
L,302.01,311.44,1455.1,35.87,154,406.4,2.696,138.88,No Failure,0
L,300.74,310.88,1458.1,55.0,121,563.5,2.8,149.72,No Failure,0
L,298.27,307.51,1377.3,32.29,234,185.2,3.418,144.71,No Failure,0
M,299.0,308.27,1370.7,43.88,56,241.0,2.2,160.12,No Failure,0
H,298.87,307.84,1203.5,76.0,209,188.6,3.987,147.16,Power Failure,1
L,299.63,310.58,1666.3,46.32,110,265.3,2.581,162.67,No Failure,0
M,303.59,314.78,1507.6,40.69,160,947.2,3.686,156.2,No Failure,0
L,303.91,313.94,1444.5,48.82,105,2120.2,2.764,152.42,No Failure,0
L,301.67,311.14,1541.2,47.77,89,663.9,2.659,152.98,No Failure,0
L,300.24,308.54,1455.2,33.38,142,103.8,2.486,161.82,No Failure,0
L,297.28,308.07,1365.9,22.64,133,544.2,2.558,158.0,Power Failure,1
L,300.44,309.76,1608.5,45.94,187,481.5,3.081,161.47,No Failure,0
L,298.42,307.3,1494.9,47.44,18,1080.7,1.96,137.61,No Failure,0
L,303.26,313.29,1483.7,37.02,24,219.2,1.396,143.48,No Failure,0
M,296.79,306.45,1373.5,56.45,95,552.5,3.265,150.07,No Failure,0
L,300.77,309.25,1479.1,54.45,50,1483.8,2.959,146.82,No Failure,0
L,298.25,306.87,1426.4,47.75,179,2202.8,3.34,138.74,No Failure,0
L,299.98,310.32,1535.3,37.21,160,722.3,2.665,165.04,No Failure,0
M,301.33,310.68,1850.5,19.09,35,889.8,1.386,136.31,No Failure,0
L,302.04,312.55,1402.0,38.26,30,917.6,1.36,161.74,No Failure,0
M,299.88,310.03,1693.4,21.64,210,390.7,3.218,171.37,No Failure,0
L,301.52,312.57,1578.6,16.43,164,1066.5,2.493,143.95,Power Failure,1
L,298.68,307.84,1588.9,46.47,223,352.1,4.293,123.42,No Failure,0
H,300.49,310.72,1432.6,51.72,164,650.6,2.842,144.27,No Failure,0
L,302.0,312.64,1594.2,20.49,100,93.7,1.807,140.77,Power Failure,1
L,300.66,310.04,1385.5,37.43,84,212.5,2.642,133.11,No Failure,0
L,298.94,310.07,1469.9,39.83,207,459.0,3.477,155.03,No Failure,0
H,299.44,307.78,1540.1,37.08,247,538.4,4.46,155.29,No Failure,0
M,302.03,311.2,1714.5,26.21,108,379.6,2.409,155.56,No Failure,0
M,297.82,306.11,1295.1,53.31,118,556.6,3.108,138.86,Heat Dissipation Failure,1
H,298.11,307.38,1533.9,26.49,99,138.8,2.409,162.98,No Failure,0
L,301.2,311.05,1611.2,20.51,240,97.7,3.725,142.12,Power Failure,1
H,299.12,309.95,1540.2,26.26,30,1133.0,1.559,137.38,No Failure,0
L,297.09,306.94,1415.2,44.81,44,1149.3,2.083,136.94,No Failure,0
M,302.7,312.11,1436.3,37.33,205,332.5,3.958,141.09,No Failure,0
L,297.8,306.25,1599.2,32.3,233,640.9,3.55,151.33,No Failure,0
L,299.6,308.39,1414.3,45.28,68,396.8,2.434,137.37,No Failure,0
H,298.76,309.07,1474.4,43.33,144,453.4,2.982,140.23,No Failure,0
L,299.4,310.29,1712.0,16.93,71,592.0,2.039,169.05,Power Failure,1
H,298.23,307.81,1334.4,45.18,247,485.8,4.555,142.28,No Failure,0
L,301.43,312.64,1458.9,51.81,17,1235.2,1.846,160.57,No Failure,0
M,300.22,309.27,1528.7,38.77,149,881.6,2.768,151.0,No Failure,0
H,301.97,311.58,1537.7,37.65,147,464.8,2.796,161.45,No Failure,0
L,298.78,308.48,1336.5,58.94,232,731.9,4.573,152.53,Overstrain Failure,1
H,304.27,315.8,1532.5,32.9,141,1069.8,2.942,150.14,No Failure,0
M,296.19,306.32,1518.1,38.34,87,346.7,2.413,146.06,No Failure,0
M,296.83,305.03,1482.1,43.31,123,1381.3,2.837,140.47,No Failure,0
L,303.51,314.46,1389.9,40.48,158,417.9,2.976,153.06,No Failure,0
M,300.95,312.79,1663.6,37.28,212,1957.4,3.922,143.44,No Failure,0
M,300.68,310.43,1430.2,40.89,8,744.7,1.749,126.63,No Failure,0
L,300.86,309.97,1380.5,55.69,179,154.0,4.237,154.15,No Failure,0
L,301.14,312.01,1540.3,48.08,145,274.4,3.202,148.72,No Failure,0
L,300.6,312.56,1475.2,39.25,49,230.4,2.152,154.54,No Failure,0
H,298.07,308.92,1590.4,31.36,93,868.6,2.217,150.0,No Failure,0
L,301.64,310.01,1361.3,32.69,138,325.9,2.639,159.41,Heat Dissipation Failure,1
M,301.32,312.08,1245.6,49.5,206,743.3,3.829,155.41,No Failure,0
H,302.86,313.26,1625.2,24.07,210,826.9,3.739,148.47,No Failure,0
L,303.53,312.57,1324.8,64.03,124,551.7,3.179,154.79,No Failure,0
L,300.66,311.95,1602.1,39.68,174,1554.2,3.187,165.86,No Failure,0
M,297.54,307.98,1682.4,26.21,130,780.5,2.195,139.79,No Failure,0
L,303.55,314.86,1342.2,41.82,170,106.0,4.079,126.1,No Failure,0
M,297.96,306.9,1678.2,31.99,245,785.6,3.711,161.42,No Failure,0
M,300.68,311.07,1426.4,35.81,21,539.4,1.297,157.38,No Failure,0
M,299.49,308.59,1698.5,24.89,222,62.4,3.57,183.4,No Failure,0
L,299.14,309.39,1478.4,37.61,45,1342.2,2.076,151.32,No Failure,0
M,301.53,313.01,1914.2,18.77,232,936.6,3.732,146.91,No Failure,0
M,300.49,309.06,1494.9,34.0,103,472.3,2.567,155.42,No Failure,0
L,301.03,309.66,1559.5,31.73,42,354.6,1.327,160.39,No Failure,0
M,298.37,309.32,1554.4,34.98,11,1263.6,1.381,157.37,No Failure,0
H,299.65,309.64,1539.3,32.36,220,745.3,3.966,147.26,No Failure,0
M,298.46,309.63,1407.5,40.34,181,35.8,3.695,165.41,No Failure,0
L,299.6,308.79,1627.3,48.88,106,1811.7,2.965,138.3,No Failure,0
L,299.76,309.81,1416.2,43.61,233,613.9,4.443,142.0,No Failure,0
L,303.69,314.38,1337.9,52.99,213,1489.1,3.919,169.01,Overstrain Failure,1
L,299.48,309.69,1530.0,35.01,44,634.3,2.287,158.39,No Failure,0
L,295.75,303.96,1491.4,43.25,127,425.9,2.803,144.97,No Failure,0
H,302.79,315.61,1409.2,43.64,160,692.5,3.793,151.67,No Failure,0
L,300.9,311.11,1493.7,51.52,166,2102.0,3.336,174.85,No Failure,0
H,299.74,308.4,1572.2,32.7,126,502.3,2.364,147.43,No Failure,0
L,299.13,309.44,1438.7,47.89,62,294.6,2.015,141.68,No Failure,0
L,298.11,308.54,1618.8,31.43,58,669.5,2.425,150.9,No Failure,0
L,303.88,314.87,1469.2,34.3,48,1569.5,2.416,160.78,No Failure,0
L,300.1,311.03,1476.0,36.41,120,424.8,2.446,154.62,No Failure,0
M,296.52,306.31,1461.8,44.53,139,3406.4,2.876,162.75,No Failure,0
H,300.66,308.93,1670.7,29.13,236,91.0,3.023,140.01,No Failure,0
H,302.41,312.87,1553.9,30.52,35,836.3,1.388,135.89,No Failure,0
L,300.31,308.67,1523.1,33.55,118,609.0,2.567,163.32,No Failure,0
M,298.2,309.41,1306.4,40.48,156,354.7,3.084,136.35,No Failure,0
L,298.02,307.29,1512.5,30.64,107,1880.6,1.852,136.23,No Failure,0
H,298.17,308.8,1330.3,42.64,8,788.3,1.291,141.25,No Failure,0
M,303.04,312.39,1402.5,36.42,168,1669.9,3.763,139.0,No Failure,0
L,299.86,309.36,1480.3,46.58,49,297.9,2.565,142.42,No Failure,0
L,296.64,305.84,1793.7,40.63,184,601.0,3.492,129.4,No Failure,0
L,300.77,311.48,1377.3,57.52,68,204.2,2.679,166.83,No Failure,0
L,300.28,309.66,1520.3,41.21,169,1611.9,3.315,131.64,No Failure,0
H,299.1,309.87,1529.0,27.82,42,347.4,1.739,177.4,No Failure,0
M,297.96,307.36,1422.7,37.87,154,244.5,3.101,159.99,No Failure,0
H,297.87,307.64,1683.4,40.21,29,1365.5,1.423,182.95,No Failure,0
L,302.17,312.21,1500.2,30.91,74,1693.9,2.081,141.5,No Failure,0
M,300.5,310.65,1198.6,55.17,190,576.7,3.197,145.25,No Failure,0
L,300.96,310.03,1546.9,36.9,67,1444.9,2.146,166.7,No Failure,0
M,300.49,311.19,1512.9,33.55,104,794.8,2.636,138.35,No Failure,0
L,300.66,310.38,1539.1,41.82,108,871.6,2.546,160.2,No Failure,0
L,299.06,309.61,1713.6,30.94,63,239.6,2.124,149.22,No Failure,0
M,299.59,309.57,1455.9,49.66,144,296.0,3.201,161.83,No Failure,0
L,302.33,312.92,1459.2,47.65,76,1157.3,2.646,166.95,No Failure,0
L,302.83,312.42,1548.9,41.31,131,475.0,3.042,144.07,No Failure,0
M,297.56,306.77,1696.1,45.92,198,103.0,3.442,141.05,No Failure,0
L,299.58,310.01,1745.0,35.0,188,835.2,2.952,134.82,No Failure,0
H,301.68,311.18,1591.8,24.97,56,601.3,1.454,132.74,No Failure,0
M,303.76,315.22,1611.5,36.74,171,392.9,2.97,143.84,No Failure,0
H,303.56,313.63,1700.9,34.98,190,129.8,3.641,150.38,No Failure,0
M,298.41,307.03,1725.3,19.63,140,550.1,2.809,143.61,No Failure,0
M,302.55,311.96,1578.7,29.42,182,574.9,3.066,153.64,No Failure,0
M,300.12,309.12,1553.6,27.7,104,641.8,2.305,159.21,No Failure,0
H,302.09,313.16,1593.2,29.46,16,39.7,1.148,143.77,No Failure,0
M,301.58,312.35,1290.8,53.33,144,1029.4,2.925,145.06,No Failure,0
L,297.47,307.41,1539.6,45.12,226,795.4,4.086,164.89,No Failure,0
L,301.1,311.39,1548.0,49.65,120,145.1,2.863,154.9,No Failure,0
M,302.01,311.92,1423.5,45.1,141,970.2,3.011,148.26,No Failure,0
L,299.96,310.82,1372.8,50.83,168,905.5,3.696,142.45,No Failure,0
L,299.51,310.03,1402.8,40.27,209,790.4,3.827,161.0,No Failure,0
L,296.86,307.56,1420.8,55.16,122,404.7,3.053,147.16,No Failure,0
M,301.37,311.18,1597.5,27.69,79,1196.1,2.5,127.25,No Failure,0
L,300.42,309.79,1375.5,39.32,157,1786.1,2.996,125.89,No Failure,0
M,298.16,308.82,1844.3,29.75,172,562.5,2.826,140.73,No Failure,0
M,299.35,310.9,1240.6,52.42,167,208.4,3.139,138.15,No Failure,0
H,300.31,311.42,1336.8,44.2,150,287.5,3.544,150.87,No Failure,0
L,298.88,310.46,1489.6,51.87,249,248.2,4.138,127.89,Overstrain Failure,1
M,300.01,310.17,1671.4,25.97,67,769.9,1.993,150.77,No Failure,0
M,296.5,305.53,1483.9,33.98,79,810.0,2.832,138.45,No Failure,0
L,302.7,311.82,1572.6,22.16,212,41.6,3.125,162.57,No Failure,0
M,300.03,311.41,1512.3,43.61,45,349.5,2.157,141.03,No Failure,0
L,297.8,305.94,1568.3,35.72,203,790.6,3.577,160.72,Tool Wear Failure,1
H,295.08,306.59,1376.2,47.56,61,745.6,2.375,149.18,No Failure,0
L,302.06,311.27,1586.9,40.32,167,373.0,3.552,144.22,No Failure,0
H,301.12,313.04,1721.9,18.7,213,645.8,3.418,134.69,Power Failure,1
M,300.42,310.35,1753.1,23.4,217,3256.6,3.494,140.33,No Failure,0
L,301.73,312.45,1488.9,40.82,151,650.4,3.63,166.46,No Failure,0
M,301.72,314.11,1535.7,44.66,54,249.1,1.789,148.81,No Failure,0
L,300.39,310.06,1656.8,17.84,84,484.9,1.641,139.63,Power Failure,1
M,299.49,309.14,1555.4,39.17,177,1349.8,3.334,153.69,No Failure,0
M,299.17,308.47,1613.6,29.83,159,446.9,3.143,144.19,No Failure,0
L,300.84,309.84,1665.1,28.9,72,571.6,2.086,141.43,No Failure,0
L,302.79,312.46,1599.2,33.45,143,1627.6,2.701,144.86,No Failure,0
M,299.79,309.24,1320.1,41.24,234,252.5,4.344,161.45,Tool Wear Failure,1
L,302.95,311.7,1500.1,32.93,14,725.5,1.842,149.51,No Failure,0
H,300.75,310.54,1666.4,20.14,141,483.6,2.433,158.31,No Failure,0
M,300.76,311.21,1532.7,41.16,138,843.7,3.495,144.7,No Failure,0
M,304.81,313.91,1602.3,36.49,212,470.0,3.525,142.49,No Failure,0
L,303.31,313.14,1624.4,30.62,64,176.0,1.971,167.5,No Failure,0
M,303.36,314.76,1461.2,36.92,44,224.4,1.519,137.11,No Failure,0
H,298.4,306.99,1610.5,36.52,110,1531.5,2.709,146.12,No Failure,0
L,304.38,316.32,1423.7,40.44,79,695.9,2.976,163.34,No Failure,0
L,299.84,309.16,1633.5,37.52,222,538.0,4.336,144.4,No Failure,0
L,299.55,309.75,1606.5,41.65,190,1827.6,3.426,172.21,No Failure,0
L,295.68,306.96,1503.0,39.51,98,864.6,2.408,139.25,No Failure,0
M,300.65,312.24,1376.1,48.2,89,439.5,2.66,157.59,No Failure,0
L,297.83,308.3,1310.6,55.85,3,791.6,2.375,170.47,No Failure,0
M,300.82,310.12,1402.8,39.85,22,1516.2,1.878,152.26,No Failure,0
L,297.68,306.89,1466.7,33.78,139,1156.2,3.105,154.87,No Failure,0
L,303.6,313.02,1598.7,25.63,164,455.0,3.161,159.91,No Failure,0
L,301.1,312.99,1397.9,46.46,198,730.5,4.049,119.3,No Failure,0
H,304.56,314.18,1427.3,30.98,27,560.3,1.948,167.14,No Failure,0
M,297.95,308.28,1268.7,63.48,40,2801.4,2.278,154.09,No Failure,0
L,303.1,312.05,1286.0,67.79,138,1138.7,3.583,150.73,Power Failure,1
M,296.39,305.24,1486.5,37.87,22,306.6,1.643,151.88,No Failure,0
L,300.42,310.44,1552.7,23.35,209,1194.7,3.638,125.44,No Failure,0
L,298.74,308.41,1232.5,46.54,110,127.0,2.987,160.86,No Failure,0
L,299.1,308.85,1435.2,60.99,145,113.2,3.638,154.5,Power Failure,1
H,298.97,307.49,1601.4,26.88,195,745.5,3.397,138.52,No Failure,0
M,298.17,308.1,1377.0,58.98,125,729.1,2.774,154.93,No Failure,0
M,297.48,309.03,1664.2,21.51,18,757.4,1.578,156.56,No Failure,0
L,299.12,308.26,1661.1,25.46,57,1005.2,1.5,143.35,No Failure,0
L,300.23,311.13,1496.9,43.09,86,508.0,2.219,165.32,No Failure,0
M,302.33,308.86,1427.5,50.17,40,1232.9,2.541,148.52,No Failure,0
L,300.59,309.79,1574.0,39.34,128,462.8,2.751,146.66,No Failure,0
H,302.33,310.42,1552.1,44.49,4,764.5,1.319,158.04,No Failure,0
M,297.04,308.28,1536.1,51.04,36,340.0,1.995,139.56,No Failure,0
L,299.13,310.01,1327.5,52.2,200,558.3,4.068,144.41,No Failure,0
M,301.42,310.39,1572.2,33.78,31,444.8,1.644,136.23,No Failure,0
H,300.69,310.98,1424.6,31.37,7,565.2,1.831,147.9,No Failure,0
L,298.28,309.48,1372.4,50.54,111,1034.2,3.194,146.02,No Failure,0
M,301.87,313.23,1445.9,44.54,214,1203.6,4.132,151.56,No Failure,0
H,298.94,308.53,1519.6,45.89,60,1311.4,2.514,162.23,No Failure,0
L,298.45,306.24,1542.3,33.39,99,462.9,2.076,158.16,No Failure,0
H,300.97,310.08,1509.5,46.38,190,840.6,3.549,151.55,No Failure,0
L,300.01,310.78,1556.5,29.06,227,340.6,3.783,165.45,No Failure,0
M,298.95,311.05,1428.2,42.47,74,992.7,2.149,142.53,No Failure,0
M,298.89,308.83,1418.9,41.12,39,165.3,2.166,155.94,No Failure,0
M,297.86,307.25,1552.7,41.19,61,2042.2,2.554,160.98,No Failure,0
L,299.21,311.61,1403.4,47.81,202,371.1,3.438,172.71,No Failure,0
M,302.2,312.61,1363.2,29.8,84,887.0,1.694,151.75,No Failure,0
L,300.49,309.26,1503.1,46.77,216,3178.0,3.924,145.35,No Failure,0
L,301.92,311.8,1414.7,40.21,123,499.2,3.567,150.19,No Failure,0
L,301.03,312.03,1580.7,32.08,104,900.7,2.466,150.79,No Failure,0
M,298.78,308.71,1504.1,26.78,181,181.5,2.764,141.92,No Failure,0
L,296.7,307.5,1350.2,58.89,245,839.8,4.595,150.23,Overstrain Failure,1
L,298.15,306.54,1247.2,39.31,187,250.2,3.555,171.28,Heat Dissipation Failure,1
H,298.66,307.22,1525.4,36.45,52,615.3,2.222,129.87,No Failure,0
L,298.5,307.77,1512.7,28.56,81,143.5,2.838,120.93,No Failure,0
L,301.96,311.68,1298.8,50.89,27,819.0,1.724,131.8,No Failure,0
L,301.94,312.28,1487.9,50.11,147,542.1,3.499,138.81,No Failure,0
L,304.42,315.06,1423.8,48.19,242,521.3,4.178,135.69,Overstrain Failure,1
M,298.47,310.94,1482.9,39.39,78,121.0,2.494,140.31,No Failure,0
L,303.19,312.46,1374.7,47.51,64,740.4,2.188,137.61,No Failure,0
L,303.18,312.87,1646.4,31.76,232,527.8,3.337,155.41,No Failure,0
H,299.54,308.82,1443.5,42.18,7,362.7,2.211,138.66,No Failure,0
H,300.95,312.03,1638.2,39.46,52,285.2,2.649,136.15,No Failure,0
M,302.48,313.62,1589.3,42.67,98,957.9,3.218,126.53,No Failure,0
H,299.88,309.43,1773.3,21.87,234,781.0,3.357,161.94,No Failure,0
H,299.73,311.79,1437.5,58.7,247,660.2,4.4,166.08,Overstrain Failure,1
L,298.75,308.04,1316.0,56.19,223,2422.8,4.521,153.05,Overstrain Failure,1
M,295.28,306.31,1596.7,28.5,210,1284.8,3.425,151.53,No Failure,0
M,300.14,311.6,1435.5,45.77,7,973.4,1.581,157.9,No Failure,0
L,298.58,307.22,1694.4,25.13,24,666.6,1.669,159.77,No Failure,0
L,297.85,308.43,1492.3,40.84,223,913.5,3.478,136.14,No Failure,0
L,300.84,308.12,1653.8,18.04,89,1854.6,1.506,147.02,Power Failure,1
M,297.1,307.92,1672.6,37.08,40,161.6,2.647,161.75,No Failure,0
M,301.61,310.51,1509.6,35.12,134,790.7,2.753,143.48,No Failure,0
M,300.97,311.53,1351.3,51.57,230,890.4,4.378,151.89,No Failure,0
L,299.2,309.95,1330.3,56.68,199,256.3,3.842,164.54,Overstrain Failure,1
L,299.87,310.99,1461.1,56.91,104,686.7,3.05,178.71,No Failure,0
L,297.62,308.51,1424.2,51.58,48,1057.8,2.329,161.83,No Failure,0
M,301.5,311.56,1534.7,40.82,191,983.6,3.078,134.78,No Failure,0
H,300.37,309.99,1490.2,43.88,22,647.7,1.718,141.66,No Failure,0
H,300.52,310.45,1272.0,43.83,28,773.4,2.174,164.55,No Failure,0
H,301.0,309.89,1498.2,28.2,183,696.6,3.293,141.04,No Failure,0
H,298.72,308.5,1383.2,51.46,46,191.9,2.285,160.45,No Failure,0
H,296.96,306.67,1473.1,46.9,5,477.8,1.176,170.66,No Failure,0
L,301.91,311.13,1352.5,47.37,247,691.1,4.372,162.82,Overstrain Failure,1
L,301.38,309.64,1591.2,17.19,128,440.7,2.287,171.52,Power Failure,1
L,298.93,307.65,1435.7,44.53,195,1043.6,3.456,136.33,No Failure,0
L,300.82,307.67,1538.9,50.06,176,153.8,3.312,126.73,No Failure,0
L,302.52,312.21,1307.5,39.85,205,472.5,3.672,140.56,No Failure,0
L,302.28,312.64,1301.4,34.99,166,523.3,3.127,150.06,No Failure,0
H,298.87,306.19,1765.2,26.38,177,1047.8,2.977,139.04,No Failure,0
L,297.02,307.26,1477.0,25.66,127,694.1,2.988,140.65,No Failure,0
H,297.37,307.24,1451.2,41.54,40,719.5,2.042,148.28,No Failure,0
M,299.38,308.2,1383.7,37.65,195,656.5,3.065,144.44,No Failure,0
M,302.92,312.49,1492.7,37.51,120,305.6,2.56,160.01,No Failure,0
M,298.54,309.59,1365.4,55.29,147,726.6,3.44,150.17,No Failure,0
L,298.81,307.83,1745.4,27.44,75,768.9,2.3,142.88,No Failure,0
M,298.77,308.85,1592.5,36.54,205,522.0,3.283,161.45,No Failure,0
L,298.94,309.28,1249.0,56.94,188,905.1,3.521,184.29,No Failure,0
H,299.98,309.16,1353.2,36.88,145,365.3,3.134,155.52,No Failure,0
L,297.44,308.45,1539.7,40.66,45,504.1,2.087,143.56,No Failure,0
L,302.17,312.57,1467.2,38.25,108,1493.4,2.756,130.06,No Failure,0
M,299.71,309.46,1378.5,47.06,64,386.4,2.177,146.69,No Failure,0
M,304.96,317.32,1771.0,19.45,149,470.0,2.928,135.62,No Failure,0
L,297.65,308.67,1358.2,37.97,17,795.3,1.961,155.99,No Failure,0
M,303.18,311.49,1462.7,40.54,106,1673.2,2.859,170.07,No Failure,0
L,302.78,312.39,1636.6,30.02,245,1145.3,3.712,139.62,No Failure,0
M,299.18,311.64,1366.3,43.44,52,766.8,2.045,142.93,No Failure,0
L,299.21,308.23,1553.9,47.86,123,640.5,2.932,158.54,No Failure,0
L,298.16,308.22,1372.8,44.52,117,115.4,2.33,141.18,No Failure,0
L,298.18,309.41,1351.3,57.79,216,734.5,3.992,128.9,Overstrain Failure,1
L,300.0,310.65,1472.3,35.67,237,338.4,4.142,164.2,No Failure,0
L,300.04,310.84,1213.5,44.99,208,314.9,3.525,133.11,No Failure,0
L,296.8,307.53,1424.1,44.76,146,237.4,3.694,148.78,No Failure,0
L,304.59,314.61,1590.2,37.64,105,1153.0,2.219,148.18,No Failure,0
L,299.48,308.69,1316.2,51.33,182,428.2,3.355,144.67,No Failure,0
M,300.13,310.57,1420.4,42.88,12,215.9,1.563,157.07,No Failure,0
L,298.75,308.34,1549.6,27.99,164,561.9,3.164,131.46,No Failure,0
M,299.47,308.98,1488.2,47.51,78,1566.0,2.417,154.04,No Failure,0
H,299.28,310.77,1507.6,35.01,115,277.9,2.274,139.5,No Failure,0
L,299.99,309.61,1527.9,36.77,162,1706.4,3.306,150.36,No Failure,0
H,299.97,311.68,1523.2,37.51,101,837.5,2.63,139.82,No Failure,0
L,301.61,311.87,1394.1,47.35,74,1691.0,2.248,151.13,No Failure,0
L,300.45,310.3,1565.7,50.79,49,548.7,2.816,159.71,No Failure,0
M,301.41,309.59,1420.5,38.41,100,1100.0,2.779,147.76,No Failure,0
M,299.98,312.1,1580.6,37.83,3,2068.5,1.75,145.88,No Failure,0
H,300.46,310.46,1778.6,19.53,215,414.8,3.153,140.16,Tool Wear Failure,1
L,299.52,307.25,1544.3,32.9,215,581.5,3.292,150.92,No Failure,0
M,302.01,312.99,1581.2,30.53,169,722.2,3.526,161.64,No Failure,0
L,300.65,310.6,1522.8,43.11,69,799.3,2.078,148.8,No Failure,0
L,299.68,308.75,1475.2,38.93,191,33.2,3.639,166.47,No Failure,0
L,299.62,310.56,1402.1,30.91,147,892.4,3.16,146.64,No Failure,0
H,299.78,307.23,1465.3,41.53,66,754.2,1.862,172.75,No Failure,0
L,300.06,309.35,1653.5,39.32,115,475.8,2.667,126.24,No Failure,0
H,299.89,309.59,1754.4,14.6,20,2872.1,0.994,143.22,Power Failure,1
M,298.88,309.73,1418.3,51.08,27,1269.0,2.196,139.87,No Failure,0
M,301.53,313.77,1487.2,50.11,94,1728.0,2.489,148.59,No Failure,0
M,301.66,311.41,1506.0,37.62,8,511.2,1.36,156.9,No Failure,0
H,303.57,314.03,1474.4,43.53,217,413.5,3.438,180.76,No Failure,0
L,298.79,311.54,1487.2,36.75,235,931.9,3.856,151.14,No Failure,0
L,301.33,311.34,1671.3,23.96,82,704.6,1.585,160.17,No Failure,0
M,296.18,306.65,1278.6,61.64,90,453.9,3.372,140.19,No Failure,0
L,301.66,310.42,1411.6,47.5,192,459.4,3.599,146.26,No Failure,0
L,297.09,309.05,1503.9,49.41,78,195.7,2.806,158.14,No Failure,0
L,298.03,307.32,1505.3,37.15,196,1295.7,3.47,131.79,No Failure,0
L,300.66,310.93,1460.8,51.26,21,1135.8,2.119,136.27,No Failure,0
L,298.76,309.0,1667.9,26.3,133,71.6,2.257,150.95,No Failure,0
L,298.48,308.57,1512.7,37.55,0,1122.2,1.703,148.03,No Failure,0
H,299.03,308.6,1409.4,47.4,181,2168.7,3.19,152.6,No Failure,0
L,301.46,311.7,1431.4,33.73,180,1170.3,3.673,129.81,No Failure,0
H,298.13,309.89,1328.5,49.11,115,398.1,2.767,145.91,No Failure,0
H,299.89,312.17,1530.5,43.04,221,791.0,4.067,146.93,No Failure,0
L,299.24,309.07,1536.4,42.1,166,121.5,2.921,152.31,No Failure,0
M,301.64,311.19,1468.5,32.8,63,301.3,2.298,160.17,No Failure,0
M,301.7,310.89,1503.3,44.04,147,1120.5,2.633,150.54,No Failure,0
M,296.33,309.02,1364.9,59.33,111,289.2,2.604,136.83,No Failure,0
L,302.09,312.22,1570.2,41.75,174,541.1,3.675,153.89,No Failure,0
L,298.78,309.89,1650.4,45.56,155,608.1,3.531,128.98,No Failure,0
L,300.47,311.17,1495.5,47.04,194,1095.4,3.533,151.17,No Failure,0
M,298.12,310.33,1529.4,28.56,41,548.3,1.659,155.79,No Failure,0
H,300.74,310.49,1577.5,38.67,5,298.2,1.571,149.23,No Failure,0
M,305.1,314.0,1419.3,38.37,92,813.7,2.561,157.85,No Failure,0
M,300.25,312.11,1869.9,18.75,18,208.7,1.64,134.14,No Failure,0
H,299.08,309.98,1326.5,47.89,122,1594.5,2.865,177.2,No Failure,0
M,299.54,309.99,1614.0,30.68,89,196.9,1.824,138.92,No Failure,0
L,297.06,308.6,1445.8,46.8,161,1169.1,3.309,118.72,No Failure,0
H,302.9,313.41,1523.4,32.42,169,943.6,2.906,134.63,No Failure,0
L,300.63,312.2,1293.7,60.42,245,1160.4,4.837,185.2,Overstrain Failure,1
L,297.9,308.15,1644.8,37.21,2,274.5,1.44,163.08,No Failure,0
M,297.97,308.87,1397.3,59.21,124,376.1,3.571,134.79,No Failure,0
H,300.03,310.56,1500.1,38.27,199,415.6,3.532,164.09,No Failure,0
L,301.86,311.54,1660.2,39.47,64,539.6,2.023,165.34,No Failure,0
L,297.7,307.49,1364.0,55.67,215,206.8,4.404,132.57,Overstrain Failure,1
L,302.23,311.83,1639.5,30.82,163,620.5,2.802,164.64,No Failure,0
L,299.82,310.08,1375.4,40.5,123,629.3,2.828,145.05,No Failure,0
L,298.14,307.68,1341.0,45.4,28,1139.7,1.872,158.37,No Failure,0
M,299.06,309.5,1531.6,44.04,142,591.4,2.846,161.52,No Failure,0
H,303.5,313.9,1524.3,40.43,1,112.0,1.7,161.25,No Failure,0
L,297.22,307.43,1700.8,39.06,77,149.0,2.16,147.59,No Failure,0
L,298.54,308.76,1368.8,48.46,94,331.4,2.447,140.13,No Failure,0
L,301.91,311.34,1546.7,41.77,21,525.5,1.78,156.3,No Failure,0
L,300.43,310.15,1400.6,49.66,17,1803.2,1.768,159.85,No Failure,0
M,298.42,306.75,1545.0,43.92,222,1317.1,3.763,155.6,No Failure,0
M,301.93,311.81,1517.2,46.5,119,483.6,2.864,149.24,No Failure,0
M,302.02,311.04,1406.8,51.34,23,349.5,2.221,158.07,No Failure,0
L,300.66,310.76,1458.2,36.9,81,633.4,2.195,130.43,No Failure,0
M,298.78,308.06,1381.0,51.06,148,631.8,2.898,158.77,No Failure,0
L,299.08,307.03,1412.4,38.43,223,584.6,3.936,147.54,No Failure,0
L,300.57,312.82,1644.9,25.99,111,198.0,2.234,163.33,No Failure,0
H,297.38,307.14,1273.5,36.71,44,430.0,2.063,151.92,No Failure,0
M,302.66,314.1,1505.5,32.77,120,417.3,2.971,157.23,No Failure,0
H,303.4,312.87,1551.3,43.75,173,776.0,3.374,157.0,No Failure,0
H,299.53,311.23,1602.1,37.14,32,1304.6,1.583,145.53,No Failure,0
M,300.71,309.56,1344.7,41.28,157,416.9,3.112,140.99,No Failure,0
H,302.37,312.55,1471.3,50.14,86,739.9,2.414,161.23,No Failure,0
L,303.91,312.82,1278.4,54.86,248,20.5,4.115,153.89,Overstrain Failure,1
L,303.11,315.71,1442.5,42.93,109,710.4,2.616,153.31,No Failure,0
L,296.53,306.28,1482.1,50.86,142,52.0,2.851,161.07,No Failure,0
L,299.37,310.2,1426.4,38.23,176,256.9,2.983,157.43,No Failure,0
L,301.0,311.45,1753.5,24.37,201,356.8,3.481,166.32,No Failure,0
L,299.01,308.99,1617.5,28.21,13,771.7,1.517,145.79,No Failure,0
M,303.57,314.08,1557.3,38.04,87,633.5,2.503,156.42,No Failure,0
M,303.26,314.62,1533.3,47.96,2,104.5,1.974,166.03,No Failure,0
M,298.37,309.04,1595.6,38.07,18,779.3,1.171,142.58,No Failure,0
L,299.68,309.84,1477.4,51.86,119,1766.0,2.912,138.4,No Failure,0
M,298.5,309.02,1294.3,58.32,101,190.0,3.406,148.83,No Failure,0
L,299.61,311.52,1471.1,31.12,180,411.9,3.71,150.44,No Failure,0
L,299.55,309.13,1304.6,61.25,168,521.4,3.478,152.74,No Failure,0
L,301.91,310.05,1673.5,23.65,230,493.7,3.284,159.49,No Failure,0
L,298.22,307.13,1236.4,58.49,63,1110.1,1.96,156.38,No Failure,0
L,294.77,303.74,1555.1,39.66,136,929.6,2.804,181.36,No Failure,0
H,296.79,305.91,1552.3,37.67,34,713.9,2.04,165.34,No Failure,0
M,297.94,307.1,1484.3,39.92,106,541.3,2.902,142.73,No Failure,0
M,298.69,308.67,1569.5,32.0,26,934.2,1.281,160.76,No Failure,0
L,300.37,310.62,1385.7,55.02,228,92.6,4.096,149.57,Overstrain Failure,1
H,297.84,308.08,1595.1,33.08,132,1930.0,2.595,157.74,No Failure,0
M,297.58,306.85,1612.3,34.35,18,1147.3,1.316,153.88,No Failure,0
L,298.14,309.14,1868.8,26.21,83,1239.4,1.942,128.84,No Failure,0
M,297.77,308.3,1573.7,32.69,192,2314.0,3.598,141.48,No Failure,0
L,298.89,310.47,1498.0,33.0,190,1123.3,3.475,151.83,No Failure,0
L,298.81,309.65,1389.8,32.33,186,225.2,3.385,159.07,No Failure,0
L,301.38,311.03,1387.3,38.24,159,676.5,3.527,136.78,No Failure,0
M,298.02,309.33,1521.0,28.85,246,1101.1,3.774,166.66,No Failure,0
L,299.28,309.56,1434.5,55.95,234,665.4,4.186,160.8,Overstrain Failure,1
L,298.91,309.71,1476.7,38.47,100,722.2,2.67,138.23,No Failure,0
L,301.62,312.34,1506.7,43.74,245,1347.5,3.795,149.94,No Failure,0
H,299.69,309.57,1365.2,48.62,171,535.6,3.702,160.86,No Failure,0
L,302.1,312.2,1379.0,60.25,0,1553.1,2.159,164.28,No Failure,0
L,297.7,307.56,1505.7,49.1,186,376.2,3.725,133.78,No Failure,0
L,299.9,309.05,1483.6,37.52,58,726.0,1.89,142.2,No Failure,0
H,298.85,306.7,1625.0,29.27,214,110.8,3.701,162.44,Tool Wear Failure,1
M,297.55,306.85,1433.3,43.38,60,111.2,2.754,136.38,No Failure,0
H,299.86,310.06,1304.1,50.62,119,2651.1,3.133,157.23,No Failure,0
L,303.47,314.55,1538.5,41.42,219,663.8,3.622,149.92,No Failure,0
L,298.29,309.09,1531.9,40.65,196,530.8,4.076,147.53,No Failure,0
M,299.75,309.47,1536.3,42.13,33,777.3,2.077,121.86,No Failure,0
L,297.38,306.7,1735.6,21.3,243,942.0,4.148,162.8,No Failure,0
H,297.08,306.9,1465.9,41.46,104,253.4,2.353,141.15,No Failure,0
H,298.43,307.45,1425.7,47.32,132,1123.3,2.837,142.85,No Failure,0
L,299.1,306.98,1478.0,39.54,13,448.4,1.935,155.79,No Failure,0
H,299.19,307.64,1441.2,51.24,7,2528.2,1.079,150.07,No Failure,0
M,299.55,310.92,1395.0,51.57,119,729.9,3.566,150.01,No Failure,0
L,296.7,308.56,1551.6,34.96,89,57.1,2.75,148.23,No Failure,0
L,298.75,309.5,1399.8,44.42,9,420.8,1.55,143.32,No Failure,0
L,301.0,310.95,1404.1,40.43,21,726.3,2.165,142.53,No Failure,0
H,297.28,305.89,1580.5,19.71,181,179.3,3.002,157.12,Power Failure,1
L,299.29,309.13,1552.5,38.13,147,853.9,2.943,138.67,No Failure,0
L,300.59,311.2,1578.6,29.69,129,953.4,2.373,142.17,No Failure,0
M,298.44,309.27,1444.9,41.34,141,550.9,3.326,150.59,No Failure,0
L,300.68,311.37,1505.1,46.83,249,53.3,4.415,157.47,Overstrain Failure,1
L,296.96,308.17,1648.6,37.82,115,2012.7,2.773,140.94,No Failure,0
M,301.78,313.72,1527.5,31.0,246,142.6,3.519,140.17,No Failure,0
L,300.73,310.33,1383.7,42.34,74,448.8,2.525,146.49,No Failure,0
L,300.11,312.92,1389.6,64.44,196,1069.4,4.329,139.24,Power Failure,1
L,302.25,310.23,1675.2,18.28,157,904.6,3.246,148.49,Power Failure,1
L,299.34,308.56,1464.9,42.33,73,323.4,2.319,123.05,No Failure,0
L,298.76,308.96,1635.1,34.56,29,317.9,1.612,168.0,No Failure,0
M,302.75,313.29,1510.5,35.74,28,673.9,1.467,149.14,No Failure,0
H,303.68,313.5,1544.1,38.95,163,241.8,3.228,128.47,No Failure,0
L,298.61,308.12,1541.9,36.56,39,665.1,2.162,143.0,No Failure,0
H,299.77,311.98,1743.9,46.02,155,1136.3,3.848,150.62,No Failure,0
M,302.09,311.55,1507.3,37.58,172,413.0,3.413,148.43,No Failure,0
M,299.84,308.82,1757.3,18.38,184,567.9,3.399,133.94,Power Failure,1
M,301.19,312.88,1375.1,52.8,33,829.2,2.222,164.72,No Failure,0
M,301.56,312.41,1450.2,51.29,30,1506.6,2.332,160.15,No Failure,0
H,298.88,309.97,1530.9,33.93,70,876.3,2.01,134.16,No Failure,0
L,300.84,311.03,1567.6,40.5,121,385.8,2.894,153.76,No Failure,0
M,299.99,308.61,1394.0,52.18,23,1261.5,1.765,138.78,No Failure,0
L,297.57,307.65,1462.7,50.33,122,1088.3,3.348,133.46,No Failure,0
L,298.02,306.51,1323.4,53.57,12,1234.3,2.623,138.77,Heat Dissipation Failure,1
M,298.7,308.94,1398.3,43.74,35,485.6,2.07,158.59,No Failure,0
L,301.86,312.51,1269.1,47.7,97,1400.3,2.591,137.57,No Failure,0
L,301.92,313.0,1420.2,54.09,143,418.5,4.472,152.88,No Failure,0
L,301.5,311.41,1469.1,36.57,103,316.1,2.906,132.49,No Failure,0
L,300.88,311.63,1662.3,44.41,176,1417.7,3.9,157.85,No Failure,0
M,300.83,309.92,1629.2,18.53,48,644.2,1.77,146.12,Power Failure,1
M,300.56,311.52,1738.6,24.2,24,657.1,1.216,154.64,No Failure,0
L,300.82,311.49,1563.0,45.0,230,245.2,3.937,134.77,No Failure,0
L,300.95,310.15,1425.6,46.53,108,275.2,2.836,175.31,No Failure,0
L,297.19,307.72,1464.7,36.13,151,328.5,3.022,172.74,No Failure,0
L,298.42,309.51,1536.4,33.94,179,454.6,2.941,119.03,No Failure,0
M,297.94,308.02,1630.6,36.44,72,465.9,2.241,164.97,No Failure,0
M,302.21,311.39,1690.3,41.92,16,110.0,1.451,151.55,No Failure,0
L,303.31,313.49,1574.0,16.86,208,1072.5,2.815,155.49,Power Failure,1
L,295.66,306.21,1464.0,44.66,170,1989.7,3.157,154.8,No Failure,0
H,303.13,312.3,1443.0,40.32,138,245.4,2.898,160.73,No Failure,0
M,300.17,309.17,1447.7,42.47,216,607.1,3.741,142.63,No Failure,0
L,302.03,312.55,1663.5,38.76,111,1198.2,2.643,131.75,No Failure,0
L,301.01,311.84,1541.4,26.17,12,1354.9,1.982,141.84,No Failure,0
L,302.88,315.03,1443.2,29.02,187,437.6,3.209,140.31,No Failure,0
H,300.42,311.09,1396.3,55.23,201,1243.8,3.357,150.06,Tool Wear Failure,1
L,297.27,306.06,1585.6,33.57,91,200.3,2.272,149.69,No Failure,0
L,299.79,311.83,1397.5,48.08,49,34.6,2.165,143.71,No Failure,0
H,301.03,312.09,1525.3,29.18,200,453.2,2.691,141.56,No Failure,0
M,299.57,307.56,1515.6,39.85,14,2102.2,1.719,157.96,No Failure,0
L,301.32,310.29,1413.8,35.59,1,632.0,1.339,137.13,No Failure,0
L,299.87,309.38,1561.0,37.13,208,2631.4,3.576,159.02,No Failure,0
L,298.81,309.65,1495.9,36.6,61,216.7,2.187,149.31,No Failure,0
M,297.83,305.45,1509.3,54.44,196,385.6,3.782,143.21,No Failure,0
L,299.22,309.1,1374.5,59.27,132,1049.9,3.244,137.91,No Failure,0
H,300.41,311.19,1467.2,42.38,233,1415.7,3.795,166.67,No Failure,0
H,296.08,303.25,1512.3,35.87,209,894.3,3.748,129.04,No Failure,0
M,298.44,309.19,1432.3,26.71,120,431.2,2.385,155.17,No Failure,0
M,296.01,306.87,1600.7,26.02,185,2572.3,3.332,148.34,No Failure,0
L,298.77,307.92,1365.8,54.49,40,575.9,1.931,146.8,No Failure,0
L,302.39,311.24,1622.1,25.31,233,422.0,3.481,134.5,No Failure,0
M,297.63,306.77,1518.1,35.6,229,825.1,3.917,140.71,No Failure,0
L,301.41,308.73,1616.1,41.55,65,1116.4,1.915,177.86,No Failure,0
L,305.7,315.37,1683.9,13.98,130,390.1,2.183,163.09,Power Failure,1
L,302.91,313.13,1524.1,27.49,230,249.6,3.786,162.06,No Failure,0
L,300.27,309.05,1457.2,26.62,81,1220.7,1.886,158.52,No Failure,0
L,301.72,312.69,1513.1,33.34,28,29.2,2.08,153.16,No Failure,0
M,297.26,307.36,1385.1,42.59,245,260.4,4.079,167.39,No Failure,0
H,296.85,307.11,1301.0,50.28,49,258.5,2.178,152.69,No Failure,0
M,300.06,309.66,1525.0,33.36,39,385.1,2.006,178.42,No Failure,0
H,300.8,311.54,1639.4,35.38,116,1173.6,2.662,165.43,No Failure,0
L,302.19,313.48,1593.7,38.8,115,1294.5,2.71,154.42,No Failure,0
H,298.86,308.45,1449.1,31.94,52,610.8,1.876,157.98,No Failure,0
M,300.39,311.15,1469.9,44.18,220,1566.7,3.813,149.47,No Failure,0
L,300.32,311.09,1502.2,44.49,7,1925.4,1.42,171.1,No Failure,0
H,299.74,310.16,1770.3,12.78,230,528.2,3.524,143.2,Power Failure,1
L,299.86,311.53,1593.2,46.39,159,967.7,3.112,158.13,No Failure,0
L,298.29,307.56,1384.6,41.27,65,330.4,2.545,151.72,No Failure,0
L,300.56,310.14,1399.6,42.59,101,91.4,2.356,140.71,No Failure,0
L,300.39,309.61,1346.0,51.8,20,608.9,2.361,155.29,No Failure,0
L,299.12,309.84,1675.9,22.14,230,727.0,3.287,117.31,No Failure,0
M,301.33,311.06,1355.5,27.45,176,915.2,3.304,160.94,No Failure,0
H,302.06,311.36,1485.0,39.3,245,602.6,3.888,168.85,No Failure,0
L,301.35,313.02,1525.3,16.79,10,140.5,1.264,143.91,Power Failure,1
M,297.92,309.72,1516.7,37.88,231,451.9,3.665,145.9,No Failure,0
L,300.2,309.87,1618.6,48.46,208,1374.7,3.588,147.94,No Failure,0
H,298.18,306.81,1549.4,43.97,129,160.1,2.836,162.52,No Failure,0
L,300.19,312.06,1383.3,40.79,154,589.5,3.323,168.59,No Failure,0
L,298.18,308.66,1480.9,37.67,77,412.8,2.49,165.94,No Failure,0
M,302.55,312.98,1454.1,35.72,127,486.7,2.919,164.36,No Failure,0
M,301.57,311.67,1655.3,35.15,238,1247.8,3.928,154.75,No Failure,0
M,302.31,311.51,1283.5,42.29,203,2241.2,4.268,126.01,No Failure,0
M,302.1,311.69,1584.5,24.49,93,360.1,1.95,147.76,No Failure,0
M,299.46,310.14,1320.3,54.63,137,192.6,3.2,161.3,No Failure,0
L,299.15,308.7,1453.4,32.62,94,274.9,1.632,161.11,No Failure,0
L,303.48,313.92,1604.7,45.58,87,260.6,2.681,147.82,No Failure,0
L,299.67,309.68,1352.6,40.8,158,624.9,2.907,127.74,No Failure,0
L,297.29,306.23,1484.8,28.46,104,1233.1,2.372,160.79,No Failure,0
L,302.01,313.64,1540.2,52.93,158,456.3,3.196,139.63,No Failure,0
L,300.29,310.88,1404.5,50.81,242,310.0,4.163,139.67,Overstrain Failure,1
L,303.01,313.34,1609.9,24.29,26,1256.9,1.564,162.53,No Failure,0
M,300.49,311.04,1449.6,39.26,100,185.2,2.349,152.11,No Failure,0
L,299.96,308.17,1483.2,42.07,47,639.0,2.18,160.99,No Failure,0
M,303.05,312.56,1627.1,19.29,16,914.9,1.193,133.6,Power Failure,1
M,296.92,305.4,1603.5,18.79,0,234.6,0.957,149.08,Power Failure,1
L,298.83,308.95,1440.6,31.66,93,642.2,2.531,130.27,No Failure,0
L,298.23,308.55,1608.7,26.87,24,1249.6,1.618,162.42,No Failure,0
M,295.61,305.75,1529.7,29.56,179,439.2,2.638,159.91,No Failure,0
M,301.75,312.92,1562.8,26.87,85,933.2,2.065,138.54,No Failure,0
L,298.89,307.39,1569.2,38.78,54,131.0,1.798,147.22,No Failure,0
L,301.81,311.01,1525.9,31.08,237,322.9,4.162,157.41,No Failure,0
M,300.78,311.19,1401.0,51.14,156,230.0,3.139,138.16,No Failure,0
M,301.21,311.48,1636.2,41.8,199,519.2,3.414,129.37,No Failure,0
L,299.09,307.77,1471.0,47.94,192,302.5,3.668,149.54,No Failure,0
L,298.47,309.67,1586.5,23.12,56,1744.4,1.946,159.3,No Failure,0
H,300.18,311.72,1451.5,33.72,157,797.0,2.818,138.1,No Failure,0
L,301.84,312.26,1477.2,41.36,29,220.9,1.939,166.13,No Failure,0
H,299.9,308.39,1534.7,44.53,133,409.9,3.076,154.85,No Failure,0
L,298.6,308.76,1498.7,33.52,249,418.5,3.449,165.58,No Failure,0
M,297.6,307.94,1536.2,34.99,52,1263.8,2.133,137.44,No Failure,0
L,300.41,310.14,1475.9,36.08,180,864.9,3.148,137.94,No Failure,0
L,298.89,310.24,1487.1,37.02,13,612.8,1.306,142.05,No Failure,0
H,299.86,309.74,1211.9,61.64,130,888.0,3.841,167.56,No Failure,0
L,299.52,311.63,1493.9,43.13,31,1380.0,1.692,150.86,No Failure,0
H,299.11,309.89,1504.3,40.4,244,2508.6,4.248,147.69,No Failure,0
L,300.59,310.86,1728.0,27.41,111,1972.3,2.574,166.44,No Failure,0
H,301.11,312.03,1602.7,27.65,238,686.6,3.22,135.38,No Failure,0
H,303.93,315.46,1447.0,37.87,225,480.1,3.562,153.16,No Failure,0
M,301.52,312.41,1534.4,51.3,28,795.4,1.758,148.83,No Failure,0
L,303.19,313.11,1542.8,38.01,126,1108.4,3.063,169.34,No Failure,0
M,298.36,307.7,1523.6,38.44,159,365.6,3.367,161.38,No Failure,0
M,296.8,305.68,1552.3,32.56,107,722.0,2.967,144.13,No Failure,0
H,299.97,307.53,1647.0,22.58,172,815.4,2.658,170.51,No Failure,0
L,301.72,311.89,1381.2,44.37,111,1777.6,3.471,152.21,No Failure,0
L,301.4,311.01,1506.6,37.46,215,303.4,3.951,157.0,No Failure,0
L,302.42,312.09,1438.2,44.46,157,135.0,3.726,154.79,No Failure,0
M,294.93,305.96,1513.3,41.55,124,125.0,2.893,170.51,No Failure,0
H,302.51,312.39,1671.2,30.36,213,1269.6,3.433,121.02,No Failure,0
L,300.67,312.57,1562.5,42.25,169,1546.8,3.063,156.46,No Failure,0
M,296.91,306.34,1642.9,27.09,67,453.7,2.365,177.22,No Failure,0
H,301.45,310.48,1321.1,42.18,88,1109.0,2.465,134.85,No Failure,0
L,300.34,309.08,1459.5,39.37,23,1419.8,1.763,138.3,No Failure,0
L,300.76,311.49,1206.4,55.41,100,835.7,3.224,152.85,No Failure,0
M,302.0,313.15,1660.3,31.33,141,2237.9,3.061,165.13,No Failure,0
M,300.86,310.27,1588.9,26.73,140,562.6,2.656,154.07,No Failure,0
L,297.05,305.99,1513.4,35.87,197,1073.9,3.512,147.43,No Failure,0
H,299.71,311.24,1383.2,46.09,53,18.1,2.321,149.88,No Failure,0
M,296.76,305.31,1831.2,12.02,98,1891.4,2.025,145.64,Power Failure,1
H,301.3,312.31,1432.7,48.76,198,745.2,4.091,144.45,No Failure,0
H,302.8,312.22,1500.0,37.91,182,811.4,3.52,133.69,No Failure,0
H,297.52,307.91,1596.2,28.58,124,1096.1,2.504,175.51,No Failure,0
M,298.66,309.73,1541.2,36.32,197,1347.6,3.867,152.14,No Failure,0
L,298.24,308.71,1540.8,32.59,212,621.9,3.376,137.86,Tool Wear Failure,1
M,299.09,308.8,1705.3,27.75,106,1272.2,2.372,163.5,No Failure,0
L,300.82,312.22,1761.4,20.61,196,531.0,3.091,122.02,No Failure,0
M,299.11,309.4,1443.6,47.3,56,1596.2,2.177,134.52,No Failure,0
L,301.31,314.99,1468.4,34.41,140,1136.0,2.783,153.62,No Failure,0
M,302.13,310.43,1554.4,36.09,62,267.3,2.416,149.44,No Failure,0
L,302.2,310.48,1372.5,48.45,171,256.5,3.488,156.81,Heat Dissipation Failure,1
L,297.76,308.76,1617.6,40.56,91,1332.4,3.023,139.05,No Failure,0
L,302.77,312.74,1759.8,24.41,212,94.8,3.246,144.82,No Failure,0
M,302.93,313.72,1504.7,46.73,228,534.9,3.828,147.63,No Failure,0
M,303.11,312.01,1270.5,54.84,84,1193.6,2.339,140.15,No Failure,0
L,299.68,309.74,1411.5,45.03,8,399.5,1.382,136.57,No Failure,0
H,298.5,308.95,1544.8,31.35,182,744.7,3.01,168.72,No Failure,0
H,298.03,307.49,1535.9,25.27,228,384.7,3.336,137.38,No Failure,0
L,297.8,308.03,1538.6,30.99,230,248.5,3.54,146.88,No Failure,0
M,300.02,308.66,1506.4,41.03,57,1515.6,2.229,138.36,No Failure,0
L,301.7,312.09,1427.1,54.26,7,302.8,1.705,142.62,No Failure,0
L,302.61,314.06,1670.4,32.41,19,354.8,2.126,132.59,No Failure,0
M,299.03,307.79,1543.7,33.51,124,506.7,2.672,134.5,No Failure,0
L,299.92,308.62,1385.1,50.21,67,528.3,2.709,145.61,No Failure,0
H,299.79,310.98,1412.6,35.66,36,575.7,1.603,145.97,No Failure,0
H,298.73,307.41,1387.9,57.14,49,1459.1,2.308,153.17,No Failure,0
H,301.47,312.31,1464.9,38.52,96,777.8,2.614,175.14,No Failure,0
M,300.73,310.78,1381.6,51.68,13,431.8,2.081,152.62,No Failure,0
M,300.28,309.87,1412.3,43.83,207,569.1,4.004,143.88,No Failure,0
H,300.72,312.18,1388.9,47.07,238,970.6,3.724,121.58,No Failure,0
L,301.23,312.16,1572.7,38.23,49,61.2,2.836,134.3,No Failure,0
L,301.21,311.49,1497.7,38.88,143,517.0,3.481,171.09,No Failure,0
M,298.32,306.17,1601.0,44.19,8,1678.6,1.824,158.61,No Failure,0
L,301.79,312.5,1329.4,47.98,21,639.6,2.066,153.74,No Failure,0
L,300.51,309.44,1564.4,45.26,71,704.5,2.473,156.55,No Failure,0
L,299.13,308.91,1590.9,22.33,211,561.1,3.063,135.89,No Failure,0
M,300.47,310.48,1468.3,42.58,194,1473.4,3.177,154.12,No Failure,0
L,300.69,312.59,1591.0,33.43,177,1814.9,2.889,147.1,No Failure,0
L,302.16,311.91,1630.0,34.54,26,27.0,1.363,163.31,No Failure,0
L,297.91,306.48,1553.3,44.58,54,2123.2,2.731,148.12,No Failure,0
L,302.65,314.12,1452.3,56.98,146,193.5,3.248,140.22,No Failure,0
H,300.05,310.77,1493.8,37.68,92,1210.6,2.799,153.62,No Failure,0
L,298.99,309.75,1499.3,59.73,185,1223.5,3.767,144.57,Power Failure,1
M,298.93,310.41,1637.1,29.03,138,237.8,2.718,156.97,No Failure,0
M,298.0,309.72,1168.0,52.32,142,529.2,3.19,150.2,No Failure,0
L,296.52,305.63,1464.9,44.31,143,779.0,2.937,161.71,No Failure,0
H,301.35,309.96,1445.4,42.09,233,2189.8,4.491,138.64,No Failure,0
M,303.96,314.8,1357.5,53.83,138,748.9,3.291,168.67,No Failure,0
M,296.76,306.5,1604.6,33.63,189,838.3,3.778,154.71,No Failure,0
L,298.1,307.93,1421.8,52.78,121,1394.1,3.13,150.31,No Failure,0
L,301.5,310.38,1452.2,37.92,22,384.0,2.199,161.94,No Failure,0
H,299.91,310.49,1683.0,33.58,135,343.1,2.846,158.35,No Failure,0
M,301.67,312.07,1486.9,26.73,213,1082.1,3.38,157.78,No Failure,0
H,299.8,309.64,1247.8,55.85,190,892.5,3.372,155.4,No Failure,0
H,298.84,307.45,1307.4,51.41,136,516.5,3.407,158.56,No Failure,0
L,299.55,310.76,1574.6,35.22,239,1360.8,4.351,147.05,No Failure,0
M,295.24,305.49,1485.8,45.45,241,1848.4,4.414,157.06,No Failure,0
L,297.71,308.83,1413.2,41.27,235,1342.4,3.844,143.55,No Failure,0
M,301.9,309.79,1471.1,36.47,246,489.8,4.226,140.53,No Failure,0
L,302.38,312.44,1418.9,49.65,83,711.5,2.302,143.91,No Failure,0
L,302.81,312.1,1450.3,33.75,40,393.1,1.569,129.27,No Failure,0
M,300.88,310.92,1743.6,18.08,110,1691.6,2.052,135.18,Power Failure,1
M,295.49,306.43,1616.6,42.6,62,691.4,2.066,146.07,No Failure,0
M,298.73,309.1,1475.1,40.67,40,146.5,2.188,130.65,No Failure,0
L,302.65,312.67,1575.1,34.07,163,1056.3,3.358,145.26,No Failure,0
L,303.25,313.26,1577.6,31.08,27,717.4,1.567,159.99,No Failure,0
H,302.73,311.17,1744.2,24.41,13,633.7,1.894,146.07,No Failure,0
L,299.53,308.62,1700.1,36.37,46,156.7,1.833,145.28,No Failure,0
L,297.39,308.51,1534.3,31.25,100,382.6,2.774,147.95,No Failure,0
M,299.92,309.41,1422.2,49.64,164,762.3,3.322,118.47,No Failure,0
L,300.03,311.17,1532.3,45.17,247,1195.7,4.177,151.23,Overstrain Failure,1
M,303.13,313.96,1566.2,35.15,156,940.0,3.083,158.34,No Failure,0
L,300.46,311.33,1372.6,45.23,131,332.8,3.266,161.22,No Failure,0
H,300.03,310.37,1342.2,38.93,73,444.6,2.248,144.07,No Failure,0
H,300.15,309.71,1464.2,37.31,82,300.4,1.862,167.56,No Failure,0
H,300.8,310.65,1530.3,39.45,154,556.2,3.359,152.86,No Failure,0
M,301.25,311.89,1319.3,57.71,46,1164.6,2.412,161.73,No Failure,0
L,298.55,306.43,1350.0,46.44,19,461.7,2.441,146.01,Heat Dissipation Failure,1
M,297.88,309.13,1468.1,37.02,187,540.3,3.022,167.3,No Failure,0
H,302.74,312.24,1589.7,48.94,245,652.4,4.166,143.97,No Failure,0
M,296.72,306.63,1326.2,48.58,232,191.0,3.608,154.25,No Failure,0
M,303.28,313.2,1447.3,42.6,168,788.0,3.362,150.24,No Failure,0
M,296.18,306.14,1476.3,36.71,231,728.0,3.875,134.98,No Failure,0
M,298.83,307.52,1704.1,36.05,189,748.1,3.832,168.51,No Failure,0
M,301.94,312.1,1449.9,29.25,16,299.9,1.69,145.89,No Failure,0
L,300.0,310.6,1411.3,41.8,97,2080.8,2.453,135.41,No Failure,0
L,297.37,305.32,1551.1,33.9,18,2168.6,1.684,139.93,No Failure,0
M,300.85,309.55,1546.6,35.63,64,533.1,2.447,159.53,No Failure,0
L,300.13,311.03,1547.6,46.24,247,99.5,3.667,169.42,Overstrain Failure,1
H,299.57,310.28,1453.2,56.87,206,27.2,4.16,139.22,No Failure,0
M,298.75,309.05,1403.3,43.74,238,264.3,3.84,155.34,No Failure,0
L,299.93,309.25,1533.2,38.95,120,281.6,2.669,144.01,No Failure,0
H,298.84,309.55,1482.5,39.81,54,575.7,2.141,121.8,No Failure,0
M,304.87,313.67,1364.3,51.38,94,381.0,2.312,158.48,No Failure,0
M,299.52,309.38,1557.0,43.88,49,451.9,1.715,137.48,No Failure,0
L,299.25,307.95,1504.0,41.94,241,1363.4,4.244,158.29,No Failure,0
H,298.92,308.75,1618.9,42.65,147,420.7,2.995,156.61,No Failure,0
L,303.55,312.52,1653.7,25.71,12,1703.2,1.423,144.69,No Failure,0
M,296.72,307.48,1548.8,43.9,79,669.8,2.536,154.44,No Failure,0
L,300.72,311.15,1322.3,31.25,124,706.4,2.292,160.21,No Failure,0
M,299.52,308.95,1473.2,43.94,179,1209.5,3.246,129.51,No Failure,0
M,297.15,308.24,1594.5,32.65,224,1364.8,3.424,153.75,No Failure,0
M,298.36,307.41,1496.7,45.91,51,917.0,1.53,155.8,No Failure,0
L,300.63,310.6,1648.2,38.47,176,666.3,3.27,147.41,No Failure,0
H,298.27,307.66,1644.2,28.55,201,466.3,3.332,168.98,No Failure,0
M,300.52,311.26,1411.1,37.09,195,110.6,3.634,152.61,No Failure,0
L,303.46,314.1,1369.0,62.06,70,1272.2,2.847,176.72,No Failure,0
H,300.34,311.64,1754.2,17.27,84,1037.2,1.465,167.64,Power Failure,1
M,297.09,307.18,1428.9,41.66,34,453.7,1.459,172.08,No Failure,0
H,298.31,305.35,1540.9,29.89,145,423.9,2.661,159.14,No Failure,0
H,299.43,309.0,1457.8,53.77,85,1405.5,2.788,164.06,No Failure,0
H,299.3,310.86,1432.2,48.16,103,27.7,2.638,147.1,No Failure,0
M,300.3,309.98,1580.9,41.86,4,672.8,1.443,175.45,No Failure,0
M,300.62,308.71,1440.7,49.17,236,585.7,4.538,137.04,No Failure,0
L,303.46,313.91,1281.5,42.45,161,1275.6,3.431,171.97,No Failure,0
M,299.99,310.52,1502.2,40.06,59,1026.0,2.403,148.37,No Failure,0
M,297.7,306.97,1509.7,34.01,16,239.7,1.744,133.87,No Failure,0
M,302.31,312.06,1581.9,36.39,97,410.6,2.165,157.59,No Failure,0
H,302.53,311.68,1572.9,35.36,36,739.5,2.087,149.23,No Failure,0
L,300.46,310.99,1412.0,40.1,47,428.1,2.829,157.9,No Failure,0
L,299.51,309.56,1666.9,21.08,198,204.8,3.384,173.76,No Failure,0
M,301.25,310.08,1463.5,50.3,13,274.0,1.905,136.31,No Failure,0
L,299.58,309.57,1381.9,59.47,126,1883.3,2.788,168.89,No Failure,0
L,295.89,305.16,1620.2,35.68,193,465.8,3.216,159.33,No Failure,0
L,301.13,312.59,1311.7,51.75,148,863.0,3.523,160.56,No Failure,0
H,301.78,312.68,1494.4,38.66,32,79.2,2.087,128.79,No Failure,0
L,302.88,312.76,1345.4,33.98,70,1163.6,1.869,156.45,No Failure,0
L,298.54,308.62,1634.5,36.18,43,893.9,2.098,163.66,No Failure,0
L,300.45,311.47,1501.8,40.86,243,1234.4,3.757,174.62,No Failure,0
L,300.5,310.32,1547.6,32.79,169,187.5,3.405,131.63,No Failure,0
L,300.17,310.93,1440.0,46.06,246,2153.8,4.364,146.55,Overstrain Failure,1
M,300.23,311.71,1584.8,34.81,34,1490.7,2.13,183.62,No Failure,0
M,300.07,309.58,1679.5,29.27,91,177.8,2.148,125.38,No Failure,0
L,300.42,312.07,1475.4,39.8,88,414.1,2.694,164.4,No Failure,0
M,301.48,312.84,1592.4,33.06,196,894.9,3.456,153.93,No Failure,0
L,302.44,312.69,1562.0,36.73,18,193.7,1.834,142.59,No Failure,0
L,298.49,308.04,1306.5,39.46,200,1829.9,3.609,145.82,No Failure,0
H,299.66,309.89,1543.5,26.6,116,1115.2,2.233,181.17,No Failure,0
M,299.15,308.91,1422.5,54.59,228,420.4,4.27,161.17,Overstrain Failure,1
H,298.87,308.08,1546.0,48.13,82,1022.8,2.718,148.87,No Failure,0
L,296.77,307.3,1672.7,33.7,215,439.0,3.293,141.26,No Failure,0
L,300.05,309.02,1391.3,39.81,223,1908.2,3.997,161.53,Tool Wear Failure,1
L,300.96,310.62,1539.1,46.36,109,735.3,2.973,146.94,No Failure,0
L,299.69,309.36,1576.3,42.09,224,859.3,3.679,139.91,No Failure,0
H,299.98,308.62,1386.8,58.8,90,271.1,2.955,148.03,No Failure,0
L,300.84,311.5,1337.3,37.61,165,502.1,3.018,155.92,No Failure,0
H,302.82,312.59,1356.5,51.89,233,1391.4,4.344,148.46,No Failure,0
H,299.16,310.46,1616.5,26.65,44,536.2,1.507,172.16,No Failure,0
M,297.66,307.41,1573.2,28.19,102,256.1,2.781,160.4,No Failure,0
L,299.82,309.41,1170.1,56.84,13,179.9,2.448,147.01,No Failure,0
M,303.77,312.86,1511.0,35.68,130,793.5,3.059,160.18,No Failure,0
L,297.68,307.72,1509.6,28.33,68,128.9,2.631,146.89,Random Failure,1
M,301.3,311.34,1557.0,39.52,24,59.1,2.259,148.42,No Failure,0
L,302.32,313.06,1442.1,52.64,225,817.6,4.384,150.55,Overstrain Failure,1
H,295.27,305.34,1608.2,32.36,73,55.2,2.646,144.74,No Failure,0
M,300.82,312.91,1470.1,39.58,182,735.6,3.374,164.01,No Failure,0
M,301.21,311.66,1650.2,21.46,40,652.2,1.463,163.28,No Failure,0
M,299.47,308.48,1530.0,35.31,66,412.1,2.46,138.76,No Failure,0
M,298.71,307.64,1502.5,49.97,20,625.8,1.967,170.84,No Failure,0
H,298.82,309.35,1514.7,32.16,177,963.0,3.49,156.44,No Failure,0
L,299.34,308.32,1533.6,27.28,92,1640.6,2.034,124.92,No Failure,0
H,299.4,309.99,1648.6,32.24,225,553.1,3.497,152.9,Tool Wear Failure,1
H,299.02,309.91,1622.7,33.9,128,746.2,2.32,157.77,No Failure,0
H,299.31,310.23,1480.8,47.65,47,237.7,1.889,141.83,No Failure,0
L,302.38,311.51,1611.8,43.8,194,734.2,3.719,179.0,No Failure,0
H,297.57,308.49,1642.1,45.73,216,571.4,3.452,139.41,Tool Wear Failure,1
L,296.5,306.82,1608.5,40.28,151,884.6,2.819,156.84,No Failure,0
M,302.41,311.81,1482.3,33.8,173,222.1,2.966,141.82,No Failure,0
L,299.62,309.46,1636.9,32.24,206,2248.7,3.382,142.4,No Failure,0
L,299.22,309.69,1475.3,44.32,27,456.4,1.983,151.45,No Failure,0
L,299.78,309.1,1322.3,55.89,58,787.2,3.086,140.27,No Failure,0
L,300.42,310.72,1508.6,30.59,194,30.4,3.59,145.87,No Failure,0
L,298.95,310.4,1605.7,29.82,198,656.8,3.2,142.04,No Failure,0
H,301.01,311.98,1664.4,28.64,46,814.1,1.839,130.87,No Failure,0
L,298.08,308.16,1557.6,48.32,12,1305.7,1.725,146.19,No Failure,0
M,299.4,309.63,1564.0,39.58,135,874.9,3.207,175.08,No Failure,0
L,295.57,305.03,1507.2,45.55,69,1758.0,2.57,143.13,No Failure,0
M,302.34,311.83,1522.1,34.92,41,1374.3,1.746,149.28,No Failure,0
M,299.65,308.11,1470.0,46.18,110,163.8,2.939,151.17,No Failure,0
L,301.34,311.59,1388.5,37.12,66,1805.5,2.339,170.99,No Failure,0
M,300.95,311.64,1674.5,24.55,239,507.7,3.697,155.32,No Failure,0
H,301.1,311.03,1465.0,49.23,203,631.0,3.932,139.18,No Failure,0
H,299.98,309.11,1675.2,39.64,22,137.9,1.986,129.51,No Failure,0
L,300.78,310.84,1521.3,36.9,240,1250.2,4.577,138.77,No Failure,0
L,298.08,309.42,1584.7,42.81,65,549.6,2.666,151.47,No Failure,0
M,297.66,308.56,1572.8,25.56,40,576.8,1.423,135.82,No Failure,0
L,299.8,309.77,1618.3,44.31,38,686.3,2.141,165.93,No Failure,0
H,298.64,310.69,1678.1,34.04,94,1132.1,3.059,145.88,No Failure,0
L,302.85,315.55,1614.4,38.44,106,1663.8,2.738,166.17,No Failure,0
H,300.75,310.27,1414.3,51.39,225,127.4,4.631,145.31,No Failure,0
L,298.57,308.32,1428.6,46.42,82,483.8,3.335,139.93,No Failure,0
L,299.46,310.15,1480.7,38.24,171,279.6,2.996,138.29,No Failure,0
H,300.27,309.35,1420.5,38.99,23,1293.1,1.789,156.02,No Failure,0
H,299.86,310.71,1746.9,14.39,205,1056.8,3.16,165.29,Power Failure,1
H,300.54,310.64,1543.4,31.78,120,874.1,2.244,155.38,No Failure,0
H,300.14,310.51,1521.1,41.67,144,591.0,3.491,135.54,No Failure,0
L,297.22,306.64,1576.4,32.36,121,1142.0,2.76,150.99,No Failure,0
L,295.7,304.91,1509.5,26.74,185,736.9,2.689,147.87,No Failure,0
L,299.25,307.27,1557.1,44.8,157,954.2,3.363,124.02,No Failure,0
M,301.12,312.61,1404.1,53.06,91,1549.7,2.535,150.47,No Failure,0
L,299.28,310.22,1635.3,32.79,210,957.6,3.549,160.63,No Failure,0
H,302.47,313.15,1325.1,48.75,27,572.6,1.297,169.56,No Failure,0
L,299.91,310.25,1373.3,47.25,243,344.2,4.119,159.83,Overstrain Failure,1
L,302.71,310.41,1542.8,30.23,155,341.8,3.207,130.87,No Failure,0
L,302.3,311.55,1580.1,32.72,25,441.8,1.578,139.55,No Failure,0
L,302.1,311.85,1346.4,58.03,124,856.3,2.668,161.31,No Failure,0
L,297.59,306.51,1712.2,28.83,84,1649.4,2.199,136.31,No Failure,0
M,300.03,308.34,1641.8,33.91,12,305.1,1.538,157.26,No Failure,0
L,302.45,311.47,1277.0,59.66,243,1501.1,4.894,144.17,Overstrain Failure,1
M,300.54,310.59,1810.7,34.31,218,403.7,3.799,149.24,No Failure,0
H,301.11,311.16,1384.1,53.53,141,1666.2,3.211,136.58,No Failure,0
M,297.22,308.13,1698.0,29.78,30,406.6,1.335,154.2,No Failure,0
M,303.84,315.9,1463.3,41.38,99,374.8,2.604,144.9,No Failure,0
L,298.42,309.1,1469.4,50.86,179,149.6,4.188,171.26,No Failure,0
L,296.01,305.84,1622.9,35.33,108,483.8,2.701,144.54,No Failure,0
L,299.3,311.1,1356.6,41.0,135,435.0,3.167,178.25,No Failure,0
H,295.11,303.52,1597.7,47.44,210,963.3,3.107,156.09,No Failure,0
M,297.83,305.75,1501.8,30.98,45,320.0,2.145,147.65,No Failure,0
L,305.12,314.23,1289.4,62.4,215,750.9,4.226,141.71,Overstrain Failure,1
L,299.24,310.05,1362.5,50.38,244,433.5,4.255,147.76,Overstrain Failure,1
H,297.14,307.31,1477.5,36.43,73,1197.0,2.31,144.74,No Failure,0
M,300.05,308.92,1472.0,37.65,232,1085.8,3.933,150.06,No Failure,0
M,298.2,307.48,1239.6,59.12,77,1010.4,2.675,147.08,No Failure,0
H,301.73,310.49,1596.9,36.45,175,44.4,3.131,168.86,No Failure,0
M,298.22,306.98,1548.1,35.28,174,312.6,2.825,158.78,No Failure,0
M,300.54,312.09,1395.9,51.46,234,1268.4,4.058,161.94,Overstrain Failure,1
L,297.71,307.56,1703.5,25.99,16,386.7,1.814,164.21,No Failure,0
L,305.2,316.97,1665.2,39.22,148,1183.7,2.897,144.89,No Failure,0
H,301.01,310.12,1352.9,40.84,211,169.3,3.966,135.15,No Failure,0
M,299.71,310.2,1702.4,32.96,22,928.2,1.358,154.77,No Failure,0
L,299.41,309.64,1623.2,24.34,1,847.9,0.89,150.22,No Failure,0
M,298.89,309.77,1372.9,40.69,16,867.9,1.645,148.31,No Failure,0
L,298.48,308.73,1482.1,46.88,115,1784.1,3.165,178.44,No Failure,0
H,298.42,309.41,1543.8,33.21,140,276.3,2.423,157.22,No Failure,0
L,303.36,313.91,1671.8,28.2,198,1203.2,3.876,137.67,No Failure,0
H,298.89,307.8,1412.6,52.56,105,753.6,3.542,153.42,No Failure,0
M,295.74,306.47,1489.9,45.28,228,2073.2,4.198,155.63,No Failure,0
L,297.67,307.56,1489.8,36.38,28,457.0,1.647,141.56,No Failure,0
L,301.86,311.08,1333.8,49.21,156,1378.5,3.202,159.51,No Failure,0
H,299.5,310.19,1547.4,42.42,116,1928.3,2.602,136.4,No Failure,0
L,299.73,310.65,1309.6,57.89,132,292.3,3.071,140.34,No Failure,0
L,302.34,311.86,1483.1,46.64,125,427.2,2.917,146.38,No Failure,0
M,298.45,308.1,1744.9,26.1,174,1206.0,2.514,145.05,No Failure,0
L,301.26,309.88,1538.3,33.41,179,976.2,3.363,151.42,No Failure,0
L,298.66,306.86,1611.9,33.89,210,561.2,3.238,141.03,No Failure,0
L,301.15,310.91,1472.5,43.1,91,787.6,2.314,154.81,No Failure,0
H,299.22,310.01,1491.5,36.97,3,543.8,1.341,154.02,No Failure,0
L,299.52,308.94,1449.6,28.73,39,556.7,1.873,111.4,No Failure,0
L,301.64,313.07,1449.3,45.89,151,387.6,3.559,166.04,No Failure,0
L,301.5,311.29,1405.2,50.0,40,1047.7,1.895,155.99,No Failure,0
L,299.67,309.47,1429.8,38.97,191,420.1,3.851,147.88,No Failure,0
L,299.06,308.77,1300.1,42.09,0,148.7,1.305,140.05,No Failure,0
L,303.2,314.18,1427.1,30.32,231,678.6,3.498,158.34,No Failure,0
L,301.18,310.22,1702.5,34.77,248,856.9,4.245,142.42,No Failure,0
L,299.22,309.09,1541.9,35.18,99,243.4,1.995,144.82,No Failure,0
H,298.69,308.15,1326.1,45.59,214,765.6,3.686,146.4,No Failure,0
L,302.05,311.49,1425.3,42.56,225,237.4,3.623,145.38,Tool Wear Failure,1
L,300.23,310.27,1527.3,36.7,202,332.5,3.417,146.88,Tool Wear Failure,1
H,299.67,309.56,1569.9,36.31,157,364.9,2.89,130.08,No Failure,0
H,300.23,311.28,1636.4,20.32,51,1006.1,1.194,155.06,Power Failure,1
M,300.68,310.66,1553.4,56.06,83,268.8,2.933,140.12,Power Failure,1
L,299.89,310.44,1853.0,19.15,89,1338.5,2.177,148.18,No Failure,0
L,302.41,312.58,1500.7,44.22,245,1462.6,4.403,144.08,No Failure,0
L,302.52,313.92,1464.0,40.38,160,333.5,3.085,149.75,No Failure,0
L,301.06,310.76,1555.7,37.34,14,974.4,1.659,147.85,No Failure,0
L,302.75,312.45,1381.1,39.92,40,858.1,2.266,144.94,No Failure,0
M,300.02,310.76,1643.0,33.37,217,812.3,3.705,151.66,No Failure,0
L,301.38,311.06,1463.2,46.53,121,1521.8,3.212,160.55,No Failure,0
M,302.01,312.51,1496.5,26.86,132,514.7,2.907,153.67,No Failure,0
L,302.04,314.38,1421.2,43.28,229,769.0,3.969,162.73,No Failure,0
L,301.83,310.85,1605.8,33.22,146,924.0,2.953,164.75,No Failure,0
M,301.26,312.79,1384.3,35.73,103,86.0,2.524,144.59,No Failure,0
H,303.91,313.42,1451.6,36.0,208,1138.5,3.629,169.47,No Failure,0
L,298.92,310.26,1471.3,38.35,83,2006.3,2.233,145.22,No Failure,0
M,299.69,310.38,1547.6,45.02,231,104.1,4.113,134.49,No Failure,0
L,299.57,310.17,1657.2,39.64,18,798.3,1.828,152.62,No Failure,0
L,299.26,309.11,1459.4,49.33,223,581.2,3.836,156.76,Overstrain Failure,1
M,296.02,305.77,1168.0,50.45,30,861.5,2.225,173.6,No Failure,0
L,302.75,312.03,1374.8,43.09,116,1138.0,3.192,160.28,No Failure,0
L,297.95,307.95,1760.0,46.83,53,391.8,2.269,165.4,No Failure,0
L,300.34,310.16,1352.2,60.25,178,872.2,3.806,165.11,No Failure,0
L,297.16,307.35,1378.5,25.87,116,1523.3,2.533,143.06,No Failure,0
L,301.24,309.83,1627.5,50.76,188,1254.6,3.124,156.39,No Failure,0
L,298.43,308.45,1256.2,55.45,140,1063.9,3.2,142.57,No Failure,0
H,297.73,308.99,1516.9,44.34,86,523.9,3.241,151.3,No Failure,0
M,300.39,311.33,1244.5,59.04,183,474.7,3.824,150.83,No Failure,0
L,298.6,308.62,1556.3,57.74,75,812.1,2.436,154.1,Power Failure,1
L,298.85,311.41,1399.4,36.63,56,823.2,2.081,169.64,No Failure,0
M,300.34,309.77,1468.2,37.4,205,1265.6,3.429,166.16,No Failure,0
L,301.6,311.51,1552.0,45.31,248,800.3,4.237,150.13,Overstrain Failure,1
M,298.36,306.91,1500.1,33.76,133,1143.1,2.86,145.74,No Failure,0
M,298.02,307.61,1326.9,67.11,239,143.5,4.513,164.62,Power Failure,1
L,300.05,311.83,1511.7,47.89,55,1041.2,2.575,152.88,No Failure,0
L,301.08,310.71,1512.2,40.47,1,1067.1,1.256,165.95,No Failure,0
L,302.93,311.4,1512.8,25.9,220,1460.5,3.617,122.04,No Failure,0
L,297.86,308.73,1409.0,42.52,207,101.0,4.034,150.44,No Failure,0
L,299.36,309.75,1560.3,28.14,123,1739.7,2.51,165.48,No Failure,0
H,302.35,313.18,1492.1,47.6,213,618.4,4.126,135.49,No Failure,0
L,303.95,313.65,1773.2,14.98,218,495.5,3.211,132.31,Power Failure,1
M,298.01,307.01,1407.8,53.84,90,1191.0,2.449,132.82,No Failure,0
M,298.52,308.34,1597.1,35.76,41,559.2,1.355,151.56,No Failure,0
L,300.76,311.32,1492.1,23.08,153,926.8,2.625,141.86,No Failure,0
L,298.84,308.77,1528.1,39.84,222,937.6,3.722,154.82,No Failure,0
L,298.48,308.87,1492.8,40.17,144,2879.0,3.701,161.67,No Failure,0
M,300.49,309.95,1549.7,39.36,101,2629.4,2.611,142.24,No Failure,0
L,303.1,313.52,1457.3,53.8,58,1390.0,2.287,156.36,No Failure,0
M,297.38,307.38,1374.9,43.81,73,369.5,2.565,151.07,No Failure,0
H,303.0,312.29,1426.4,47.96,191,972.7,3.552,125.87,No Failure,0
M,298.85,308.99,1640.0,37.51,92,278.7,2.78,138.46,No Failure,0
H,300.69,310.3,1493.2,44.27,126,676.9,3.408,156.27,No Failure,0
M,303.18,313.8,1595.7,26.92,150,546.3,2.887,157.27,No Failure,0
H,300.65,311.52,1369.7,42.58,75,2098.5,1.867,133.19,No Failure,0
H,299.41,309.91,1609.5,32.42,75,604.6,2.168,148.41,No Failure,0
M,301.44,309.8,1269.3,53.2,180,1308.8,3.615,124.19,Heat Dissipation Failure,1
H,299.65,308.69,1477.9,40.76,160,754.6,3.706,149.71,No Failure,0
H,301.04,310.41,1402.8,46.63,194,1321.8,3.807,157.2,No Failure,0
L,299.59,308.79,1514.4,42.62,126,82.9,2.795,131.12,No Failure,0
M,301.72,311.18,1301.6,58.06,2,650.0,2.401,137.86,No Failure,0
M,297.21,308.14,1595.3,24.4,163,1296.1,2.883,133.84,No Failure,0
H,297.97,308.67,1427.1,38.86,3,1305.0,1.569,152.15,No Failure,0
L,297.18,306.76,1554.4,30.4,84,1106.3,2.098,159.24,No Failure,0
H,299.89,310.48,1683.3,19.5,184,489.2,3.378,169.89,Power Failure,1
M,296.94,307.27,1550.7,29.75,64,1118.9,1.874,131.81,No Failure,0
H,298.62,308.58,1378.0,51.72,217,1012.4,4.199,149.51,No Failure,0
L,297.78,308.93,1517.2,39.7,168,795.2,3.394,162.0,No Failure,0
M,302.96,312.3,1607.7,37.8,226,1234.6,3.837,153.52,No Failure,0
M,298.02,308.07,1505.1,47.74,132,324.8,3.348,133.46,No Failure,0
H,297.43,306.38,1374.3,41.15,114,647.8,3.226,147.79,No Failure,0
H,300.5,309.49,1520.0,46.13,35,177.0,1.703,162.11,No Failure,0
M,303.37,312.01,1597.3,43.23,224,211.5,3.856,150.21,No Failure,0
M,299.77,308.78,1520.1,45.43,163,355.7,3.265,158.15,No Failure,0
L,299.92,310.01,1318.8,35.5,204,1914.2,3.582,161.32,No Failure,0
H,302.58,312.28,1440.1,50.47,69,1283.7,2.326,133.13,No Failure,0
L,301.76,311.49,1721.5,27.88,51,412.6,1.559,140.12,No Failure,0
M,300.85,310.55,1466.5,39.14,91,569.4,2.46,141.5,No Failure,0
M,298.84,310.61,1673.3,50.97,118,507.9,3.305,148.71,No Failure,0
L,300.91,309.77,1316.1,38.46,213,1013.8,3.639,149.07,No Failure,0
L,297.28,306.03,1547.6,35.69,66,341.4,2.299,160.72,No Failure,0
L,298.75,307.91,1382.0,62.88,50,2122.9,3.017,140.73,Power Failure,1
H,302.86,312.79,1402.0,54.19,29,2205.2,2.224,167.76,No Failure,0
M,302.6,313.12,1502.5,41.42,107,889.1,2.995,167.02,No Failure,0
L,300.87,311.49,1484.0,30.3,26,517.9,1.991,160.75,No Failure,0
M,296.14,307.09,1611.0,19.65,21,1588.7,1.775,170.47,Power Failure,1
L,297.58,307.48,1494.9,47.09,89,1239.6,3.256,147.82,No Failure,0
H,298.64,308.24,1208.5,52.66,112,298.2,2.935,132.15,No Failure,0
L,299.66,311.29,1549.8,43.96,103,692.9,2.983,134.55,No Failure,0
L,297.5,304.71,1626.6,22.89,230,669.0,3.623,152.31,No Failure,0
L,299.51,309.57,1536.9,41.6,229,67.8,4.072,145.36,Tool Wear Failure,1
M,303.53,313.96,1615.1,35.13,139,1172.8,3.016,141.23,No Failure,0
L,300.8,312.68,1822.8,41.62,234,539.6,4.33,159.71,No Failure,0
M,300.44,308.78,1470.4,59.43,217,862.2,4.006,148.39,Power Failure,1
L,297.96,307.54,1328.7,47.89,11,1502.8,1.986,134.16,No Failure,0
L,296.72,305.36,1648.5,45.76,135,771.2,2.684,135.75,No Failure,0
L,297.54,305.75,1259.4,39.55,87,1217.2,2.222,161.99,Heat Dissipation Failure,1
L,296.64,306.44,1426.9,44.14,14,649.9,1.65,132.73,No Failure,0
H,300.15,310.98,1573.5,32.77,163,169.3,3.263,134.1,No Failure,0
L,300.77,311.97,1426.4,45.55,126,1788.5,3.097,163.88,No Failure,0
H,298.07,307.54,1540.8,38.07,152,1863.4,3.501,159.08,No Failure,0
L,300.3,310.96,1550.6,31.78,58,278.5,2.312,167.61,No Failure,0
L,302.94,312.74,1550.4,48.15,210,2251.8,3.858,159.96,No Failure,0
L,303.92,314.47,1635.1,17.68,108,581.1,3.137,157.24,Power Failure,1
L,301.54,312.7,1533.2,34.55,59,709.1,2.138,153.01,No Failure,0
M,299.65,309.46,1610.4,46.13,59,1137.9,1.893,153.19,No Failure,0
M,301.48,312.55,1489.2,52.25,69,944.8,2.155,163.0,No Failure,0
L,302.7,311.49,1447.0,44.72,28,109.6,2.184,139.58,No Failure,0
M,295.99,306.64,1596.3,33.28,216,1620.3,3.157,146.78,No Failure,0
M,302.96,314.0,1672.6,39.49,52,640.1,2.164,137.07,No Failure,0
H,298.91,309.84,1352.1,42.91,185,475.9,3.408,152.63,No Failure,0
H,298.93,307.75,1277.3,55.61,100,1089.3,3.485,158.21,No Failure,0
M,299.29,309.08,1374.6,49.21,30,859.8,1.734,155.79,No Failure,0
H,300.64,310.94,1445.3,49.28,205,1806.5,4.134,137.95,No Failure,0
M,297.78,308.22,1581.9,40.65,202,1711.8,3.529,163.49,No Failure,0
L,299.43,309.55,1516.8,29.29,192,469.8,3.174,142.47,No Failure,0
M,301.05,312.48,1527.7,25.94,91,595.8,2.686,146.83,No Failure,0
L,300.44,309.14,1406.1,36.99,9,283.7,1.475,161.69,No Failure,0
M,300.76,310.52,1359.2,46.99,195,1716.8,3.42,150.76,No Failure,0
H,299.35,307.66,1481.1,34.98,194,1407.4,3.299,147.28,No Failure,0
L,301.39,312.01,1259.5,45.72,217,475.8,3.582,180.19,No Failure,0
H,302.11,312.67,1513.1,32.05,7,1295.8,1.052,153.88,No Failure,0
H,301.99,315.34,1456.8,33.6,212,359.9,3.358,150.46,No Failure,0
L,300.86,311.88,1372.6,54.08,18,906.5,1.578,147.01,No Failure,0
M,301.88,312.21,1591.5,47.67,6,974.4,1.554,145.44,No Failure,0
H,301.74,312.0,1381.1,36.94,190,865.6,3.172,150.78,No Failure,0
H,305.35,315.04,1657.7,31.69,185,201.1,3.359,140.73,No Failure,0
L,302.44,312.57,1574.2,49.49,98,1199.8,2.382,140.25,No Failure,0
L,299.82,310.1,1516.7,48.76,182,404.6,3.774,145.18,No Failure,0
M,298.18,306.21,1479.7,46.39,80,227.3,1.88,158.39,No Failure,0
L,299.48,309.67,1632.5,38.22,29,1173.1,1.576,162.23,No Failure,0
L,299.34,309.44,1644.5,29.05,93,1849.3,2.247,128.77,No Failure,0
L,301.02,312.78,1601.1,39.85,224,219.3,3.716,153.51,No Failure,0
L,298.6,308.47,1398.1,54.08,131,64.0,3.208,147.96,No Failure,0
M,302.38,311.62,1477.3,30.91,183,470.6,2.844,180.64,No Failure,0
M,297.22,307.49,1600.9,40.47,151,920.6,3.69,147.03,No Failure,0
M,296.73,306.81,1604.0,56.36,164,363.2,4.053,136.38,Power Failure,1
M,299.73,309.6,1493.7,36.96,167,944.2,2.43,159.26,No Failure,0
L,298.31,307.04,1512.2,38.73,26,446.0,2.015,158.87,No Failure,0
L,297.48,307.33,1618.1,26.5,24,260.4,1.464,147.32,No Failure,0
L,298.73,308.15,1317.9,46.23,30,83.8,1.987,155.38,No Failure,0
L,298.48,308.26,1482.9,32.59,41,1569.1,1.831,163.59,No Failure,0
L,300.02,310.75,1651.8,24.45,172,1004.7,2.769,165.54,No Failure,0
L,298.76,308.08,1567.8,30.46,108,1178.5,2.454,156.66,No Failure,0
L,298.92,308.7,1484.8,42.08,91,34.0,3.008,142.26,No Failure,0
L,299.99,310.53,1628.8,24.2,216,565.3,3.989,134.6,No Failure,0
M,302.03,311.76,1600.4,26.14,119,1741.3,2.476,142.15,No Failure,0
M,302.94,315.55,1386.3,45.59,190,2995.7,3.123,161.71,No Failure,0
H,300.3,310.54,1544.9,39.28,155,1357.8,3.057,156.68,No Failure,0
M,300.45,309.21,1602.7,30.86,46,719.9,1.783,128.14,No Failure,0
M,299.63,308.79,1446.5,36.79,92,391.5,2.885,126.46,No Failure,0
L,300.96,310.02,1398.3,57.38,71,971.5,2.294,119.09,No Failure,0
M,300.78,309.96,1341.4,52.82,179,129.1,3.079,155.57,No Failure,0
L,302.65,313.19,1567.4,38.93,94,294.7,2.304,145.74,No Failure,0
L,296.22,305.12,1430.8,48.16,141,615.0,3.367,145.64,No Failure,0
L,299.53,309.2,1525.8,41.21,214,1346.2,3.479,149.39,No Failure,0
L,300.68,311.82,1657.8,22.26,92,772.2,2.086,144.84,No Failure,0
L,299.95,309.43,1651.2,20.47,244,1118.8,3.868,143.39,Random Failure,1
M,298.12,308.79,1602.2,30.91,50,937.9,1.45,167.13,No Failure,0
H,297.4,305.72,1701.9,24.24,19,485.9,1.437,159.78,No Failure,0
M,301.61,311.24,1489.1,42.72,48,168.4,2.201,161.29,No Failure,0
M,298.49,307.6,1553.4,34.5,121,383.9,2.887,168.58,No Failure,0
M,296.49,306.79,1434.1,44.25,7,851.3,1.624,163.35,No Failure,0
L,301.71,310.68,1301.1,44.41,90,387.3,3.044,137.98,No Failure,0
M,300.92,312.99,1447.8,46.9,79,826.1,2.374,157.05,No Failure,0
M,299.77,308.13,1460.5,30.69,80,2118.0,2.45,128.05,No Failure,0
L,298.17,309.31,1407.8,45.16,49,146.6,2.524,140.71,No Failure,0
L,299.77,310.65,1498.5,30.45,124,1139.7,1.878,161.72,No Failure,0
H,302.43,312.74,1378.5,47.11,69,137.4,2.888,142.55,No Failure,0
M,296.77,306.83,1343.2,52.23,179,980.3,3.302,155.36,No Failure,0
L,296.87,308.73,1485.8,47.23,145,1128.9,3.057,169.64,No Failure,0
M,298.74,311.22,1544.1,38.23,147,412.9,3.356,149.22,No Failure,0
L,299.95,309.74,1464.6,45.67,192,1505.3,3.497,146.8,No Failure,0
L,299.01,309.17,1731.5,24.67,106,989.7,2.322,146.63,No Failure,0
L,301.29,310.73,1916.0,22.41,41,2361.2,1.93,145.38,No Failure,0
L,302.18,311.01,1508.3,44.67,180,463.2,3.538,144.46,No Failure,0
M,300.56,311.02,1477.1,53.08,235,490.7,3.904,148.59,Overstrain Failure,1
L,301.12,311.37,1623.7,27.69,102,181.9,2.726,154.25,No Failure,0
M,300.54,308.93,1557.1,40.15,178,2852.3,3.481,146.83,No Failure,0
L,300.02,310.48,1318.7,44.39,162,1569.3,2.833,146.76,No Failure,0
M,297.41,307.7,1305.7,33.85,11,253.9,1.546,150.91,No Failure,0
M,297.94,307.34,1336.9,36.61,41,1115.7,2.037,136.38,No Failure,0
M,297.3,306.63,1394.7,46.13,170,1991.2,3.297,147.6,No Failure,0
M,299.7,310.13,1614.4,41.08,84,491.7,1.967,158.05,No Failure,0
H,300.46,312.07,1514.0,41.13,65,431.9,1.851,135.98,No Failure,0
M,297.1,307.5,1543.4,30.18,142,138.7,2.617,156.01,No Failure,0
M,300.15,310.93,1553.7,39.69,138,1436.2,3.076,158.49,No Failure,0
M,298.25,307.42,1563.6,36.02,229,392.0,4.153,171.72,No Failure,0
L,297.86,307.45,1405.6,36.56,245,198.0,3.553,154.02,No Failure,0
L,298.75,309.36,1585.5,34.59,4,1061.3,1.35,141.11,No Failure,0
L,297.76,306.4,1577.1,39.73,114,153.5,2.098,149.37,No Failure,0
L,301.21,311.42,1758.5,31.32,181,893.4,3.219,143.76,No Failure,0
L,299.66,310.16,1491.9,40.12,85,224.0,2.898,147.75,No Failure,0
L,301.63,311.59,1681.6,36.35,120,1155.9,3.027,134.34,No Failure,0
M,299.11,309.43,1538.1,30.68,173,259.4,3.055,149.17,No Failure,0
L,299.19,309.25,1865.3,20.51,186,416.6,2.962,165.29,No Failure,0
H,303.75,313.12,1370.7,49.47,236,737.2,4.033,165.88,No Failure,0
L,296.75,305.58,1498.1,47.46,28,464.2,1.931,158.11,No Failure,0
M,302.57,312.48,1590.2,31.95,111,2928.0,2.548,140.57,No Failure,0
L,303.31,314.61,1579.5,46.82,147,308.3,3.089,156.32,No Failure,0
L,301.53,312.56,1703.9,29.75,223,205.8,3.614,147.85,No Failure,0
L,299.34,308.99,1430.7,36.93,105,2091.9,2.242,146.48,No Failure,0
M,302.85,312.49,1512.2,34.7,12,545.1,1.74,164.36,No Failure,0
L,299.36,308.92,1713.6,37.22,77,1087.6,2.492,146.29,No Failure,0
H,298.59,308.15,1457.2,46.46,232,369.6,4.786,145.84,No Failure,0
L,299.22,309.51,1605.4,35.98,8,514.1,1.74,155.78,No Failure,0
M,298.86,309.92,1430.8,36.6,237,886.6,3.848,133.86,No Failure,0
L,298.11,310.37,1418.4,47.43,131,831.3,3.533,147.98,No Failure,0
M,302.22,311.39,1431.3,40.62,51,1573.7,2.537,165.42,No Failure,0
L,298.45,309.1,1630.7,34.08,85,195.2,2.11,167.98,No Failure,0
L,299.94,310.48,1547.1,42.41,88,795.7,3.044,139.55,No Failure,0
L,297.11,306.78,1530.7,49.93,230,74.3,4.195,138.38,Overstrain Failure,1
L,300.06,309.04,1317.9,50.56,202,597.5,3.406,143.15,No Failure,0
L,297.69,307.96,1655.4,26.75,187,1388.6,2.983,110.99,No Failure,0
H,297.64,309.76,1603.8,27.25,3,3769.8,1.185,170.66,No Failure,0
L,299.78,310.05,1200.1,49.99,21,940.1,2.453,158.66,No Failure,0
L,302.11,311.33,1564.7,37.12,219,1470.3,3.783,136.87,No Failure,0
H,300.88,310.72,1792.3,18.0,77,466.3,1.958,133.71,Power Failure,1
L,301.02,309.88,1699.8,32.7,48,469.5,1.915,150.27,No Failure,0
L,299.74,309.76,1531.9,35.61,64,684.4,2.745,154.48,No Failure,0
M,299.33,310.01,1599.7,36.87,164,672.4,3.114,174.86,No Failure,0
H,301.58,310.89,1487.9,47.65,171,858.3,3.337,144.27,No Failure,0
M,298.87,305.62,1505.9,30.71,69,217.7,2.459,152.85,No Failure,0
L,301.67,311.95,1344.5,49.36,143,1841.8,3.265,144.45,No Failure,0
H,302.47,311.97,1472.9,42.85,205,749.8,4.129,148.05,No Failure,0
L,298.32,307.57,1581.7,27.13,89,1158.5,2.107,172.73,No Failure,0
H,298.61,307.85,1533.5,36.81,33,1502.1,1.918,183.03,No Failure,0
H,298.91,309.31,1422.8,44.95,55,272.9,2.787,158.54,No Failure,0
H,297.07,306.66,1516.0,40.4,245,1724.3,3.907,134.28,No Failure,0
L,299.06,309.99,1373.7,43.79,110,972.1,3.067,161.34,No Failure,0
L,302.6,313.56,1684.1,34.13,179,1035.3,2.807,150.58,No Failure,0
M,297.91,307.64,1291.8,45.55,62,650.4,2.551,153.44,No Failure,0
M,302.65,312.13,1524.6,36.02,215,2112.8,3.473,148.42,Tool Wear Failure,1
M,299.13,309.26,1278.0,65.46,47,1727.3,2.843,143.34,No Failure,0
H,304.23,314.08,1593.4,26.81,28,411.3,1.277,156.41,No Failure,0
M,298.64,306.88,1208.2,66.98,203,602.1,4.474,143.39,Heat Dissipation Failure,1
L,299.71,311.63,1440.1,30.49,153,889.3,2.917,146.89,No Failure,0
L,298.18,308.89,1419.9,52.71,242,649.6,4.393,150.62,Overstrain Failure,1
L,298.62,308.16,1415.4,48.27,132,1600.0,3.118,153.76,No Failure,0
L,302.68,310.76,1607.4,30.9,188,1732.8,3.262,132.52,No Failure,0
L,300.95,310.77,1303.5,45.99,130,506.8,2.817,154.6,No Failure,0
H,302.06,311.47,1694.2,35.04,15,426.8,1.357,144.65,No Failure,0
M,297.37,307.31,1470.8,42.75,94,674.9,2.799,156.56,No Failure,0
M,301.31,309.15,1214.4,41.48,234,901.9,3.623,176.65,Heat Dissipation Failure,1
L,298.06,307.58,1544.9,36.51,237,907.7,3.847,139.91,No Failure,0
M,297.33,306.91,1492.1,35.68,113,304.3,2.334,149.33,No Failure,0
H,300.48,310.29,1370.7,43.41,215,221.3,3.709,145.69,No Failure,0
H,300.46,310.22,1683.2,30.96,66,1497.2,1.508,143.67,No Failure,0
M,300.11,310.16,1653.0,31.34,76,443.0,2.534,136.14,No Failure,0
H,301.44,312.96,1454.4,49.55,192,608.7,3.92,151.76,No Failure,0
M,301.75,311.23,1472.7,44.28,16,1326.8,1.825,139.06,No Failure,0
L,302.94,312.03,1650.0,26.93,0,797.0,1.387,170.0,No Failure,0
H,297.62,305.89,1438.2,29.97,61,614.2,2.357,153.92,No Failure,0
L,303.0,312.49,1688.2,18.63,7,279.1,1.076,135.0,Power Failure,1
L,303.76,312.36,1538.6,49.1,138,450.7,3.55,154.49,No Failure,0
L,299.27,310.23,1538.5,46.89,189,374.9,3.41,151.32,No Failure,0
M,296.66,306.57,1492.5,29.11,160,558.1,2.965,136.57,No Failure,0
M,297.23,308.17,1464.7,46.5,40,344.7,1.707,149.62,No Failure,0
M,299.08,310.54,1240.1,59.86,211,231.0,4.514,152.67,Overstrain Failure,1
L,304.03,313.16,1637.3,24.61,118,652.2,2.381,175.9,No Failure,0
L,300.03,309.69,1481.5,33.85,76,999.3,2.334,136.92,No Failure,0
H,298.77,310.1,1546.6,24.39,131,124.6,2.362,154.43,No Failure,0
L,298.63,308.82,1456.3,49.49,39,297.6,2.113,136.04,No Failure,0
H,297.35,307.88,1442.4,39.04,248,1103.1,3.753,145.95,No Failure,0
L,301.75,312.78,1460.3,36.02,115,844.8,2.41,138.06,No Failure,0
M,299.82,310.71,1513.5,42.27,82,911.1,1.97,167.5,No Failure,0
M,304.2,314.61,1411.2,34.43,172,1080.2,3.123,165.5,No Failure,0
H,301.26,312.65,1503.1,35.98,75,1252.1,2.049,163.5,No Failure,0
L,301.66,311.59,1339.7,42.75,190,574.1,4.21,142.55,No Failure,0
H,299.52,310.04,1426.9,33.9,118,675.6,2.311,140.02,No Failure,0
M,297.82,307.64,1642.9,35.31,218,248.1,3.467,150.28,No Failure,0
M,298.25,309.27,1475.0,38.43,120,628.2,2.985,172.46,No Failure,0
M,297.26,306.56,1428.1,40.91,162,1042.5,2.927,162.16,No Failure,0
L,301.82,310.14,1528.5,46.02,137,551.3,3.033,179.58,No Failure,0
L,299.23,309.89,1598.8,45.83,243,542.7,4.345,146.28,Overstrain Failure,1
L,301.91,310.88,1642.6,25.0,219,274.5,3.666,149.95,No Failure,0
L,300.27,309.15,1479.2,54.08,113,485.8,3.005,158.7,No Failure,0
M,299.41,310.68,1445.6,40.59,177,626.3,3.333,149.33,No Failure,0
L,297.66,308.63,1531.4,36.68,54,1179.8,2.342,149.34,No Failure,0
L,300.6,310.26,1572.9,30.96,215,373.3,3.913,137.79,No Failure,0
L,299.56,306.52,1370.0,59.89,154,430.8,3.536,139.65,Heat Dissipation Failure,1
L,301.8,312.34,1398.0,63.6,96,1123.2,3.164,177.74,Power Failure,1
L,298.57,309.23,1218.4,58.66,222,67.2,4.014,143.53,Overstrain Failure,1
M,301.23,311.75,1410.2,41.21,192,1276.3,3.865,163.36,No Failure,0
L,303.28,313.75,1428.8,43.44,42,502.6,2.297,130.09,No Failure,0
H,300.55,310.36,1293.4,54.91,240,458.2,4.178,150.69,Overstrain Failure,1
L,301.57,311.16,1539.9,37.59,71,1243.9,2.081,137.53,No Failure,0
L,301.14,310.04,1476.3,45.41,19,790.5,2.416,147.46,No Failure,0
H,303.8,313.1,1487.1,42.27,87,665.3,2.34,161.17,No Failure,0
L,300.74,311.06,1310.3,59.19,108,482.7,2.977,146.54,No Failure,0
L,301.4,311.74,1506.4,54.36,18,320.0,1.669,173.06,No Failure,0
H,299.93,310.72,1530.5,38.62,149,1274.0,3.346,154.01,No Failure,0
H,298.45,307.04,1364.5,55.25,108,886.6,2.807,152.42,Heat Dissipation Failure,1
M,297.58,305.92,1506.3,39.96,146,214.3,3.043,145.73,No Failure,0
L,302.53,312.15,1610.7,34.54,124,1407.5,2.688,139.54,No Failure,0
M,297.98,306.96,1542.1,37.15,128,99.2,3.511,141.34,No Failure,0
H,301.49,311.68,1410.4,41.47,38,356.8,2.526,155.87,No Failure,0
H,300.83,309.52,1721.5,32.15,205,270.1,3.57,140.94,Tool Wear Failure,1
L,301.84,313.02,1583.0,34.82,156,116.7,2.843,146.78,No Failure,0
L,298.97,308.15,1511.8,25.57,52,664.4,1.852,146.02,No Failure,0
L,298.42,310.01,1402.4,31.78,27,448.9,1.668,170.25,No Failure,0
L,300.76,311.28,1543.2,42.35,241,482.1,4.517,151.95,No Failure,0
M,299.42,308.36,1533.0,50.42,130,889.7,3.865,153.32,No Failure,0
L,297.54,309.63,1467.6,49.14,202,225.9,3.886,139.72,No Failure,0
L,303.88,314.14,1520.8,44.3,120,824.2,3.111,139.84,No Failure,0
L,298.42,308.58,1679.8,24.71,73,2304.1,2.598,137.59,No Failure,0
L,298.01,307.95,1569.3,31.39,73,396.9,2.301,148.69,No Failure,0
L,299.52,309.98,1364.5,38.03,8,2565.5,1.385,130.05,No Failure,0
L,302.51,313.03,1360.1,49.63,136,1013.7,3.107,159.02,No Failure,0
L,295.67,304.8,1616.1,34.43,180,1119.9,3.275,155.49,No Failure,0
H,302.34,312.13,1650.3,27.8,27,664.7,1.397,135.37,No Failure,0
L,298.18,308.29,1366.5,54.48,6,259.2,1.953,147.15,No Failure,0
M,300.53,311.11,1509.5,32.65,41,549.9,1.396,163.88,No Failure,0
L,298.65,309.25,1605.9,28.72,121,996.6,1.98,149.53,No Failure,0
L,303.98,314.15,1450.9,42.27,129,318.6,2.908,135.02,No Failure,0
L,300.25,309.7,1496.8,39.5,145,762.3,2.964,164.43,No Failure,0
L,298.58,307.98,1551.9,35.0,210,1327.4,4.127,162.12,No Failure,0
L,299.4,308.21,1430.0,40.0,244,364.0,3.89,164.63,No Failure,0
L,300.18,310.77,1646.1,30.74,224,1468.9,3.74,138.21,No Failure,0
M,300.36,309.74,1526.1,34.88,78,345.0,2.146,187.42,No Failure,0
L,300.88,310.69,1546.8,39.64,112,1896.0,2.157,154.23,No Failure,0
L,300.0,310.23,1668.6,19.64,179,1021.0,2.963,149.14,Power Failure,1
M,297.25,307.25,1562.4,49.55,66,725.7,2.514,153.64,No Failure,0
L,299.32,309.31,1658.7,26.27,238,1512.4,3.538,160.24,No Failure,0
L,301.21,310.31,1611.8,30.61,31,1134.1,1.66,168.71,No Failure,0
L,298.66,308.93,1453.4,50.0,115,897.0,3.231,139.83,No Failure,0
L,301.35,311.03,1642.0,45.69,188,362.9,3.51,146.02,No Failure,0
L,300.06,309.98,1489.0,40.87,30,751.0,2.298,140.65,No Failure,0
H,299.56,310.72,1651.4,22.92,247,901.6,3.792,130.25,No Failure,0
H,302.39,312.89,1557.9,33.94,30,1225.4,2.095,153.05,No Failure,0
H,296.52,305.95,1340.4,37.84,63,480.5,2.661,161.3,No Failure,0
L,298.65,308.5,1519.9,38.56,97,392.6,2.27,140.54,No Failure,0
L,302.46,314.06,1500.2,51.41,160,436.2,3.751,142.1,No Failure,0
L,303.66,313.35,1386.8,59.94,81,1141.4,3.205,142.15,No Failure,0
L,304.57,314.61,1586.8,46.15,142,440.2,3.465,161.84,No Failure,0
L,300.1,310.76,1613.5,34.66,79,1145.2,2.203,143.7,No Failure,0
L,300.92,311.13,1448.0,52.14,86,879.4,1.877,123.41,No Failure,0
L,301.63,311.26,1627.2,34.1,121,961.5,3.427,150.96,No Failure,0
L,302.55,311.81,1742.7,13.76,73,1997.4,1.334,144.76,Power Failure,1
L,300.63,310.62,1574.7,27.5,134,1246.5,3.289,137.19,No Failure,0
M,301.85,312.51,1678.2,16.28,104,1537.7,1.816,150.14,Power Failure,1
L,300.92,312.24,1316.2,36.16,66,441.8,1.807,152.15,No Failure,0
H,301.04,309.58,1657.8,38.22,100,254.5,2.588,146.31,No Failure,0
L,298.16,309.93,1609.6,24.07,110,319.5,2.362,147.93,No Failure,0
M,299.34,309.05,1474.4,31.46,121,255.4,3.294,129.52,No Failure,0
L,298.95,309.88,1581.1,25.74,162,358.8,2.739,138.25,No Failure,0
L,297.62,306.88,1668.3,38.73,72,603.6,2.57,153.45,No Failure,0
L,296.7,305.09,1574.7,31.47,139,540.2,2.973,158.56,No Failure,0
L,299.15,307.84,1442.3,50.1,108,1036.3,2.617,140.61,No Failure,0
M,299.47,309.14,1674.2,41.7,188,380.3,3.682,172.09,No Failure,0
L,300.21,310.73,1446.8,56.05,155,485.4,3.449,147.3,No Failure,0
L,301.11,311.14,1510.4,35.45,68,977.5,2.545,141.28,No Failure,0
H,300.38,310.13,1175.5,61.44,54,775.3,2.506,151.88,No Failure,0
L,299.49,310.6,1557.3,40.03,94,538.4,2.988,154.08,No Failure,0
M,298.17,308.17,1481.2,34.72,87,1781.0,2.478,150.47,No Failure,0
M,301.75,312.03,1366.7,64.09,138,1368.4,3.101,149.45,Power Failure,1
L,299.8,312.91,1641.9,21.71,62,2365.9,1.323,156.53,No Failure,0
L,299.13,309.12,1581.0,34.47,226,2052.4,4.301,166.04,No Failure,0
L,299.63,308.93,1713.8,23.35,208,168.2,3.332,138.24,No Failure,0
M,298.53,309.02,1491.4,21.62,152,857.1,2.735,140.07,Power Failure,1
L,298.94,309.67,1677.0,19.33,165,618.8,2.914,150.98,Power Failure,1
L,298.88,309.18,1449.0,46.17,71,1099.8,2.424,160.16,No Failure,0
L,299.43,309.58,1632.2,26.71,139,2263.1,2.761,127.89,No Failure,0
H,301.31,312.79,1565.8,37.45,9,1093.0,1.151,151.64,No Failure,0
M,300.81,312.17,1442.3,48.92,34,708.0,2.401,169.85,No Failure,0
H,303.09,312.98,1404.6,44.63,128,638.0,3.026,153.0,No Failure,0
M,302.42,311.78,1365.2,44.14,24,1430.3,2.135,156.79,No Failure,0
M,303.91,314.34,1260.0,52.14,237,1219.6,4.049,151.24,Overstrain Failure,1
L,301.12,310.47,1382.0,56.09,184,599.3,3.762,153.47,No Failure,0
H,301.09,311.97,1647.5,27.48,166,206.6,2.581,158.23,No Failure,0
M,299.03,309.45,1430.6,44.83,224,777.2,4.273,140.51,No Failure,0
L,301.65,314.32,1596.5,37.28,106,434.5,2.572,133.99,No Failure,0
M,298.69,310.16,1501.4,38.53,215,378.3,3.002,156.94,No Failure,0
M,297.06,305.98,1613.2,24.89,19,141.7,1.382,150.51,No Failure,0
L,303.05,312.53,1413.1,34.68,200,1893.7,3.611,172.48,Tool Wear Failure,1
L,297.5,305.59,1493.9,35.77,29,2469.1,2.25,133.15,No Failure,0
L,300.88,308.74,1468.4,54.3,30,558.1,1.749,161.07,No Failure,0
H,298.24,308.35,1718.2,28.45,185,643.0,3.613,138.21,No Failure,0
L,302.25,311.06,1673.7,16.15,175,804.4,3.088,152.5,Power Failure,1
H,302.53,314.17,1578.5,39.94,78,539.9,2.246,157.94,No Failure,0
L,301.06,312.22,1727.8,27.43,37,922.1,1.989,149.99,No Failure,0
M,302.49,312.22,1426.8,38.6,73,983.5,2.398,151.21,No Failure,0
L,300.01,309.69,1475.7,46.61,116,1815.3,2.727,148.41,No Failure,0
H,304.47,315.95,1525.1,39.0,57,273.1,2.484,150.48,No Failure,0
L,301.49,313.21,1631.3,35.69,233,900.0,4.264,135.28,No Failure,0
L,298.2,307.27,1437.4,38.43,224,577.3,3.388,138.9,No Failure,0
L,300.14,309.08,1460.6,48.47,100,536.5,2.88,149.59,No Failure,0
L,299.69,309.39,1569.1,28.45,76,92.1,2.083,150.68,No Failure,0
L,299.5,309.93,1480.0,47.28,49,386.8,2.378,148.77,No Failure,0
M,296.69,306.17,1690.3,29.96,44,1014.7,1.741,137.06,No Failure,0
H,300.77,311.23,1584.8,46.02,21,405.1,2.385,161.66,No Failure,0
M,297.23,309.18,1734.2,24.57,91,788.6,1.639,153.69,No Failure,0
M,294.95,303.54,1367.5,45.43,223,609.2,3.993,153.27,Heat Dissipation Failure,1
L,299.31,308.87,1465.6,38.98,177,759.5,3.191,150.4,No Failure,0
H,298.49,307.1,1582.8,40.97,13,371.1,1.679,137.54,No Failure,0
H,298.28,307.44,1477.7,49.59,103,569.0,2.242,130.29,No Failure,0
L,293.79,303.5,1542.0,31.79,82,859.7,2.638,150.74,No Failure,0
H,298.3,307.57,1419.5,39.75,191,488.8,3.084,142.11,No Failure,0
L,299.65,310.17,1168.0,43.03,131,981.4,3.107,142.97,No Failure,0
H,298.73,308.88,1380.4,37.01,170,440.6,3.073,158.19,No Failure,0
H,300.77,311.07,1415.2,47.17,16,1196.2,1.82,147.74,No Failure,0
M,302.79,312.48,1447.5,43.3,88,176.9,2.722,157.8,No Failure,0
L,301.03,310.82,1583.4,34.2,89,656.3,2.745,142.12,No Failure,0
M,302.05,311.7,1453.3,52.61,218,974.2,3.634,145.99,No Failure,0
L,302.22,311.97,1658.4,45.62,190,677.5,3.489,148.35,No Failure,0
M,297.96,308.38,1498.1,31.57,18,1183.6,1.695,128.3,No Failure,0
L,300.88,308.95,1392.6,31.47,41,525.2,1.826,140.58,No Failure,0
M,301.99,312.28,1434.0,37.8,183,542.3,3.641,166.23,No Failure,0
H,299.13,308.26,1615.1,44.47,90,123.2,3.041,141.95,No Failure,0
L,298.42,308.08,1678.2,17.87,126,1170.8,2.217,151.86,Power Failure,1
L,301.06,309.5,1655.2,31.99,95,1326.4,2.139,141.06,No Failure,0
M,297.04,306.68,1495.5,34.23,80,1240.5,2.45,141.24,No Failure,0
L,297.82,308.1,1569.9,25.62,31,468.0,1.266,152.58,No Failure,0
L,298.67,309.12,1427.5,29.78,102,167.3,2.558,135.69,No Failure,0
L,300.9,309.71,1459.2,41.37,198,1970.6,3.592,159.41,No Failure,0
L,300.44,310.85,1540.1,35.11,146,625.7,2.913,158.61,No Failure,0
M,302.06,313.2,1610.9,35.9,43,210.9,2.16,157.04,No Failure,0
M,298.16,307.66,1660.8,26.21,68,1592.7,1.858,124.53,No Failure,0
L,298.05,308.05,1695.9,37.86,178,103.4,4.323,150.26,No Failure,0
L,301.05,308.98,1606.5,24.96,151,1863.4,2.72,172.49,No Failure,0
L,298.4,307.51,1405.1,54.59,248,174.2,4.149,127.59,Overstrain Failure,1
L,298.79,309.06,1359.1,57.43,132,611.7,3.95,169.21,No Failure,0
M,296.29,307.24,1475.3,35.27,237,617.1,3.867,119.85,Tool Wear Failure,1
L,300.58,309.98,1626.7,28.78,192,811.6,2.976,156.76,No Failure,0
M,303.08,315.75,1406.8,48.55,218,982.8,3.901,130.16,No Failure,0
H,297.94,308.26,1602.3,45.92,44,438.2,2.706,152.21,No Failure,0
M,302.04,310.77,1279.0,58.75,98,546.3,3.031,163.35,No Failure,0
M,299.88,311.17,1298.1,61.41,89,431.3,2.642,134.48,No Failure,0
L,296.47,305.22,1550.2,19.73,25,1417.4,1.731,175.46,Power Failure,1
L,298.21,308.54,1437.8,51.59,127,901.3,3.291,136.42,No Failure,0
L,298.09,307.16,1398.3,37.77,14,1381.0,1.877,154.17,No Failure,0
M,299.37,308.01,1455.3,45.49,181,507.0,3.028,137.35,No Failure,0
H,300.84,311.8,1332.6,47.78,66,506.8,2.099,164.81,No Failure,0
L,303.7,313.44,1352.6,47.36,84,218.5,2.123,170.63,No Failure,0
L,297.14,308.86,1351.1,50.0,61,1153.5,2.307,145.27,No Failure,0
L,299.03,308.01,1610.5,34.4,76,715.4,2.686,168.61,No Failure,0
M,298.21,306.65,1567.7,30.47,114,641.7,1.991,153.18,No Failure,0
M,297.46,306.98,1394.0,51.87,223,451.9,3.709,146.43,No Failure,0
M,300.19,313.08,1620.4,31.28,32,527.8,1.23,136.88,No Failure,0
H,300.0,310.84,1291.7,58.61,27,913.7,2.477,140.75,No Failure,0
L,296.37,306.93,1384.2,32.36,79,1092.1,2.798,160.91,No Failure,0
M,300.04,310.62,1431.6,36.19,181,377.1,3.41,140.71,No Failure,0
M,297.59,307.1,1489.5,38.1,188,1068.9,3.584,158.12,No Failure,0
L,300.02,312.75,1618.9,24.59,201,664.6,3.29,146.07,No Failure,0
H,302.54,313.0,1673.3,24.62,169,859.6,2.927,168.87,No Failure,0
L,300.93,311.29,1414.0,49.12,65,569.7,2.641,141.94,No Failure,0
M,300.36,311.34,1729.1,22.8,164,510.3,2.621,130.25,No Failure,0
M,298.94,307.67,1331.0,65.2,109,567.2,3.385,134.72,Power Failure,1
H,300.13,309.25,1380.8,39.06,170,223.0,3.186,155.7,No Failure,0
M,301.13,310.88,1353.1,29.71,129,480.8,2.671,149.36,No Failure,0
L,300.93,311.92,1375.7,44.2,232,121.7,3.835,150.18,Tool Wear Failure,1
H,299.8,308.5,1709.4,15.38,192,1114.4,2.392,158.0,Power Failure,1
M,300.43,310.37,1560.1,36.66,245,204.9,4.205,135.6,No Failure,0
M,297.37,307.16,1506.9,37.95,218,959.2,3.702,141.99,No Failure,0
M,298.53,306.96,1612.1,27.34,123,297.6,2.555,144.77,No Failure,0
L,301.42,310.91,1669.4,33.68,98,1559.1,3.021,151.78,No Failure,0
M,301.68,312.23,1379.2,55.26,69,101.3,2.635,139.55,No Failure,0
H,300.19,308.7,1516.8,41.83,87,601.3,2.28,144.37,No Failure,0
L,302.96,314.37,1611.7,43.99,49,1596.8,1.703,143.54,No Failure,0
L,301.02,311.48,1399.9,32.13,87,985.7,2.213,131.26,No Failure,0
H,299.53,309.88,1759.7,26.77,218,481.7,3.636,143.77,No Failure,0
M,297.56,307.57,1289.0,37.59,48,2194.7,1.594,154.88,No Failure,0
H,302.88,311.79,1622.3,15.42,219,581.9,3.62,136.08,Power Failure,1
L,301.54,310.89,1537.4,29.03,13,566.8,1.387,132.35,No Failure,0
H,303.6,313.96,1453.2,27.48,40,1266.0,1.695,145.66,No Failure,0
L,304.33,313.68,1648.3,19.61,222,541.9,3.402,141.55,Power Failure,1
M,297.43,307.61,1443.5,46.49,131,560.4,2.607,127.1,No Failure,0
L,297.43,306.53,1577.0,38.69,77,415.8,2.181,126.8,No Failure,0
M,294.27,304.73,1613.3,33.8,48,919.4,2.073,161.27,No Failure,0
H,301.84,312.36,1461.9,46.71,2,1035.6,1.724,140.56,No Failure,0
M,301.31,309.69,1732.2,23.56,51,403.4,1.626,160.14,No Failure,0
M,300.2,310.26,1665.5,26.56,36,1454.7,1.585,157.1,No Failure,0
L,297.55,306.03,1381.4,51.17,171,416.0,3.693,169.59,No Failure,0
M,299.82,307.96,1328.2,62.81,235,333.8,4.822,152.9,Heat Dissipation Failure,1
M,300.37,309.78,1388.0,46.84,62,257.8,2.297,142.12,No Failure,0
L,301.57,314.36,1352.0,44.72,15,1332.1,1.573,157.6,No Failure,0
M,300.55,311.32,1585.1,34.18,248,289.5,4.695,123.87,No Failure,0
H,301.33,312.72,1409.8,34.41,173,1979.3,3.518,161.0,No Failure,0
M,299.75,310.36,1464.9,42.27,99,243.0,2.594,171.7,No Failure,0
M,302.36,312.57,1183.3,53.73,195,587.1,3.639,135.56,No Failure,0
L,301.26,312.16,1472.3,44.27,174,281.9,3.936,146.84,No Failure,0
M,297.63,306.99,1357.9,49.58,187,451.0,3.402,151.05,No Failure,0
L,302.78,313.25,1624.4,30.84,42,636.6,1.836,145.32,No Failure,0
L,302.45,313.63,1430.6,46.17,83,1919.4,2.757,148.45,No Failure,0
L,300.93,311.63,1542.2,33.29,130,1139.8,2.822,140.23,No Failure,0
L,300.56,311.8,1493.5,41.4,159,74.8,2.929,142.37,No Failure,0
L,303.32,313.5,1395.7,46.16,138,611.7,2.98,184.86,No Failure,0
M,296.73,308.43,1491.5,34.69,70,630.5,2.187,151.37,No Failure,0
L,302.48,312.27,1530.4,29.83,92,468.2,1.963,118.92,No Failure,0
L,299.05,311.17,1459.7,43.63,104,779.7,2.656,142.98,No Failure,0
L,302.19,312.76,1460.7,38.65,18,2513.2,2.19,144.68,No Failure,0
M,300.24,309.86,1529.7,41.36,207,417.1,4.236,169.45,No Failure,0
L,297.51,306.34,1288.2,46.57,162,970.0,3.282,167.48,No Failure,0
L,299.01,308.2,1260.5,53.07,151,208.1,3.35,151.16,No Failure,0
M,302.04,311.08,1616.9,46.63,191,112.6,3.578,136.18,No Failure,0
L,299.58,309.49,1418.4,45.32,117,589.9,2.242,152.6,No Failure,0
H,298.76,307.48,1448.7,35.0,147,1112.0,3.102,139.27,No Failure,0
L,298.74,310.04,1525.5,36.53,171,570.3,3.314,153.53,No Failure,0
L,301.28,311.4,1532.7,44.55,162,1064.2,3.616,161.74,No Failure,0
L,303.5,313.57,1586.8,36.37,185,1065.2,3.691,142.8,No Failure,0
M,295.72,304.55,1396.6,44.5,17,3440.7,2.04,152.23,No Failure,0
L,305.6,314.83,1519.1,31.84,232,888.8,3.941,158.99,Tool Wear Failure,1
H,300.41,308.19,1315.6,59.29,131,607.3,2.98,155.98,Heat Dissipation Failure,1
L,301.16,312.78,1512.5,41.94,192,930.4,3.607,130.06,No Failure,0
M,299.13,307.71,1493.9,41.28,10,381.2,1.299,149.2,No Failure,0
L,299.99,308.65,1456.1,35.17,119,1032.3,2.574,114.49,No Failure,0
L,300.39,311.8,1301.1,59.13,113,959.4,3.597,153.65,No Failure,0
L,297.9,308.29,1576.4,27.47,54,1658.1,2.042,160.09,No Failure,0
M,298.39,308.51,1689.6,32.97,223,313.5,3.772,155.2,No Failure,0
L,302.37,312.71,1415.8,48.54,117,737.5,2.925,153.86,No Failure,0
H,296.9,307.85,1778.6,42.4,223,1971.2,3.867,153.53,No Failure,0
M,300.88,310.98,1521.9,34.23,109,432.6,2.619,156.93,No Failure,0
H,299.26,307.72,1392.4,34.52,148,48.4,2.991,139.18,No Failure,0
L,298.08,308.81,1554.9,37.09,149,708.6,3.225,142.22,No Failure,0
M,303.94,314.37,1586.1,41.02,158,657.9,3.806,151.44,No Failure,0
M,298.09,309.26,1418.5,55.54,156,644.6,3.9,164.96,No Failure,0
M,297.74,306.49,1469.3,46.05,200,816.0,3.586,156.29,No Failure,0
H,299.63,308.9,1384.0,50.23,54,1098.4,2.157,158.54,No Failure,0
M,298.46,308.85,1509.1,35.66,179,3728.0,3.143,146.36,No Failure,0
H,300.01,309.07,1249.3,45.16,201,428.9,3.521,151.18,No Failure,0
M,300.31,307.96,1701.7,24.45,204,374.3,2.805,149.06,No Failure,0
L,300.47,310.67,1451.3,41.82,103,1072.5,2.698,134.91,No Failure,0
M,299.75,310.65,1593.7,41.18,105,343.3,2.549,153.62,No Failure,0
L,298.6,308.47,1306.4,58.21,196,493.5,3.915,147.88,Overstrain Failure,1
H,301.29,311.83,1370.6,55.58,128,538.5,3.04,160.52,No Failure,0
H,299.78,310.18,1633.1,37.42,3,1579.6,1.595,131.87,No Failure,0
L,299.01,309.02,1685.6,31.83,187,1714.2,3.108,144.22,No Failure,0
L,302.96,313.1,1638.9,32.1,192,100.8,3.169,127.78,No Failure,0
L,299.76,311.11,1355.2,37.05,127,132.0,3.409,154.7,No Failure,0
L,302.18,311.22,1280.9,53.02,137,674.6,2.862,159.75,No Failure,0
L,302.45,313.23,1529.9,44.15,132,1359.1,3.938,154.57,No Failure,0
M,302.58,311.39,1395.7,45.18,105,709.6,2.346,173.6,No Failure,0
M,301.38,310.59,1441.7,48.11,174,1695.8,3.252,156.61,No Failure,0
H,300.0,311.19,1598.2,30.06,35,378.5,1.372,139.47,No Failure,0
L,299.87,308.66,1579.8,32.91,72,539.1,2.06,164.61,No Failure,0
M,299.51,309.27,1363.4,45.2,221,777.8,2.897,174.7,No Failure,0
L,295.67,308.03,1654.4,32.21,200,487.6,3.738,158.2,No Failure,0
H,301.44,312.46,1574.9,24.74,13,1939.5,1.177,141.16,No Failure,0
L,300.49,309.75,1639.7,29.17,42,497.9,1.898,142.24,No Failure,0
L,301.65,311.09,1397.0,50.54,28,842.2,2.608,154.25,No Failure,0
L,299.77,309.6,1702.8,36.26,239,437.4,3.758,145.18,Tool Wear Failure,1
H,301.33,312.64,1612.3,42.26,211,455.5,3.872,163.05,No Failure,0
L,297.24,306.24,1774.4,29.67,143,298.8,2.548,147.24,No Failure,0
M,297.66,306.6,1618.4,43.79,172,1254.8,3.644,160.22,No Failure,0
M,295.05,305.76,1509.5,37.3,154,1070.9,3.19,158.37,No Failure,0
M,299.73,308.05,1416.2,44.46,210,1135.3,3.412,133.37,Tool Wear Failure,1
L,298.45,307.54,1436.0,35.22,230,468.8,4.211,148.98,No Failure,0
L,298.19,308.11,1483.6,45.04,242,551.4,4.088,162.48,No Failure,0
L,300.67,310.64,1544.4,34.73,85,987.2,2.293,148.3,No Failure,0
L,299.15,307.78,1502.6,39.2,85,300.8,2.64,154.12,No Failure,0
M,297.13,307.49,1447.1,37.28,28,600.9,2.134,152.04,No Failure,0
L,305.09,315.64,1530.4,40.26,202,990.5,3.315,139.98,No Failure,0
L,299.93,309.26,1443.3,42.79,104,387.1,2.974,170.73,No Failure,0
L,297.83,309.49,1496.2,35.05,9,2206.3,1.603,140.98,No Failure,0
M,298.66,309.0,1524.3,38.8,207,922.9,3.572,138.87,No Failure,0
L,299.65,308.65,1478.1,41.86,227,634.1,3.713,162.64,No Failure,0
M,299.65,311.27,1331.0,45.08,213,501.9,3.899,143.46,No Failure,0
L,302.6,312.08,1435.2,39.24,159,1038.7,2.751,150.9,No Failure,0
H,299.84,310.02,1618.9,31.13,218,411.9,3.352,155.1,No Failure,0
M,303.71,313.22,1488.8,40.86,225,1063.0,3.362,162.23,No Failure,0
L,299.14,309.76,1271.5,46.7,136,267.4,3.345,124.82,No Failure,0
L,300.85,310.37,1669.5,26.67,141,632.7,2.793,148.26,No Failure,0
L,302.04,311.62,1601.3,26.79,80,1196.2,2.206,146.44,No Failure,0
L,302.39,312.23,1457.4,33.38,157,382.5,2.898,149.49,No Failure,0
L,302.62,312.12,1455.2,38.08,249,383.4,3.993,159.27,No Failure,0
H,299.46,310.53,1690.6,18.03,232,678.3,3.423,167.74,Power Failure,1
M,299.99,308.73,1255.3,45.74,211,750.3,3.926,152.42,No Failure,0
L,295.04,305.0,1552.4,38.17,75,1350.4,1.853,140.72,No Failure,0
M,299.61,309.7,1776.9,16.49,189,1047.5,3.048,152.76,Power Failure,1
L,302.18,312.06,1669.2,28.87,86,571.7,2.374,156.94,No Failure,0
H,301.79,312.76,1627.9,36.99,4,588.7,1.728,153.38,No Failure,0
L,299.83,308.32,1571.6,22.27,212,1110.4,3.967,162.7,No Failure,0
M,303.4,313.97,1515.4,49.7,75,251.3,2.624,141.88,No Failure,0
M,299.23,307.99,1509.6,41.87,241,326.6,4.309,142.55,No Failure,0
L,298.57,308.06,1370.6,46.78,136,459.6,3.381,152.12,No Failure,0
L,299.06,307.72,1624.3,29.71,166,169.6,2.832,163.84,No Failure,0
L,297.76,307.42,1506.4,44.11,143,1298.2,3.35,170.72,No Failure,0
H,301.24,310.67,1691.5,33.39,107,234.1,1.962,156.49,No Failure,0
M,300.58,312.22,1623.1,38.08,227,2616.1,3.588,153.92,No Failure,0
M,301.22,311.46,1409.6,43.53,27,966.7,2.149,138.65,No Failure,0
M,299.17,309.61,1536.3,39.3,40,466.0,1.65,158.75,No Failure,0
H,299.88,308.78,1465.0,48.08,151,572.8,3.598,136.47,No Failure,0
L,295.64,306.38,1511.5,41.39,241,1796.7,4.352,162.96,No Failure,0
M,300.75,312.39,1509.6,35.37,206,517.4,3.699,152.08,No Failure,0
M,300.2,311.07,1590.5,48.43,176,452.8,3.619,151.72,No Failure,0
L,297.8,306.49,1359.6,50.54,27,558.9,2.013,165.68,No Failure,0
H,299.79,309.33,1643.0,40.88,14,535.8,1.816,151.72,No Failure,0
L,299.48,309.59,1264.9,53.36,72,707.6,2.897,145.7,No Failure,0
L,303.53,312.95,1484.5,37.65,178,534.9,3.683,153.4,No Failure,0
H,297.88,310.41,1579.0,38.72,25,1604.7,1.858,139.86,No Failure,0
L,300.66,310.18,1404.9,40.04,88,635.3,2.083,152.99,No Failure,0
L,297.82,307.78,1444.2,38.7,84,341.9,2.331,148.11,No Failure,0
L,298.88,308.28,1573.0,36.89,38,205.6,1.999,141.96,No Failure,0
M,300.55,310.79,1401.6,32.85,144,255.1,3.14,178.8,No Failure,0
H,299.58,310.96,1679.0,30.06,59,1119.4,2.123,147.81,No Failure,0
L,299.99,310.1,1624.2,41.11,32,959.4,2.333,143.03,No Failure,0
L,300.67,310.45,1541.1,51.98,108,800.4,2.719,129.75,No Failure,0
L,299.01,307.94,1464.2,48.14,118,1117.8,2.743,141.16,No Failure,0
H,301.77,312.98,1430.5,43.88,51,1126.2,2.49,159.11,No Failure,0
L,299.39,309.25,1367.4,52.49,3,968.5,1.609,131.57,No Failure,0
H,299.8,309.62,1524.3,40.19,17,184.1,1.466,136.23,No Failure,0
H,300.72,308.38,1590.8,30.11,206,149.3,3.482,161.75,No Failure,0
L,300.45,310.33,1493.7,36.51,205,614.6,3.809,145.63,Tool Wear Failure,1
H,301.29,310.89,1647.4,39.39,168,1421.7,3.337,144.3,No Failure,0
M,300.63,308.81,1518.8,34.88,66,601.6,1.373,150.92,No Failure,0
M,300.94,311.93,1580.6,46.1,162,644.3,3.301,164.35,No Failure,0
L,299.35,308.81,1434.2,49.36,230,1044.1,3.866,138.59,Overstrain Failure,1
H,297.86,309.76,1642.0,22.68,211,48.7,3.723,173.49,No Failure,0
M,297.14,308.56,1558.3,38.55,177,644.7,2.88,151.04,No Failure,0
M,296.66,305.94,1777.7,10.97,34,565.8,1.532,149.42,Power Failure,1
H,303.53,314.89,1494.3,39.08,111,670.8,2.697,157.61,No Failure,0
L,295.57,307.18,1559.0,38.97,241,1990.7,4.07,124.01,No Failure,0
H,302.39,311.83,1419.8,57.76,194,499.6,4.135,153.41,No Failure,0
H,298.36,307.33,1530.7,54.76,11,1064.0,1.944,152.25,No Failure,0
L,302.37,310.22,1431.8,49.32,220,521.6,4.016,171.86,No Failure,0
L,295.59,305.98,1506.5,30.4,111,355.6,3.04,177.55,No Failure,0
L,299.53,308.56,1520.4,29.82,37,572.5,2.068,152.14,No Failure,0
H,302.91,313.32,1800.8,29.04,0,1503.0,1.66,151.4,No Failure,0
L,301.43,310.86,1208.7,55.27,101,1259.7,3.185,147.91,No Failure,0
M,299.33,308.55,1465.7,30.9,230,508.5,4.289,149.54,No Failure,0
L,296.11,305.55,1533.2,36.14,151,250.3,3.208,145.31,No Failure,0
L,297.36,306.06,1516.6,31.0,119,1200.6,2.648,161.99,No Failure,0
M,302.78,312.22,1674.4,27.42,129,1157.8,2.83,166.57,No Failure,0
L,299.3,308.57,1539.2,43.33,68,647.6,2.18,164.71,No Failure,0
H,299.86,309.84,1439.6,41.53,4,246.9,1.926,165.64,No Failure,0
L,300.57,310.67,1813.3,17.75,110,1259.0,2.564,155.95,Power Failure,1
H,297.39,306.32,1504.9,26.98,45,734.1,1.692,159.29,No Failure,0
L,300.81,311.92,1413.2,42.55,237,715.4,3.983,158.6,No Failure,0
H,299.16,309.0,1647.3,39.28,62,1829.7,2.312,132.25,No Failure,0
M,300.59,312.09,1414.6,35.99,57,739.5,1.901,146.7,No Failure,0
L,298.84,309.08,1482.8,46.06,112,1196.2,2.532,143.0,No Failure,0
L,296.85,306.92,1756.6,25.57,86,1600.6,2.1,148.68,No Failure,0
L,299.15,308.65,1313.7,34.05,151,471.1,3.014,148.15,No Failure,0
M,301.28,311.9,1428.2,45.18,2,317.3,1.924,157.4,No Failure,0
H,300.79,310.82,1637.2,33.51,243,859.6,4.068,144.79,No Failure,0
L,300.06,310.92,1450.7,43.13,54,2384.9,2.19,122.42,No Failure,0
L,301.8,313.4,1597.0,28.54,165,657.6,3.194,153.85,No Failure,0
M,299.59,308.87,1582.8,31.76,221,330.1,3.489,146.85,No Failure,0
M,300.11,310.73,1670.7,22.18,11,371.6,0.902,155.63,No Failure,0
M,299.04,309.63,1592.0,19.43,119,530.0,2.319,135.88,Power Failure,1
L,301.91,312.37,1607.0,35.24,148,653.8,3.06,155.33,No Failure,0
M,300.58,310.15,1486.9,44.5,24,1048.0,1.757,139.77,No Failure,0
H,298.89,308.47,1406.0,38.85,165,928.5,2.789,129.9,No Failure,0
L,297.02,306.44,1365.3,51.6,207,1679.1,3.643,145.87,No Failure,0
L,302.21,311.61,1404.2,36.07,31,702.3,1.471,129.02,No Failure,0
L,298.51,307.67,1688.9,18.8,211,997.9,2.877,141.96,Power Failure,1
M,300.14,310.04,1516.6,43.44,117,1783.1,2.857,151.26,No Failure,0
L,304.71,313.95,1605.4,29.21,244,784.5,4.182,133.52,No Failure,0
H,301.6,312.04,1539.4,41.26,71,73.1,2.348,153.61,No Failure,0
M,303.22,313.28,1694.9,17.15,15,607.9,1.647,133.41,Power Failure,1
M,298.92,309.09,1590.6,37.25,164,676.4,2.404,138.34,No Failure,0
M,302.14,311.87,1432.3,47.03,109,342.0,2.891,137.07,No Failure,0
L,300.05,310.12,1516.7,45.8,158,195.7,3.466,157.2,No Failure,0
H,300.73,310.48,1404.3,37.49,221,234.2,3.532,152.22,No Failure,0
L,304.04,314.82,1378.4,39.49,215,1819.0,3.475,144.04,No Failure,0
M,299.44,309.0,1547.6,35.03,29,1089.4,1.685,123.85,No Failure,0
H,300.04,310.41,1585.5,37.02,16,209.8,1.969,148.92,No Failure,0
M,298.19,306.89,1424.9,46.27,90,515.6,2.273,135.35,No Failure,0
H,301.78,312.49,1617.4,32.5,33,50.2,1.534,134.53,No Failure,0
L,298.88,308.32,1580.0,33.48,226,581.8,3.337,157.14,No Failure,0
H,302.05,311.13,1442.0,24.2,137,173.2,2.836,139.42,No Failure,0
M,296.7,305.56,1657.4,46.47,23,1515.8,1.749,150.48,No Failure,0
M,301.1,309.88,1412.3,36.8,138,1932.1,2.887,138.76,No Failure,0
L,298.71,308.23,1516.0,27.37,181,1995.7,3.301,160.4,No Failure,0
L,301.46,312.96,1537.7,48.22,193,294.4,3.546,156.14,No Failure,0
M,299.97,309.33,1509.9,38.99,237,200.9,3.51,161.85,No Failure,0
L,298.93,306.72,1494.6,32.03,154,547.5,3.133,164.04,No Failure,0
M,299.23,309.59,1390.7,48.38,150,535.1,3.442,131.93,No Failure,0
H,298.3,307.18,1452.4,36.04,14,86.9,2.142,173.56,No Failure,0
H,301.68,312.49,1557.9,23.76,219,375.7,3.558,120.22,No Failure,0
L,297.9,307.48,1498.7,49.04,193,586.8,3.733,142.77,No Failure,0
H,299.47,309.19,1526.7,31.05,199,173.4,3.495,144.55,No Failure,0
L,300.69,311.89,1168.0,69.66,243,293.2,4.569,128.88,Overstrain Failure,1
L,303.23,313.84,1471.6,35.0,201,805.5,3.5,143.7,Tool Wear Failure,1
H,299.98,308.74,1651.6,19.3,107,791.6,2.077,161.2,Power Failure,1
L,299.51,308.42,1296.6,57.0,157,1330.1,3.59,151.35,No Failure,0
L,300.55,308.76,1481.1,38.89,221,92.9,3.873,130.53,No Failure,0
L,295.85,308.46,1515.2,42.01,17,710.7,1.761,145.88,No Failure,0
M,297.6,306.74,1430.5,43.27,37,1049.9,1.753,160.9,No Failure,0
H,299.25,310.42,1535.8,25.85,99,1861.1,1.862,140.23,No Failure,0
L,298.57,308.04,1615.0,17.79,164,486.9,2.636,145.15,Power Failure,1
L,296.8,305.72,1473.3,58.99,208,591.2,3.869,155.33,Power Failure,1
M,301.72,311.74,1825.2,23.82,77,481.1,1.928,159.15,No Failure,0
L,300.52,310.19,1377.5,55.84,50,664.1,2.279,157.66,No Failure,0
M,300.28,311.08,1527.5,44.72,47,1390.6,2.679,145.6,No Failure,0
H,298.61,309.43,1405.7,41.21,75,1252.3,2.257,129.91,No Failure,0
M,300.16,309.57,1488.7,34.78,15,336.1,1.245,153.05,No Failure,0
H,301.03,309.59,1360.1,62.55,128,619.0,3.336,131.71,Heat Dissipation Failure,1
M,299.47,308.27,1347.0,32.53,215,474.8,3.486,148.21,No Failure,0
H,300.89,308.61,1627.1,32.81,105,456.2,3.064,139.73,No Failure,0
L,298.41,308.13,1399.7,46.19,121,981.5,3.023,147.56,No Failure,0
L,300.19,310.18,1461.2,32.73,204,489.0,3.764,164.73,No Failure,0
M,302.28,311.14,1620.2,29.34,3,1003.9,1.426,153.17,No Failure,0
L,302.46,311.2,1638.7,38.89,243,502.2,4.065,162.88,No Failure,0
H,302.66,312.64,1421.1,46.34,51,422.3,2.077,140.81,No Failure,0
M,300.57,309.94,1380.2,58.26,26,601.0,2.21,153.54,No Failure,0
H,300.06,309.85,1378.4,60.3,147,2646.5,3.205,136.86,No Failure,0
L,299.1,308.74,1669.1,21.56,4,303.6,1.14,147.1,No Failure,0
L,296.39,306.63,1331.1,49.9,111,371.1,3.003,155.91,No Failure,0
M,297.31,306.74,1603.1,29.63,193,138.2,3.438,126.39,No Failure,0
L,299.66,309.18,1595.5,30.13,171,408.7,3.178,148.1,No Failure,0
M,299.78,307.9,1301.7,34.08,18,111.5,1.478,155.79,Heat Dissipation Failure,1
M,302.82,312.77,1629.6,33.44,181,115.5,3.944,144.28,No Failure,0
H,302.63,312.72,1454.4,28.78,59,859.0,1.938,159.57,No Failure,0
M,298.63,308.45,1701.8,16.22,45,1093.0,1.647,148.54,Power Failure,1
L,301.64,313.55,1525.0,53.95,87,2112.8,3.128,132.8,No Failure,0
L,299.05,309.21,1410.3,48.47,111,312.9,2.6,153.48,No Failure,0
M,301.37,311.21,1411.3,39.32,74,301.2,2.273,150.58,No Failure,0
L,301.61,312.11,1631.8,29.81,133,1444.3,3.277,147.86,No Failure,0
L,302.48,314.6,1531.5,51.84,162,706.5,3.594,149.18,No Failure,0
L,299.01,309.27,1409.4,38.85,19,323.2,2.006,158.63,No Failure,0
L,302.03,309.81,1337.7,33.74,69,1118.8,2.053,149.62,Heat Dissipation Failure,1
M,296.25,306.69,1742.1,23.05,76,644.5,1.898,157.02,No Failure,0
L,302.59,311.71,1537.9,44.87,151,629.0,2.884,167.54,No Failure,0
M,299.95,308.03,1565.5,36.15,64,1756.2,2.763,158.53,No Failure,0
L,299.99,311.69,1321.2,42.1,173,901.9,3.237,149.89,No Failure,0
M,295.93,307.41,1544.4,41.18,181,922.9,3.029,149.25,No Failure,0
L,299.22,308.32,1546.2,45.85,5,1112.0,2.12,146.4,No Failure,0
H,302.71,311.81,1680.7,41.67,157,621.2,3.004,150.55,No Failure,0
L,299.15,309.31,1503.1,36.44,91,1098.4,2.651,151.28,No Failure,0
M,301.43,310.54,1474.0,45.04,73,1816.4,2.633,141.57,No Failure,0
L,300.07,309.93,1234.2,49.0,12,631.0,2.211,143.84,No Failure,0
L,302.13,311.41,1467.5,54.96,121,838.7,2.691,139.25,No Failure,0
L,300.38,309.98,1678.7,28.29,191,329.2,3.389,158.71,No Failure,0
H,298.14,306.73,1451.4,50.62,38,383.5,1.867,152.6,No Failure,0
H,300.11,310.94,1737.9,23.62,14,555.2,1.43,149.55,No Failure,0
L,303.2,314.41,1352.5,49.64,34,586.9,2.39,141.92,No Failure,0
L,301.0,310.9,1531.6,33.59,215,157.1,3.108,157.08,No Failure,0
M,299.77,309.73,1420.6,47.92,51,1893.4,2.136,142.1,No Failure,0
M,304.51,315.14,1483.5,54.43,211,1147.1,3.715,141.48,No Failure,0
L,302.32,312.32,1586.6,41.79,47,778.5,2.154,158.63,No Failure,0
M,301.63,313.36,1532.4,39.53,129,314.1,2.545,145.06,No Failure,0
M,300.63,309.32,1531.7,39.02,111,820.2,2.895,153.1,No Failure,0
M,301.46,312.32,1587.2,35.29,235,516.9,3.781,143.52,No Failure,0
L,301.53,311.41,1379.8,51.24,68,976.4,2.489,147.01,No Failure,0
L,295.63,304.51,1631.2,38.92,91,236.9,2.557,149.38,No Failure,0
L,300.79,313.04,1633.3,18.25,111,1506.3,1.437,162.34,Power Failure,1
M,299.68,312.06,1467.9,48.84,75,580.9,2.206,154.4,No Failure,0
L,299.0,308.79,1379.8,48.32,41,1434.1,2.614,155.77,No Failure,0
M,299.61,310.05,1581.8,40.43,28,2858.9,1.519,155.75,No Failure,0
M,296.89,306.42,1554.1,32.12,148,311.6,2.606,162.14,No Failure,0
M,296.39,306.08,1778.8,28.4,181,574.5,3.07,169.46,No Failure,0
L,302.49,311.36,1551.4,32.15,42,240.3,2.097,156.42,No Failure,0
L,300.92,309.64,1568.5,41.99,106,389.7,2.284,139.0,No Failure,0
L,295.17,307.02,1590.7,21.56,176,753.6,2.912,153.43,No Failure,0
M,298.85,308.81,1438.4,44.24,244,198.0,4.491,165.72,No Failure,0
H,301.76,311.81,1490.4,40.73,32,1714.8,2.03,134.7,No Failure,0
L,299.44,308.63,1428.6,52.87,217,457.5,3.73,169.93,Overstrain Failure,1
H,302.49,312.68,1376.7,47.01,96,959.2,3.011,158.49,No Failure,0
L,302.1,310.6,1506.5,32.77,128,1814.5,2.636,153.79,No Failure,0
L,297.29,306.51,1643.3,23.09,16,226.0,1.559,146.54,No Failure,0
L,299.71,308.51,1601.6,31.79,112,1029.0,2.321,143.63,No Failure,0
M,299.1,310.4,1386.2,53.81,71,1182.9,2.883,162.2,No Failure,0
L,297.22,305.57,1460.3,42.94,58,215.4,2.14,134.42,No Failure,0
L,297.09,305.91,1332.7,45.97,218,265.7,3.967,176.41,Tool Wear Failure,1
M,298.39,306.34,1595.4,33.71,38,765.5,1.306,160.99,No Failure,0
M,298.72,307.83,1537.1,44.85,58,1697.9,2.726,156.47,No Failure,0
L,300.57,310.11,1708.1,24.8,60,1288.7,2.288,154.62,No Failure,0
L,302.09,313.07,1438.7,49.35,193,356.7,3.363,141.8,No Failure,0
M,301.03,310.81,1538.1,28.45,137,1139.7,3.199,152.51,No Failure,0
L,301.5,311.09,1629.0,20.26,114,1758.0,1.943,132.53,Power Failure,1
L,299.47,309.77,1332.9,62.62,35,407.3,2.023,137.33,No Failure,0
M,301.21,310.76,1487.5,41.35,98,449.2,2.545,130.95,No Failure,0
L,299.7,312.11,1415.4,41.07,221,168.7,3.887,150.95,No Failure,0
M,299.12,308.53,1498.2,21.3,124,308.6,2.733,144.68,Power Failure,1
L,303.79,314.21,1400.2,46.23,241,727.8,4.108,147.69,Overstrain Failure,1
L,295.34,306.17,1404.2,48.86,11,409.4,1.569,152.6,No Failure,0
L,296.25,305.63,1543.8,38.01,66,159.0,2.542,164.95,No Failure,0
L,300.77,310.93,1391.9,48.9,37,407.2,2.096,131.84,No Failure,0
L,299.47,308.97,1383.7,51.71,161,2396.2,3.637,167.09,No Failure,0
L,297.13,307.4,1468.0,45.26,26,1740.8,2.252,151.3,No Failure,0
H,297.89,307.99,1814.3,18.34,102,900.3,2.02,144.4,Power Failure,1
H,298.15,308.01,1577.2,28.48,9,850.9,1.385,153.1,No Failure,0
L,301.78,310.63,1225.7,56.87,130,1669.9,3.433,154.84,No Failure,0
M,302.42,314.29,1431.8,40.82,46,922.9,2.366,163.97,No Failure,0
M,303.28,313.87,1655.8,40.87,192,725.6,3.355,147.85,No Failure,0
H,296.82,305.23,1695.6,31.68,115,1029.8,2.575,134.55,No Failure,0
L,297.27,306.85,1635.6,33.63,152,354.1,2.577,133.54,No Failure,0
L,297.13,305.56,1467.7,51.93,47,737.1,2.188,158.55,No Failure,0
L,302.58,313.34,1444.3,54.98,166,830.0,4.006,156.11,No Failure,0
L,300.83,310.81,1414.7,47.97,8,582.9,1.291,171.69,No Failure,0
L,300.16,310.16,1533.9,45.52,36,764.0,2.616,132.96,No Failure,0
H,300.46,309.62,1531.4,46.27,204,495.3,4.319,155.57,Tool Wear Failure,1
H,299.89,309.57,1581.6,39.3,59,279.7,1.818,160.41,No Failure,0
L,297.76,308.54,1542.4,27.96,183,432.9,2.875,153.73,No Failure,0
L,301.03,312.08,1584.4,25.8,216,787.3,3.482,147.99,No Failure,0
L,299.63,310.47,1337.1,53.15,32,721.4,2.062,146.33,No Failure,0
L,297.6,306.05,1592.4,39.67,242,790.0,4.332,146.33,No Failure,0
M,301.15,310.96,1489.1,44.77,203,557.1,3.96,153.04,No Failure,0
L,299.15,309.4,1518.4,42.11,138,127.1,3.0,164.39,No Failure,0
H,300.45,309.72,1530.9,42.61,79,964.7,2.049,134.96,No Failure,0
H,299.75,308.09,1345.3,43.45,51,645.5,2.1,145.53,Heat Dissipation Failure,1
M,301.78,310.5,1523.6,46.97,57,970.1,3.075,168.09,No Failure,0
M,300.44,311.94,1512.7,32.32,127,747.7,2.788,134.53,No Failure,0
M,298.23,307.04,1364.9,51.82,37,434.8,2.642,155.35,No Failure,0
L,300.64,310.69,1483.8,32.62,118,680.8,2.75,117.59,No Failure,0
L,300.71,310.55,1488.0,42.39,126,2598.0,3.434,144.25,No Failure,0
M,301.02,310.87,1588.6,28.17,165,1373.5,2.999,139.05,No Failure,0
L,302.07,311.75,1388.1,38.33,1,843.8,1.946,163.52,No Failure,0
H,298.77,309.56,1391.8,33.4,81,3255.8,2.576,136.0,No Failure,0
L,301.34,311.37,1479.8,40.24,33,379.9,1.967,136.68,No Failure,0
L,296.55,305.92,1514.4,47.35,220,554.0,3.98,139.4,No Failure,0
L,299.76,309.81,1558.5,40.76,209,723.1,3.271,143.63,No Failure,0
H,299.45,308.17,1433.2,59.61,244,299.6,4.325,144.79,Overstrain Failure,1
L,302.9,313.37,1418.5,47.96,226,2236.8,4.773,142.89,No Failure,0
L,299.69,309.01,1486.4,37.72,227,2378.7,4.37,153.39,No Failure,0
L,301.22,310.59,1496.9,39.14,81,1108.9,2.374,136.82,No Failure,0
M,296.48,306.99,1542.2,43.78,247,107.9,3.897,155.3,No Failure,0
H,299.3,308.89,1588.8,47.04,0,181.3,2.12,140.83,No Failure,0
L,298.31,307.96,1557.3,27.66,34,875.9,1.788,124.74,No Failure,0
H,304.95,316.12,1425.1,46.37,74,1748.2,2.619,148.03,No Failure,0
L,298.67,307.69,1599.4,27.92,62,490.6,1.896,155.4,No Failure,0
M,300.15,310.64,1432.9,45.4,198,941.9,4.145,138.48,No Failure,0
L,300.25,311.2,1359.7,51.0,191,1607.7,3.816,150.98,No Failure,0
L,296.82,307.99,1464.7,43.0,41,358.2,2.266,144.15,No Failure,0
M,298.95,311.12,1614.9,16.74,116,1509.7,1.987,142.96,Power Failure,1
M,300.81,310.17,1707.9,22.18,23,556.5,1.247,157.16,No Failure,0
L,300.17,309.3,1587.6,45.63,240,610.3,3.776,157.66,No Failure,0
H,295.4,306.22,1670.7,15.46,176,839.3,3.01,136.11,Power Failure,1
H,298.87,309.81,1600.9,46.1,37,281.5,2.123,138.13,No Failure,0
L,302.04,311.25,1411.5,49.85,192,988.5,3.322,158.46,No Failure,0
M,301.18,311.66,1346.4,51.35,76,406.2,2.687,137.11,No Failure,0
M,302.44,315.16,1581.1,37.59,57,320.6,2.165,139.0,No Failure,0
L,298.03,308.13,1381.7,44.39,161,527.5,2.741,146.4,No Failure,0
H,302.56,313.49,1539.4,42.09,55,255.0,1.977,142.71,No Failure,0
L,299.91,311.49,1640.7,25.27,102,292.4,2.401,143.65,No Failure,0
M,303.18,315.69,1404.1,47.45,220,1208.6,3.641,146.66,No Failure,0
L,300.01,310.25,1342.9,53.9,90,931.8,2.701,147.04,No Failure,0
L,295.91,307.16,1366.3,46.89,37,612.9,1.884,152.44,No Failure,0
M,301.7,310.91,1633.1,34.97,137,314.8,2.396,150.97,No Failure,0
M,299.11,309.14,1420.8,47.4,36,1058.3,1.473,170.66,No Failure,0
H,299.25,308.8,1424.2,52.98,201,1473.4,3.515,157.4,No Failure,0
H,297.09,305.21,1405.7,51.66,184,3349.4,4.269,149.05,No Failure,0
L,303.24,311.64,1398.8,50.27,108,1563.7,2.513,169.66,No Failure,0
L,298.96,309.39,1656.7,24.08,134,493.8,2.569,139.29,No Failure,0
L,303.15,313.6,1514.2,43.98,8,271.5,1.739,173.05,No Failure,0
L,299.14,308.1,1460.8,46.46,160,646.6,3.91,180.65,No Failure,0
L,298.14,309.7,1399.9,50.39,195,1469.3,3.136,160.35,No Failure,0
H,302.64,311.53,1361.0,45.16,225,492.1,3.736,148.14,No Failure,0
M,299.85,310.11,1321.5,55.52,180,149.4,3.796,161.61,No Failure,0
L,299.87,309.46,1618.7,21.72,72,947.0,1.915,164.65,No Failure,0
L,297.44,307.54,1456.8,45.58,126,520.3,2.84,138.67,No Failure,0
M,299.08,309.98,1305.2,44.79,80,308.2,2.657,159.56,No Failure,0
L,300.86,311.61,1483.5,49.03,150,1595.4,2.641,147.24,No Failure,0
L,297.4,308.11,1405.5,55.42,217,327.8,3.984,140.18,Overstrain Failure,1
L,298.92,309.5,1518.7,31.12,92,479.7,2.164,153.89,No Failure,0
L,299.16,307.89,1296.9,55.09,199,423.3,4.149,151.07,No Failure,0
L,300.13,311.27,1373.0,48.15,26,158.1,1.378,133.88,No Failure,0
M,302.96,311.9,1395.8,38.13,178,599.1,3.267,166.84,No Failure,0
L,299.4,309.29,1542.2,30.91,199,139.0,3.346,152.3,No Failure,0
M,298.62,308.27,1468.1,41.96,195,260.3,3.448,160.01,No Failure,0
M,305.49,315.84,1559.8,42.86,98,307.4,2.447,161.17,No Failure,0
H,299.13,308.65,1515.4,43.41,185,199.5,3.463,141.72,No Failure,0
L,299.62,309.46,1662.4,33.73,246,896.7,4.249,176.24,No Failure,0
L,299.28,310.9,1461.4,46.09,15,753.7,2.051,175.28,No Failure,0
L,299.45,308.15,1450.4,35.94,244,970.5,3.727,138.55,No Failure,0
L,300.16,310.15,1559.3,52.17,90,167.2,2.509,150.63,No Failure,0
L,301.84,310.73,1334.5,57.1,79,1279.6,2.387,152.58,No Failure,0
M,300.81,311.48,1425.9,31.87,26,1318.9,1.982,142.55,No Failure,0
L,302.15,311.43,1515.0,40.6,48,1422.1,1.894,145.7,No Failure,0
L,302.09,312.13,1279.1,49.72,128,688.1,2.686,179.01,No Failure,0
L,300.42,309.09,1470.3,42.76,189,650.5,3.55,144.43,No Failure,0
M,300.75,312.04,1565.4,26.47,181,966.1,3.2,173.53,No Failure,0
H,302.22,312.29,1477.9,48.65,191,1550.8,3.574,164.92,No Failure,0
M,297.78,307.92,1634.3,33.94,182,643.8,3.308,155.78,No Failure,0
M,305.0,315.83,1454.7,42.0,7,549.4,1.633,166.3,No Failure,0
M,298.97,307.72,1543.9,30.06,113,798.3,2.657,161.37,No Failure,0
M,299.3,308.68,1504.7,47.95,134,649.3,3.154,157.59,No Failure,0
L,297.58,307.75,1464.7,35.79,12,127.5,1.417,162.78,No Failure,0
M,297.64,305.87,1433.8,49.0,70,571.0,2.648,144.46,No Failure,0
M,301.95,310.29,1565.9,37.85,71,705.4,1.984,148.16,No Failure,0
L,304.54,313.72,1467.3,35.19,12,887.3,1.275,133.76,No Failure,0
M,298.87,307.72,1440.0,44.12,112,909.0,2.826,159.37,No Failure,0
L,300.69,310.35,1595.0,29.26,107,763.0,2.542,142.94,No Failure,0
M,300.44,310.96,1475.9,57.98,135,1147.9,3.541,132.73,No Failure,0
L,302.0,312.75,1376.3,41.86,33,2152.0,2.496,157.74,No Failure,0
M,304.44,316.25,1531.9,34.34,243,627.8,3.341,147.34,No Failure,0
H,303.04,313.02,1653.8,36.01,70,900.7,2.018,170.32,No Failure,0
L,299.52,309.68,1586.0,40.18,154,1681.9,3.155,161.1,No Failure,0
L,301.06,311.03,1395.5,49.96,141,620.3,3.691,167.24,No Failure,0
L,301.26,311.58,1565.1,31.05,1,724.8,1.287,149.59,No Failure,0
L,299.96,310.36,1570.9,36.31,61,120.6,1.618,154.28,No Failure,0
H,297.81,308.73,1547.2,39.5,174,547.3,2.976,162.07,No Failure,0
L,298.4,309.32,1500.6,55.42,90,825.4,2.722,120.87,No Failure,0
L,302.3,312.82,1521.9,49.99,82,785.8,2.711,131.61,No Failure,0
L,302.5,314.01,1248.4,55.9,177,657.2,4.323,149.74,No Failure,0
H,299.58,309.61,1354.0,40.31,199,493.2,3.374,130.26,No Failure,0
L,300.52,309.91,1336.4,54.33,201,813.0,4.03,140.86,Tool Wear Failure,1
M,302.39,311.95,1231.9,52.67,109,1502.2,3.229,157.62,No Failure,0
L,296.59,306.49,1562.4,46.97,114,510.9,2.68,154.82,No Failure,0
L,299.11,308.02,1303.2,47.77,168,277.2,3.909,158.75,No Failure,0
M,304.04,313.42,1520.6,34.05,147,1434.0,2.749,137.32,No Failure,0
L,300.6,309.46,1275.3,58.28,93,854.0,2.556,161.34,No Failure,0
M,297.74,308.09,1376.8,37.55,82,246.4,2.805,140.78,No Failure,0
L,300.23,310.59,1561.5,45.6,241,1050.8,4.079,157.38,No Failure,0
M,302.04,310.27,1394.0,46.77,221,1159.8,3.58,159.06,No Failure,0
M,294.91,304.25,1781.3,26.29,75,214.9,1.915,176.04,No Failure,0
M,300.35,312.18,1630.6,39.49,20,972.4,1.545,171.4,No Failure,0
L,299.26,309.88,1483.4,42.03,238,1307.6,3.824,159.14,Tool Wear Failure,1
M,296.72,307.17,1320.5,38.87,24,337.5,1.841,146.7,No Failure,0
H,300.16,309.5,1472.5,39.61,58,493.4,2.038,152.28,No Failure,0
L,299.73,310.01,1586.3,54.93,9,1439.0,2.576,155.08,Power Failure,1
L,299.95,309.94,1604.7,31.73,193,1249.3,3.226,143.26,No Failure,0
H,299.3,308.51,1586.4,27.31,25,579.9,1.52,158.6,No Failure,0
L,297.96,307.46,1491.9,34.14,79,987.0,2.686,159.81,No Failure,0
M,297.09,306.62,1520.3,47.44,157,504.8,3.662,159.79,No Failure,0
M,298.62,307.13,1465.9,48.42,13,1463.1,2.093,137.27,No Failure,0
L,301.72,310.39,1477.1,46.06,249,228.2,4.061,150.08,Overstrain Failure,1
M,300.47,310.27,1529.3,49.12,195,213.5,4.134,162.02,No Failure,0
M,299.86,309.01,1576.9,42.56,150,819.7,3.004,159.64,No Failure,0
L,297.92,307.62,1580.8,34.82,140,717.1,2.547,148.54,No Failure,0
H,299.25,307.65,1432.8,30.55,63,3387.0,1.831,149.84,No Failure,0
L,301.47,312.28,1512.6,27.38,147,930.3,3.027,145.51,No Failure,0
L,301.01,313.09,1462.7,37.73,204,289.6,3.485,157.53,No Failure,0
H,299.05,310.07,1433.6,47.88,125,463.4,3.037,130.72,No Failure,0
L,294.78,305.91,1616.0,42.37,88,382.1,2.202,138.84,No Failure,0
H,298.65,309.28,1682.9,40.23,73,349.4,2.551,143.45,No Failure,0
L,299.03,309.3,1619.7,29.45,148,832.6,2.617,156.98,No Failure,0
L,298.19,308.27,1343.2,65.79,223,579.6,4.05,167.75,Power Failure,1
L,299.17,308.26,1430.0,31.75,110,490.3,2.441,154.75,No Failure,0
M,301.63,312.32,1452.3,41.21,166,1777.6,2.862,136.07,No Failure,0
M,299.93,310.56,1370.0,50.03,127,753.0,2.763,147.66,No Failure,0
H,301.98,311.52,1439.3,40.42,122,30.9,2.537,138.99,No Failure,0
H,296.98,307.51,1616.7,31.93,26,1393.0,1.737,147.11,No Failure,0
M,299.39,308.7,1394.7,48.09,84,2745.1,2.358,139.06,No Failure,0
M,296.12,305.49,1436.6,26.6,232,302.9,3.712,145.73,No Failure,0
M,299.15,309.92,1436.5,57.42,220,1539.3,4.07,140.16,Overstrain Failure,1
H,297.91,308.34,1585.7,42.82,76,249.8,2.244,174.69,No Failure,0
M,302.56,312.33,1546.2,37.47,147,127.3,3.359,154.99,No Failure,0
H,300.82,310.47,1598.2,25.84,150,295.4,2.292,139.66,No Failure,0
L,302.03,312.2,1511.2,28.48,220,614.3,3.724,149.61,No Failure,0
L,299.14,307.31,1428.8,39.48,1,1073.3,1.229,171.23,No Failure,0
M,297.96,307.2,1445.0,58.93,76,373.8,2.464,160.5,No Failure,0
L,297.9,306.63,1414.0,42.33,114,401.0,2.626,148.16,No Failure,0
L,300.53,310.54,1653.4,43.47,129,663.4,2.86,143.39,No Failure,0
H,303.62,314.71,1554.6,43.86,191,564.3,3.54,154.06,No Failure,0
L,300.82,311.3,1341.4,63.64,85,1925.9,2.923,143.85,No Failure,0
L,299.25,308.74,1779.6,35.59,153,887.7,2.857,164.02,No Failure,0
L,299.62,308.92,1489.6,55.65,211,597.4,3.277,180.68,Overstrain Failure,1
L,299.94,309.18,1493.1,36.01,79,1584.5,2.059,152.41,No Failure,0
M,304.05,316.05,1464.2,32.96,125,1515.4,2.926,151.41,No Failure,0
H,302.47,312.54,1468.2,39.2,162,590.0,3.339,136.0,No Failure,0
H,300.52,310.72,1497.5,39.15,200,1563.9,3.727,168.85,No Failure,0
M,300.22,308.11,1386.8,45.62,198,1276.0,3.584,156.82,No Failure,0
M,300.6,309.42,1584.7,16.76,101,1159.7,2.255,129.52,Power Failure,1
L,300.99,310.94,1509.4,41.48,39,300.3,1.844,154.53,No Failure,0
H,299.17,308.68,1627.8,34.01,29,607.6,1.624,150.09,No Failure,0
L,298.31,308.44,1725.1,32.76,16,742.1,1.404,151.99,No Failure,0
L,302.06,312.18,1610.6,27.04,120,525.4,2.793,145.41,No Failure,0
H,300.04,310.64,1583.4,36.35,115,674.1,1.866,151.6,No Failure,0
H,301.9,310.03,1374.7,34.83,62,854.1,2.115,137.41,Heat Dissipation Failure,1
L,303.29,312.19,1611.4,35.73,109,128.7,2.603,151.49,No Failure,0
M,301.04,310.94,1540.3,23.61,172,676.7,3.015,160.07,No Failure,0
L,300.72,310.07,1519.6,40.98,11,1503.9,1.667,148.05,No Failure,0
L,306.4,316.09,1559.4,32.08,62,1625.5,2.394,141.8,No Failure,0
L,300.41,310.52,1609.0,23.65,169,133.1,2.937,167.46,No Failure,0
L,297.82,307.07,1410.3,34.52,60,1649.4,1.988,164.01,No Failure,0
M,299.44,309.63,1493.8,32.26,145,277.0,3.052,137.89,No Failure,0
L,303.1,313.65,1410.8,40.41,194,1104.5,3.033,145.4,No Failure,0
M,297.41,307.48,1491.5,34.38,78,833.3,2.011,150.76,No Failure,0
L,298.5,309.22,1722.4,25.5,25,2323.6,1.838,153.86,No Failure,0
H,302.21,310.04,1539.3,31.12,69,198.1,2.157,157.91,No Failure,0
M,299.46,308.87,1577.6,22.73,160,3535.2,2.397,146.78,No Failure,0
H,299.78,310.67,1467.5,51.37,72,1182.5,3.296,139.02,No Failure,0
L,302.15,311.28,1425.6,52.98,228,894.9,4.052,153.62,Overstrain Failure,1
M,298.57,307.57,1569.4,54.19,28,371.7,1.896,141.55,No Failure,0
H,297.06,306.94,1638.2,34.1,114,370.3,2.155,157.39,No Failure,0
L,297.22,307.2,1217.2,52.97,232,1563.1,4.548,156.95,Overstrain Failure,1
L,301.16,310.63,1539.9,44.07,184,883.4,3.203,171.83,No Failure,0
L,300.52,312.36,1627.5,31.78,15,136.5,1.432,166.4,No Failure,0
L,298.61,308.9,1699.6,33.71,70,633.6,2.236,158.63,No Failure,0
L,297.68,306.78,1495.9,38.28,10,1679.3,1.026,146.06,No Failure,0
L,299.46,308.02,1590.5,41.02,239,180.2,4.219,140.44,No Failure,0
L,302.23,312.64,1439.1,43.63,195,1083.6,3.316,163.33,No Failure,0
M,298.33,307.4,1526.3,39.98,62,1000.5,2.506,155.35,No Failure,0
L,298.67,310.83,1432.9,36.51,114,1436.1,2.719,140.95,No Failure,0
L,297.62,308.05,1268.1,53.52,111,732.0,3.287,152.27,No Failure,0
M,299.27,309.83,1587.4,38.86,202,389.3,3.622,148.47,No Failure,0
L,300.68,310.92,1514.0,38.29,26,1382.1,2.097,146.73,No Failure,0
L,304.23,315.35,1402.1,37.83,127,704.6,2.927,152.08,No Failure,0
L,300.44,308.04,1582.4,38.87,182,355.0,3.344,142.85,No Failure,0
L,299.89,308.69,1362.8,26.38,224,802.2,3.634,136.04,No Failure,0
L,301.73,312.76,1507.4,29.97,87,1751.7,1.343,172.78,No Failure,0
L,301.39,312.89,1168.0,64.46,87,82.6,2.761,147.94,No Failure,0
L,298.84,307.61,1740.0,23.5,161,564.6,3.199,157.6,No Failure,0
H,304.6,312.79,1439.2,42.72,146,759.5,2.695,131.71,No Failure,0
H,299.95,310.12,1479.7,43.43,227,1231.6,3.728,134.21,No Failure,0
L,300.47,310.96,1446.4,50.13,54,476.9,1.852,139.3,No Failure,0
L,301.1,311.25,1543.4,43.67,96,443.2,2.066,139.02,No Failure,0
L,300.69,310.63,1411.3,58.91,112,432.3,2.946,138.2,No Failure,0
H,303.05,311.2,1552.9,42.4,129,518.3,3.024,138.99,No Failure,0
H,298.82,308.45,1368.3,53.48,33,1122.7,2.077,159.69,No Failure,0
L,301.57,311.34,1493.6,50.4,38,480.6,1.771,141.31,No Failure,0
L,300.33,309.78,1317.7,55.42,124,487.2,2.753,124.15,No Failure,0
L,301.97,310.05,1461.8,40.25,21,247.2,1.483,151.6,No Failure,0
H,299.57,310.15,1329.9,43.98,114,351.6,2.688,144.32,No Failure,0
H,299.3,310.16,1680.4,36.31,40,889.1,1.598,168.37,No Failure,0
L,301.46,310.67,1397.8,41.6,6,910.5,1.978,149.24,No Failure,0
M,300.72,310.53,1609.8,42.15,104,654.3,2.425,165.21,No Failure,0
L,298.36,307.86,1714.5,19.23,22,665.3,1.215,147.05,Power Failure,1
M,302.69,312.2,1529.4,38.57,160,313.5,3.287,142.82,No Failure,0
H,301.47,311.96,1461.8,48.9,140,1088.2,2.524,157.16,No Failure,0
L,299.85,310.37,1512.1,26.5,37,557.5,2.111,135.13,No Failure,0
L,299.06,310.14,1723.4,30.14,179,868.9,3.398,163.52,No Failure,0
M,300.73,311.78,1375.0,51.56,73,1556.8,2.758,145.4,No Failure,0
L,301.32,311.15,1483.7,53.43,165,1054.5,3.253,131.35,No Failure,0
H,296.81,309.65,1500.8,33.79,236,815.4,3.534,156.22,No Failure,0
L,300.75,312.3,1357.3,41.74,180,689.1,3.209,147.45,No Failure,0
H,301.31,310.65,1684.8,39.22,75,468.2,2.175,135.54,No Failure,0
L,295.3,305.42,1351.5,51.77,119,467.1,3.363,154.88,No Failure,0
L,300.39,308.41,1584.2,34.67,75,395.5,1.616,144.0,No Failure,0
L,301.39,311.42,1257.8,36.21,85,1423.1,2.723,158.52,No Failure,0
L,301.16,312.84,1386.4,53.41,220,326.9,3.962,148.36,Overstrain Failure,1
L,301.6,314.39,1634.6,29.97,171,507.8,3.39,155.44,No Failure,0
M,299.34,309.22,1552.7,35.02,136,713.6,2.934,146.52,No Failure,0
L,297.92,308.26,1480.5,41.33,67,2170.6,2.447,131.79,No Failure,0
L,296.4,307.01,1359.1,55.24,130,233.3,3.449,160.35,No Failure,0
L,302.18,314.16,1673.8,28.07,157,251.6,2.854,141.04,No Failure,0
L,301.41,310.42,1440.4,32.89,177,1377.4,2.901,125.88,No Failure,0
H,302.34,314.99,1431.3,45.93,22,973.1,1.625,145.14,No Failure,0
H,298.55,308.23,1569.4,47.47,216,810.7,4.157,141.76,No Failure,0
L,301.61,310.44,1349.6,42.12,134,1179.6,3.404,160.8,No Failure,0
M,296.99,306.68,1499.8,38.83,88,332.8,2.197,142.06,No Failure,0
M,298.26,307.45,1390.3,41.3,179,1189.6,3.709,148.59,No Failure,0
H,300.25,310.67,1647.7,24.93,137,967.9,2.918,156.52,No Failure,0
L,301.33,309.67,1494.9,41.01,79,516.3,1.917,150.62,No Failure,0
L,303.36,313.5,1296.5,54.82,228,696.0,4.415,162.15,Overstrain Failure,1
L,299.52,310.18,1607.8,26.8,229,319.2,3.407,162.64,No Failure,0
H,298.27,309.75,1568.6,32.16,227,1131.3,4.129,138.78,No Failure,0
M,298.17,308.85,1476.9,36.03,18,247.2,1.737,154.35,No Failure,0
L,298.62,310.05,1489.2,36.66,229,266.7,4.538,169.49,No Failure,0
L,304.44,313.84,1294.4,58.41,66,486.9,2.587,139.74,No Failure,0
M,301.51,311.91,1369.3,30.68,86,76.9,2.057,136.2,No Failure,0
H,302.23,310.0,1674.0,28.68,169,724.3,3.194,158.23,No Failure,0
L,299.52,309.41,1545.8,47.71,119,850.9,3.148,140.94,No Failure,0
M,300.0,310.38,1394.2,33.53,206,1549.2,3.675,173.85,No Failure,0
L,301.4,311.88,1545.7,47.88,166,564.4,3.278,145.85,No Failure,0
L,298.99,307.41,1551.9,38.03,28,775.8,2.048,139.01,No Failure,0
M,299.42,309.03,1364.1,44.59,35,688.3,1.664,143.63,No Failure,0
M,298.65,308.4,1606.6,24.32,24,1294.9,0.82,167.18,No Failure,0
H,299.11,308.68,1400.0,44.56,82,2049.8,2.595,134.66,No Failure,0
L,300.1,310.82,1565.7,42.18,116,797.1,3.449,145.83,No Failure,0
L,298.36,308.14,1437.8,37.45,220,557.7,3.909,146.92,No Failure,0
L,300.57,310.67,1789.7,27.67,86,822.7,1.957,119.27,No Failure,0
L,300.57,310.08,1586.9,42.17,24,681.1,1.763,144.21,No Failure,0
L,299.64,310.71,1331.8,47.24,137,256.1,3.092,147.71,No Failure,0
L,298.35,309.48,1690.0,34.69,104,477.0,2.238,139.58,No Failure,0
L,300.21,309.9,1606.6,34.89,210,943.3,3.277,158.68,No Failure,0
L,298.99,311.84,1422.9,47.94,8,1225.4,1.928,159.52,No Failure,0
L,300.09,309.33,1424.0,57.1,72,2321.7,2.768,151.68,No Failure,0
M,302.2,313.2,1508.0,49.4,174,188.0,3.225,136.07,No Failure,0
L,297.49,306.54,1413.4,42.29,2,945.4,1.229,139.15,No Failure,0
M,304.35,315.12,1594.6,37.57,140,212.9,2.86,162.9,No Failure,0
H,299.85,310.55,1463.3,39.72,167,1867.5,3.108,177.85,No Failure,0
M,300.82,309.81,1679.3,26.75,8,632.1,1.577,161.13,No Failure,0
L,298.49,308.36,1500.1,38.46,140,1092.2,2.714,155.59,No Failure,0
L,302.28,314.15,1319.7,51.2,232,141.4,4.21,138.27,Overstrain Failure,1
M,299.75,308.93,1553.5,40.4,128,885.9,2.979,151.15,No Failure,0
M,299.21,309.61,1516.0,33.75,43,1588.4,2.11,134.3,No Failure,0
L,298.85,309.18,1571.3,32.82,196,1353.6,3.36,156.73,No Failure,0
L,299.46,309.42,1539.3,39.68,14,779.5,1.495,145.49,No Failure,0
M,300.84,309.11,1731.0,27.65,212,353.1,3.351,135.77,No Failure,0
L,300.35,311.17,1533.5,30.91,238,1015.7,3.708,144.54,No Failure,0
M,299.92,309.93,1301.0,55.33,36,864.6,2.83,154.7,No Failure,0
L,298.58,309.68,1731.0,29.64,68,1524.3,1.881,152.36,No Failure,0
L,298.46,308.69,1564.4,31.98,208,350.8,4.054,150.58,No Failure,0
H,299.08,309.14,1427.6,42.91,185,920.2,3.489,153.95,No Failure,0
L,300.92,311.29,1567.9,35.58,135,1099.7,2.708,136.86,No Failure,0
M,301.32,310.34,1462.0,40.89,168,140.3,3.063,137.75,No Failure,0
L,301.59,313.15,1406.9,48.63,217,484.9,3.585,139.28,No Failure,0
L,300.0,309.62,1855.4,24.53,178,1061.4,2.981,133.9,No Failure,0
H,300.77,310.4,1350.7,47.54,141,406.7,3.106,149.84,No Failure,0
L,299.66,310.96,1417.2,34.18,96,1564.9,2.412,132.08,No Failure,0
L,296.52,306.76,1633.2,37.14,223,1650.8,4.4,152.64,No Failure,0
H,299.57,309.33,1312.1,59.22,143,606.3,3.794,130.98,No Failure,0
M,299.25,309.66,1640.9,25.97,208,92.1,3.391,158.67,No Failure,0
M,297.92,308.55,1510.2,45.91,214,621.2,3.7,152.99,No Failure,0
L,298.87,308.75,1252.3,51.28,81,513.8,2.176,131.72,No Failure,0
L,300.27,311.19,1657.3,33.16,185,2092.1,3.356,155.47,No Failure,0
M,297.73,306.46,1502.9,33.32,160,414.8,3.327,148.55,No Failure,0
L,298.58,308.84,1700.4,36.31,57,550.3,2.452,163.53,No Failure,0
L,303.1,313.9,1483.5,33.11,142,580.5,2.678,148.36,No Failure,0
M,296.79,307.42,1635.6,40.66,238,587.6,3.55,129.85,No Failure,0
L,299.63,307.39,1585.8,48.93,133,291.3,3.075,144.61,No Failure,0
L,297.67,307.54,1485.0,36.37,172,142.9,3.355,147.6,No Failure,0
L,298.5,307.28,1408.6,49.29,27,431.4,1.92,143.55,No Failure,0
L,299.6,310.89,1359.7,54.01,97,830.9,2.955,156.23,No Failure,0
M,298.02,307.63,1602.3,44.31,5,1347.8,1.665,162.21,No Failure,0
H,301.15,312.32,1474.1,45.25,91,545.8,2.625,155.67,No Failure,0
L,302.7,311.49,1595.5,34.06,85,637.0,2.366,137.67,No Failure,0
L,301.68,312.07,1696.9,13.77,47,386.4,1.487,154.18,Power Failure,1
M,302.05,312.06,1495.6,45.86,124,924.9,2.536,149.02,No Failure,0
L,297.24,310.0,1484.6,47.96,126,841.8,3.346,140.51,No Failure,0
L,299.51,310.69,1426.9,42.42,138,1559.2,2.814,167.23,No Failure,0
H,300.93,312.05,1586.7,49.1,99,118.0,2.035,150.95,No Failure,0
M,301.74,313.77,1525.5,34.52,129,807.8,2.706,140.33,No Failure,0
L,303.51,313.79,1551.2,45.19,144,1204.2,3.213,148.42,No Failure,0
H,302.14,312.04,1268.7,54.72,36,584.8,2.495,152.59,No Failure,0
L,301.79,311.58,1508.3,46.66,120,208.7,2.951,170.03,No Failure,0
H,305.27,315.6,1488.4,53.43,204,494.7,3.888,156.2,No Failure,0
M,300.19,307.42,1416.0,53.49,176,2371.7,3.631,142.17,No Failure,0
M,299.42,309.42,1694.5,27.79,179,1317.1,2.89,157.94,No Failure,0
H,300.35,310.58,1378.8,47.19,73,780.6,2.327,151.74,No Failure,0
M,298.17,308.01,1593.1,33.68,215,655.7,3.843,131.29,No Failure,0
L,300.14,308.6,1451.7,28.93,122,363.1,2.403,133.88,No Failure,0
L,296.55,306.4,1536.2,37.14,220,786.3,3.742,140.47,No Failure,0
M,298.94,307.41,1288.3,57.54,39,1600.8,2.17,138.08,Heat Dissipation Failure,1
M,299.77,311.54,1537.3,34.56,208,698.9,3.339,136.88,No Failure,0
L,301.9,311.64,1764.8,22.42,74,1606.9,1.89,155.41,No Failure,0
M,302.22,310.16,1772.0,25.55,166,2780.5,2.878,161.32,No Failure,0
M,298.07,307.87,1346.3,44.78,4,440.2,1.651,134.44,No Failure,0
L,304.15,315.05,1672.8,32.41,110,452.3,2.589,148.25,No Failure,0
L,300.3,310.47,1789.4,19.57,194,312.4,2.517,164.39,No Failure,0
L,300.48,309.57,1641.6,25.95,158,472.8,2.731,160.53,No Failure,0
L,296.76,306.09,1608.9,41.67,77,437.8,2.527,146.17,No Failure,0
L,298.76,308.47,1400.3,47.79,61,478.8,2.742,144.2,No Failure,0
L,302.1,311.66,1489.4,35.54,57,152.2,1.678,168.2,No Failure,0
L,300.34,309.08,1402.2,46.49,230,544.8,3.659,166.48,No Failure,0
L,300.22,310.15,1491.1,49.15,75,1600.8,2.555,168.02,No Failure,0
M,300.45,309.12,1553.9,32.16,158,933.0,3.285,147.42,No Failure,0
L,297.11,308.06,1445.3,38.79,2,524.8,1.324,147.34,No Failure,0
H,299.81,310.88,1487.9,34.0,149,977.9,2.383,136.71,No Failure,0
H,302.82,311.81,1457.0,45.39,162,1105.2,3.355,153.11,No Failure,0
M,302.17,311.46,1472.6,33.88,145,519.5,2.626,144.86,No Failure,0
H,299.75,309.33,1657.2,27.87,208,1053.7,3.868,150.04,No Failure,0
H,303.13,313.1,1603.4,40.53,170,37.6,3.231,122.31,No Failure,0
L,297.48,307.74,1498.8,51.1,52,1902.1,1.947,145.05,No Failure,0
M,298.06,308.52,1721.2,45.11,171,819.4,3.1,165.85,No Failure,0
L,303.73,314.17,1456.4,50.07,59,1190.6,2.39,151.87,No Failure,0
M,301.16,312.71,1579.0,49.19,11,1250.3,1.748,117.0,No Failure,0
L,299.42,309.48,1513.2,40.42,232,3453.1,3.913,158.18,No Failure,0
L,299.89,308.59,1522.7,34.03,106,2834.8,3.371,165.05,No Failure,0
L,298.39,306.78,1580.3,31.3,108,538.4,2.146,131.72,No Failure,0
H,300.55,312.19,1641.9,24.13,243,960.7,3.893,152.76,No Failure,0
L,300.39,310.9,1393.7,51.9,151,1391.0,3.699,146.38,No Failure,0
L,300.04,310.25,1429.0,36.69,189,1068.7,3.736,155.82,No Failure,0
L,297.68,308.13,1548.2,22.95,219,224.0,3.101,158.38,No Failure,0
L,300.53,310.69,1503.2,52.34,47,730.6,2.302,147.98,No Failure,0
H,298.94,309.37,1567.5,40.94,38,1843.9,1.521,150.83,No Failure,0
M,298.03,307.66,1582.7,49.68,106,534.0,3.044,171.62,No Failure,0
L,302.53,313.59,1485.6,37.38,18,692.2,1.543,198.54,No Failure,0
L,304.34,313.81,1519.7,32.07,115,505.0,2.644,159.63,No Failure,0
L,303.89,312.98,1360.9,44.46,135,936.7,3.404,153.63,No Failure,0
L,301.3,309.61,1552.7,45.29,244,1095.6,4.172,143.42,Overstrain Failure,1
H,299.47,309.23,1442.1,37.2,42,248.4,1.985,149.45,No Failure,0
M,299.86,311.13,1392.1,53.14,237,919.8,4.121,151.16,Overstrain Failure,1
L,300.81,310.35,1452.6,49.45,60,317.6,2.721,152.16,No Failure,0
M,299.16,307.78,1314.1,45.65,19,198.8,1.693,124.28,No Failure,0
L,302.64,312.92,1658.7,28.9,211,1497.3,3.573,143.19,No Failure,0
M,295.93,305.28,1691.0,27.49,66,1198.2,2.14,147.47,No Failure,0
M,299.41,310.96,1429.0,51.99,74,448.1,2.765,146.16,No Failure,0
M,301.6,312.68,1667.3,18.12,18,1437.0,1.395,154.84,Power Failure,1
M,298.31,307.04,1504.4,39.09,133,138.8,2.572,171.93,No Failure,0
H,299.52,309.35,1614.3,41.47,48,330.4,2.069,157.49,No Failure,0
L,301.19,310.43,1544.0,35.1,151,397.2,2.474,156.05,No Failure,0
L,303.04,311.88,1501.0,39.65,112,804.4,2.6,159.65,No Failure,0
L,297.41,307.36,1404.6,44.2,67,2598.5,2.509,167.35,No Failure,0
M,297.26,308.08,1295.1,34.13,150,224.9,3.243,185.02,No Failure,0
M,298.11,308.03,1528.2,48.81,38,311.5,1.928,154.05,No Failure,0
M,296.92,306.41,1453.1,45.82,203,1235.8,4.325,153.74,No Failure,0
M,297.07,304.86,1435.6,38.2,173,666.9,2.796,154.87,No Failure,0
L,298.05,307.39,1756.0,31.74,21,1076.4,1.749,155.2,No Failure,0
M,302.47,313.02,1546.8,39.09,248,852.8,4.196,142.13,No Failure,0
M,299.38,308.03,1312.6,61.11,70,984.3,2.861,151.78,No Failure,0
L,300.06,311.35,1652.2,32.43,241,102.7,3.945,142.0,No Failure,0
L,298.09,307.51,1410.7,55.31,152,636.4,3.418,162.72,No Failure,0
L,301.27,311.46,1671.8,22.45,230,1686.6,4.025,188.74,No Failure,0
L,303.75,313.35,1514.1,31.39,114,2575.4,2.224,154.57,No Failure,0
M,298.22,307.05,1606.1,34.57,192,990.3,3.282,161.09,No Failure,0
H,303.45,313.89,1508.7,49.49,77,2504.1,2.564,165.54,No Failure,0
M,300.73,310.13,1441.3,40.55,173,929.1,3.268,138.2,No Failure,0
L,300.03,309.2,1224.7,53.1,44,920.4,1.992,160.19,No Failure,0
M,300.8,308.42,1612.1,36.67,36,986.4,2.046,155.83,No Failure,0
M,300.78,312.08,1560.9,39.46,177,389.2,3.405,132.68,No Failure,0
L,303.71,313.72,1602.1,36.71,8,422.0,2.089,148.58,No Failure,0
H,301.04,312.15,1342.0,60.26,58,336.2,2.8,119.12,Random Failure,1
L,301.08,311.7,1676.3,28.8,122,366.1,2.893,129.72,No Failure,0
L,299.16,310.26,1481.9,34.92,171,222.1,3.494,135.05,No Failure,0
L,301.68,311.11,1561.4,30.22,144,873.1,2.513,132.83,No Failure,0
L,298.09,306.71,1359.9,45.73,229,380.7,3.879,167.25,No Failure,0
H,300.22,310.98,1695.5,28.59,181,594.8,3.064,135.83,No Failure,0
L,305.77,315.9,1350.0,58.22,53,818.2,2.807,153.5,No Failure,0
L,294.99,304.53,1514.4,40.81,175,1685.6,3.397,148.74,No Failure,0
L,300.47,311.21,1506.0,44.12,180,234.1,3.473,148.47,No Failure,0
L,300.54,310.85,1441.5,44.63,212,1078.9,3.782,144.46,No Failure,0
L,299.54,310.18,1575.6,39.8,200,631.4,3.907,141.48,No Failure,0
L,299.59,308.57,1639.5,41.22,156,313.9,2.877,159.05,No Failure,0
M,300.18,311.16,1581.4,40.85,158,633.2,3.2,120.44,No Failure,0
L,299.5,309.49,1303.4,45.19,113,1222.3,3.273,162.35,No Failure,0
M,300.44,311.53,1575.7,31.78,81,1221.1,2.391,144.79,No Failure,0
L,299.02,309.99,1593.3,30.08,239,324.7,3.673,152.6,No Failure,0
M,304.04,314.73,1546.1,48.21,59,691.3,2.429,158.08,No Failure,0
H,299.5,309.38,1450.7,39.98,210,692.0,3.257,165.68,No Failure,0
L,301.14,311.85,1566.9,19.94,196,211.9,2.951,141.09,Power Failure,1
L,298.66,309.77,1613.2,35.25,154,508.8,2.944,144.85,No Failure,0
H,301.87,312.47,1375.9,55.3,81,590.8,2.379,131.11,No Failure,0
L,301.47,311.67,1456.7,38.4,177,2228.2,3.535,154.6,No Failure,0
M,300.84,311.55,1519.1,34.69,201,1028.8,3.144,174.44,No Failure,0
L,297.95,307.42,1492.6,25.05,149,725.4,3.14,143.61,No Failure,0
L,298.5,310.01,1560.7,34.32,210,1074.6,3.741,147.1,No Failure,0
M,303.37,311.69,1565.8,28.36,127,508.9,2.435,155.73,No Failure,0
H,298.47,308.51,1513.6,44.29,217,966.7,3.696,148.95,No Failure,0
L,301.28,310.88,1477.6,40.49,100,267.7,2.6,159.66,No Failure,0
M,298.11,307.47,1532.3,36.37,204,411.8,3.83,149.45,No Failure,0
M,302.02,312.32,1520.0,32.38,17,467.7,1.591,161.77,No Failure,0
L,298.63,307.5,1355.0,55.26,225,108.1,4.448,144.44,Overstrain Failure,1
L,298.07,310.23,1454.7,32.95,166,1315.0,3.109,151.16,No Failure,0
L,298.58,307.22,1649.0,32.98,232,1299.9,3.966,138.54,No Failure,0
L,298.89,307.94,1515.7,37.57,230,324.2,4.279,142.25,No Failure,0
M,300.81,309.76,1329.2,38.97,123,175.2,2.867,151.37,No Failure,0
L,300.14,310.34,1318.8,44.82,164,992.8,3.014,150.03,No Failure,0
L,297.81,308.82,1518.9,49.3,72,354.1,2.442,161.78,No Failure,0
M,299.94,310.47,1427.7,48.56,244,1117.3,4.785,154.02,No Failure,0
M,297.71,309.19,1303.8,64.3,47,990.5,2.397,148.58,No Failure,0
M,301.29,310.46,1635.2,23.07,47,1476.6,1.176,144.35,No Failure,0
M,301.65,312.31,1525.4,42.31,97,410.7,2.325,151.83,No Failure,0
L,299.95,309.65,1679.4,34.79,108,489.2,2.498,161.24,No Failure,0
M,300.54,310.77,1379.3,60.1,63,354.7,2.77,141.88,No Failure,0
L,303.5,314.61,1513.6,41.76,240,121.0,4.371,183.24,No Failure,0
L,299.68,307.99,1611.0,19.7,210,658.2,3.044,133.7,Power Failure,1
L,298.11,310.1,1326.4,44.34,50,1694.2,2.578,140.3,No Failure,0
M,301.16,311.01,1521.4,42.67,210,636.4,3.962,144.46,No Failure,0
M,297.73,306.13,1489.4,47.58,78,357.5,2.842,161.24,No Failure,0
L,299.58,308.89,1656.9,32.76,110,31.1,2.844,167.52,No Failure,0
H,298.8,308.9,1627.9,43.28,245,395.3,3.994,146.0,No Failure,0
H,298.6,307.9,1417.2,37.3,202,492.7,4.099,139.57,No Failure,0
L,299.5,307.45,1498.4,33.29,87,980.1,2.723,139.12,No Failure,0
M,301.8,311.9,1532.7,43.43,160,1244.7,3.291,161.47,No Failure,0
L,302.21,311.49,1487.9,41.53,200,153.0,4.047,135.29,No Failure,0
H,301.85,312.5,1545.9,50.5,143,454.7,4.024,153.58,No Failure,0
L,300.67,309.6,1480.4,40.27,61,811.3,2.51,154.67,No Failure,0
L,299.48,311.75,1631.8,46.04,202,1293.3,3.162,154.18,No Failure,0
L,295.28,305.8,1601.6,27.93,88,437.6,1.752,140.56,No Failure,0
L,300.74,310.93,1534.9,53.95,201,1390.5,3.976,134.96,No Failure,0
M,295.44,306.06,1345.6,32.23,134,851.7,2.514,150.03,No Failure,0
L,296.15,304.33,1471.5,49.03,199,695.3,3.554,157.45,No Failure,0
L,299.68,309.18,1481.0,42.63,205,426.4,3.776,145.53,No Failure,0
M,300.53,312.31,1300.7,41.36,136,895.5,2.878,157.64,No Failure,0
H,299.1,308.78,1437.8,47.6,81,111.5,2.822,148.24,No Failure,0
M,303.07,313.01,1559.8,18.6,80,629.5,2.27,157.22,Power Failure,1
L,300.92,310.46,1499.1,34.26,8,1138.4,1.259,137.44,No Failure,0
L,299.5,310.97,1467.8,47.46,100,775.8,2.837,147.33,No Failure,0
L,302.77,312.53,1335.2,59.22,51,720.1,2.349,170.46,No Failure,0
H,303.13,311.88,1534.0,39.76,170,419.4,3.515,142.95,No Failure,0
M,301.03,313.6,1709.2,15.62,165,810.9,2.701,154.31,Power Failure,1
M,298.45,307.07,1737.3,36.83,227,1200.8,4.089,149.68,Tool Wear Failure,1
H,298.9,308.8,1528.1,39.4,41,723.6,1.978,143.91,No Failure,0
L,297.11,306.26,1421.4,51.09,180,1127.6,4.096,159.97,No Failure,0
M,299.92,309.21,1534.0,40.48,57,31.5,2.26,141.89,No Failure,0
L,297.9,306.84,1599.8,27.23,197,737.5,2.857,163.06,No Failure,0
L,299.34,308.8,1280.4,49.63,202,971.2,3.983,158.57,No Failure,0
L,300.52,311.51,1516.8,45.68,72,1437.3,2.344,133.47,No Failure,0
L,296.03,304.13,1672.1,33.01,242,1300.7,3.273,159.64,No Failure,0
H,297.47,308.73,1582.4,47.2,109,2423.4,2.736,151.28,No Failure,0
L,298.99,310.07,1605.8,34.53,158,1816.7,3.236,137.1,No Failure,0
H,299.89,310.4,1499.7,37.02,186,429.5,3.633,143.57,No Failure,0
M,299.01,309.14,1566.0,34.7,151,720.6,3.204,140.17,No Failure,0
M,299.46,309.74,1685.6,36.9,217,219.6,3.702,154.18,No Failure,0
H,298.59,310.01,1407.3,49.07,16,225.4,1.83,173.13,No Failure,0
L,297.1,305.36,1535.4,22.14,128,312.9,2.251,149.77,No Failure,0
L,298.93,309.66,1610.5,51.04,197,399.7,4.043,143.49,No Failure,0
L,299.57,308.83,1394.3,41.76,4,191.7,1.886,149.76,No Failure,0
L,299.38,310.2,1389.7,36.1,118,850.1,2.525,148.59,No Failure,0
H,300.22,309.61,1527.1,40.21,221,389.6,4.257,156.57,No Failure,0
L,300.84,311.54,1609.5,30.91,82,1003.0,2.511,144.75,No Failure,0
L,301.36,309.81,1671.8,23.68,24,542.2,1.79,115.07,No Failure,0
L,298.73,307.04,1649.5,31.19,96,306.7,2.378,151.12,No Failure,0
L,296.85,306.74,1637.1,21.05,132,873.2,3.144,146.35,No Failure,0
M,302.54,313.98,1595.0,26.47,22,3207.6,1.307,136.79,No Failure,0
L,300.77,311.31,1578.2,23.77,119,472.0,1.827,146.81,No Failure,0
M,298.09,308.62,1414.4,52.24,164,1279.9,3.758,164.75,No Failure,0
M,300.56,311.42,1651.5,27.16,240,124.2,4.033,139.56,No Failure,0
M,302.14,311.74,1584.9,39.59,166,585.8,3.508,148.5,No Failure,0
L,303.46,314.07,1329.9,51.17,31,668.0,2.507,144.75,No Failure,0
M,300.5,309.92,1319.8,48.5,233,1483.4,4.448,133.4,No Failure,0
L,302.12,311.81,1603.3,37.05,166,1390.9,3.565,153.07,No Failure,0
L,297.58,307.39,1475.6,37.09,210,457.5,3.762,149.23,No Failure,0
M,299.93,309.38,1396.9,41.8,77,1442.8,2.526,177.14,No Failure,0
M,299.33,309.26,1168.0,61.12,7,325.4,2.139,158.48,No Failure,0
L,300.69,310.43,1593.6,44.13,108,679.8,3.09,159.81,No Failure,0
H,303.22,312.51,1471.4,46.68,89,2225.8,2.419,139.97,No Failure,0
L,300.5,310.36,1367.8,62.66,104,378.3,3.056,158.91,No Failure,0
M,298.12,308.28,1517.1,42.78,235,1230.3,3.692,156.64,No Failure,0
H,297.47,306.37,1427.3,51.48,87,371.8,2.898,120.97,No Failure,0
M,303.29,313.71,1459.7,44.78,66,1157.2,2.851,163.56,No Failure,0
H,301.03,310.53,1456.6,44.63,220,794.6,3.651,148.66,No Failure,0
M,300.9,311.09,1489.1,30.37,223,555.3,3.148,139.19,No Failure,0
M,299.31,308.65,1431.4,28.71,180,196.7,3.158,148.75,No Failure,0
M,300.54,311.59,1743.1,34.88,31,481.2,1.903,142.55,No Failure,0
M,298.03,308.98,1432.9,48.82,224,1013.4,3.971,154.06,No Failure,0
L,300.77,309.73,1393.9,48.34,10,3104.1,1.508,145.23,No Failure,0
M,297.65,308.18,1321.3,53.33,202,992.8,4.219,170.6,No Failure,0
L,299.28,310.73,1595.4,39.89,185,1510.4,3.55,170.65,No Failure,0
H,298.71,307.77,1470.0,45.38,104,550.7,3.289,153.05,No Failure,0
L,293.49,302.62,1378.9,45.42,49,584.9,2.491,156.86,No Failure,0
L,299.31,310.04,1481.3,38.93,15,611.6,1.477,170.3,No Failure,0
H,298.2,306.9,1553.7,36.78,9,2514.8,1.771,146.08,No Failure,0
L,299.58,308.8,1584.0,25.15,74,519.6,2.222,147.9,No Failure,0
L,300.0,308.99,1585.6,38.47,118,281.6,3.24,157.28,No Failure,0
M,303.54,314.28,1699.5,38.96,86,170.5,2.268,149.37,No Failure,0
L,300.61,309.92,1371.3,51.34,151,380.1,2.963,153.21,No Failure,0
L,300.67,310.38,1375.7,52.33,25,159.4,2.107,146.01,No Failure,0
L,300.99,310.24,1413.6,41.46,175,930.5,3.321,138.19,No Failure,0
L,301.74,312.89,1321.1,60.63,38,690.0,2.326,137.86,No Failure,0
L,300.91,310.05,1308.4,41.9,110,1047.8,2.839,164.28,No Failure,0
L,300.56,309.16,1516.3,50.33,5,1430.8,1.015,154.72,No Failure,0
L,301.42,309.98,1387.9,39.0,232,348.3,3.561,160.93,No Failure,0
L,295.15,305.84,1518.6,28.6,109,800.0,2.5,139.22,No Failure,0
L,304.18,314.94,1541.6,35.75,93,680.9,2.42,155.62,No Failure,0
M,303.18,314.43,1506.0,54.74,42,387.8,2.916,157.34,No Failure,0
M,300.43,309.17,1444.3,37.36,58,378.6,2.131,142.29,No Failure,0
L,297.17,306.94,1520.5,35.34,67,1412.9,1.77,144.24,No Failure,0
L,302.42,314.85,1526.7,39.96,23,750.4,1.621,167.61,No Failure,0
H,298.61,308.31,1470.7,36.11,120,216.6,3.02,147.58,No Failure,0
M,301.07,310.5,1393.7,51.94,36,1114.4,2.123,158.64,No Failure,0
L,297.43,307.41,1206.0,58.85,41,429.3,1.777,140.09,No Failure,0
L,304.45,314.98,1452.0,40.06,22,760.8,2.021,167.36,No Failure,0
L,297.12,307.63,1567.5,45.4,16,69.2,2.212,145.54,No Failure,0
H,300.14,309.52,1495.7,49.72,207,430.5,3.832,148.21,No Failure,0
H,295.76,305.17,1451.4,41.09,191,925.3,3.367,155.8,No Failure,0
H,299.92,309.62,1479.1,31.22,169,286.1,3.37,183.72,No Failure,0
L,299.15,308.42,1513.6,35.91,221,169.5,3.13,144.27,No Failure,0
L,302.27,311.04,1335.3,44.12,113,422.9,3.04,150.71,No Failure,0
L,299.15,310.96,1450.8,43.94,84,884.1,2.531,165.35,No Failure,0
L,302.28,311.87,1606.5,22.08,107,1336.3,2.577,151.82,No Failure,0
L,297.95,307.6,1494.7,35.63,115,1242.7,2.323,151.37,No Failure,0
M,299.44,309.12,1546.3,32.63,26,1139.4,1.695,175.95,No Failure,0
L,299.48,309.4,1477.7,48.82,72,1744.9,2.788,166.1,No Failure,0
H,300.99,311.43,1462.4,33.02,117,1383.2,2.795,176.99,No Failure,0
L,300.74,310.27,1623.1,35.39,115,959.3,1.91,143.53,No Failure,0
L,301.44,312.58,1641.0,35.04,97,776.6,2.727,161.33,No Failure,0
H,300.53,311.13,1634.7,47.91,22,691.9,2.298,151.59,No Failure,0
M,301.32,311.13,1449.2,49.69,70,491.6,2.621,149.59,No Failure,0
L,298.2,307.54,1593.1,44.94,114,618.7,2.86,150.81,No Failure,0
M,300.78,311.86,1499.4,51.06,54,365.4,2.663,159.59,No Failure,0
L,303.22,313.05,1418.3,52.35,115,1107.2,3.034,151.46,No Failure,0
L,296.64,305.4,1535.3,21.9,80,241.4,1.505,140.85,No Failure,0
L,300.98,312.0,1533.2,45.92,76,1155.1,2.258,141.02,No Failure,0
L,301.35,310.63,1551.2,36.3,232,2955.7,4.31,137.08,No Failure,0
M,302.92,313.79,1761.4,27.43,217,183.3,3.448,150.97,No Failure,0
L,301.45,308.94,1592.2,36.8,175,1099.1,3.356,158.51,No Failure,0
M,300.2,309.83,1536.6,47.31,105,464.3,2.295,164.24,No Failure,0
M,300.86,312.02,1331.5,54.55,200,1403.5,4.054,156.73,No Failure,0
L,298.53,308.54,1629.6,26.55,37,837.8,1.882,153.77,No Failure,0
L,299.22,309.82,1277.4,46.18,46,221.0,2.87,164.75,No Failure,0
L,297.33,306.43,1392.7,59.66,187,703.4,4.105,134.09,Overstrain Failure,1
M,302.97,313.32,1463.1,58.31,225,840.9,4.506,157.18,Overstrain Failure,1
M,300.9,310.9,1901.5,5.47,36,535.2,0.724,156.1,Power Failure,1
M,298.17,308.41,1293.7,61.79,123,755.5,3.098,136.73,No Failure,0
L,300.54,312.58,1259.9,49.61,21,512.6,2.637,128.34,No Failure,0
L,302.32,313.62,1636.2,16.93,243,528.2,3.84,150.02,Power Failure,1
M,301.99,312.78,1554.2,32.34,92,82.1,2.512,158.78,No Failure,0
L,298.14,308.95,1436.2,52.58,203,151.6,4.431,134.48,No Failure,0
M,293.73,302.82,1288.5,43.6,199,167.9,3.411,142.84,No Failure,0
L,300.79,310.32,1536.5,34.26,40,352.1,2.001,149.9,No Failure,0
L,298.23,306.69,1401.3,40.66,237,153.8,4.131,162.96,No Failure,0
M,301.24,309.98,1586.5,45.46,240,230.1,4.071,155.72,No Failure,0
L,301.9,311.01,1336.2,34.21,164,772.6,2.699,155.49,No Failure,0
M,302.23,312.2,1601.3,38.73,239,1043.7,4.414,147.19,Tool Wear Failure,1
L,303.49,312.26,1413.9,48.97,223,541.0,4.039,168.53,No Failure,0
H,302.47,312.43,1371.8,32.99,140,753.3,2.995,155.28,No Failure,0
H,303.5,313.35,1759.5,26.43,142,795.4,2.544,143.81,No Failure,0
H,302.76,311.62,1672.5,33.63,248,2243.9,3.737,145.21,No Failure,0
M,302.93,314.46,1683.6,31.11,47,149.3,1.793,148.69,No Failure,0
M,299.92,308.59,1556.8,33.95,117,585.7,2.581,146.92,No Failure,0
M,297.42,308.54,1577.8,22.73,141,160.8,3.001,129.85,No Failure,0
L,304.96,312.71,1487.0,42.36,23,766.1,1.993,143.82,No Failure,0
L,300.13,309.98,1479.7,48.68,184,240.5,3.317,155.84,No Failure,0
M,302.46,311.26,1516.1,31.88,157,436.7,2.557,140.81,No Failure,0
L,298.9,308.24,1475.0,33.48,18,146.5,1.931,151.59,No Failure,0
L,301.93,313.74,1559.4,38.13,211,516.7,3.986,136.87,No Failure,0
H,295.11,304.76,1590.5,30.89,104,548.0,2.366,124.55,No Failure,0
L,299.18,308.07,1504.6,49.84,27,534.6,1.878,146.54,No Failure,0
M,299.8,310.29,1708.2,31.11,21,1119.2,1.649,152.56,No Failure,0
M,300.93,310.57,1619.1,34.74,68,709.5,2.193,143.85,No Failure,0
L,302.14,312.29,1457.4,32.37,99,357.1,2.522,138.13,No Failure,0
H,297.81,306.9,1418.2,50.07,100,628.2,3.123,157.73,No Failure,0
L,301.32,310.45,1553.3,37.69,140,387.3,3.251,149.66,No Failure,0
H,302.45,311.67,1413.4,59.93,163,230.8,3.889,157.76,No Failure,0
M,304.69,315.49,1548.9,43.54,179,369.8,3.156,172.83,No Failure,0
L,301.41,311.19,1402.1,51.58,110,286.1,3.09,155.61,No Failure,0
L,299.08,308.03,1481.8,36.76,88,1064.6,2.516,155.72,No Failure,0
L,297.46,307.62,1666.2,30.57,186,1511.4,2.888,141.43,No Failure,0
L,303.66,313.74,1536.6,39.67,30,638.7,1.781,149.74,No Failure,0
L,301.47,312.05,1579.7,33.21,225,272.3,3.863,135.19,No Failure,0
H,299.96,309.47,1596.5,20.01,123,1748.9,2.006,138.12,Power Failure,1
L,296.76,306.68,1607.9,50.14,156,2810.1,3.185,153.51,No Failure,0
H,298.14,308.56,1519.8,40.33,32,111.3,1.955,146.39,No Failure,0
L,301.26,310.25,1548.2,33.0,22,564.4,1.554,142.96,No Failure,0
H,300.71,311.59,1492.3,43.76,24,319.9,2.24,151.5,No Failure,0
L,296.11,306.12,1484.4,40.47,98,161.7,2.811,143.37,No Failure,0
L,301.27,310.16,1271.2,54.1,183,836.1,3.32,146.94,No Failure,0
M,296.86,305.75,1492.3,44.33,239,275.9,3.818,153.49,No Failure,0
L,302.71,312.61,1381.9,38.43,152,254.3,3.431,144.38,No Failure,0
H,300.42,309.87,1453.8,46.93,107,1342.1,2.98,138.67,No Failure,0
L,299.07,309.83,1359.5,39.64,132,593.0,2.048,165.0,No Failure,0
M,301.98,311.69,1291.4,41.84,42,1117.7,2.485,173.27,No Failure,0
M,300.71,311.01,1457.1,52.26,41,1522.2,2.26,150.0,No Failure,0
M,302.65,311.8,1494.2,28.31,214,2864.1,3.495,147.99,No Failure,0
L,300.16,310.14,1608.1,31.37,230,640.0,3.462,150.43,No Failure,0
L,300.28,311.59,1548.8,35.81,209,1654.6,3.985,141.67,No Failure,0
L,299.43,309.28,1535.1,37.27,215,1026.9,3.851,163.92,No Failure,0
L,300.53,309.97,1351.0,51.57,181,779.0,3.601,161.35,No Failure,0
L,303.4,312.53,1601.4,25.85,210,759.8,2.595,144.41,No Failure,0
H,298.99,308.98,1443.3,39.71,12,842.7,1.568,146.04,No Failure,0
M,301.3,312.71,1629.1,34.49,16,623.7,1.323,154.59,No Failure,0
M,298.24,306.88,1320.5,57.0,224,169.7,4.063,164.14,Overstrain Failure,1
L,295.87,305.82,1406.9,48.84,18,321.1,1.691,155.27,No Failure,0
L,300.41,308.7,1547.9,42.39,64,69.8,2.528,156.83,No Failure,0
M,300.74,310.33,1366.6,49.69,117,957.2,3.428,155.09,No Failure,0
L,299.78,310.04,1444.3,26.81,131,157.1,2.624,152.51,No Failure,0
L,297.01,305.43,1242.3,60.28,72,247.3,2.378,154.64,Heat Dissipation Failure,1
L,300.61,310.16,1662.4,31.58,221,304.4,3.535,159.6,Tool Wear Failure,1
M,300.53,310.82,1406.9,52.57,84,641.3,2.559,154.0,No Failure,0
H,298.22,308.35,1482.2,45.52,195,994.6,4.133,147.62,No Failure,0
L,297.29,307.63,1505.5,42.64,177,844.7,3.436,178.42,No Failure,0
L,299.5,308.52,1563.7,52.15,11,1220.1,2.388,131.11,No Failure,0
L,301.31,311.6,1233.5,49.97,233,1329.4,3.704,160.75,Overstrain Failure,1
L,300.83,310.23,1479.9,41.07,52,897.9,2.142,144.32,No Failure,0
M,298.24,308.95,1536.4,35.78,150,465.2,2.704,130.37,No Failure,0
L,300.27,307.96,1488.3,41.23,150,153.0,3.087,125.63,No Failure,0
M,301.77,311.48,1580.2,38.97,7,408.1,1.8,147.83,No Failure,0
L,297.65,307.75,1545.9,43.54,242,298.2,3.639,174.65,No Failure,0
L,300.13,311.48,1398.9,50.21,10,678.8,1.74,172.1,No Failure,0
H,302.68,312.77,1310.5,44.69,108,1230.7,2.716,143.41,No Failure,0
L,297.45,307.64,1711.0,41.85,57,397.3,2.263,142.92,No Failure,0
M,302.31,312.69,1551.8,33.46,51,2660.9,1.514,145.4,No Failure,0
L,303.24,314.49,1481.9,43.25,2,293.0,1.808,152.63,No Failure,0
H,299.56,309.17,1749.3,23.04,31,529.5,1.704,173.33,No Failure,0
L,299.31,307.91,1528.4,32.02,34,270.4,2.079,161.59,No Failure,0
L,302.07,310.47,1567.8,46.06,166,347.9,2.903,158.0,No Failure,0
M,299.63,310.29,1401.6,48.85,13,753.4,1.811,153.25,No Failure,0
L,295.29,305.52,1666.3,39.79,135,627.7,2.94,127.21,No Failure,0
L,299.8,309.55,1524.9,42.01,69,966.1,2.387,127.01,No Failure,0
H,300.94,310.35,1409.6,43.7,8,974.8,1.775,140.89,No Failure,0
M,301.48,311.66,1641.7,46.81,11,1271.4,1.679,135.54,No Failure,0
M,298.24,308.45,1570.3,37.99,208,811.8,3.669,130.19,No Failure,0
M,299.46,309.94,1523.8,30.17,227,497.9,4.532,161.68,No Failure,0
H,301.95,310.85,1342.4,43.87,154,525.8,3.388,147.32,No Failure,0
H,299.88,308.12,1406.1,59.58,130,744.5,2.827,139.87,No Failure,0
M,296.94,306.03,1698.4,30.78,59,609.9,2.461,134.65,No Failure,0
L,302.48,311.12,1545.0,38.73,215,733.2,4.221,158.9,No Failure,0
L,299.57,308.17,1560.6,36.14,122,172.1,2.991,149.35,No Failure,0
M,302.18,313.75,1447.2,64.13,169,470.6,4.161,132.29,Power Failure,1
H,297.21,304.94,1630.7,30.39,196,90.6,4.069,144.62,No Failure,0
L,299.76,310.23,1453.6,38.4,115,1838.5,2.804,172.58,No Failure,0
L,301.02,311.93,1473.8,36.35,82,653.7,2.665,162.39,No Failure,0
L,299.83,310.81,1650.3,27.46,116,1055.5,2.966,150.72,No Failure,0
M,297.63,307.91,1649.9,26.91,223,1110.5,3.338,154.53,Tool Wear Failure,1
H,295.23,306.55,1552.4,45.68,180,1507.3,3.966,144.68,No Failure,0
L,303.05,314.83,1476.5,47.09,172,715.4,3.522,146.78,No Failure,0
M,300.5,310.19,1605.9,34.4,80,388.5,2.578,136.39,No Failure,0
M,302.33,312.78,1418.6,54.09,80,751.6,2.958,141.81,No Failure,0
H,301.86,313.13,1766.8,17.49,132,1204.5,2.268,155.89,Power Failure,1
L,301.19,310.33,1667.8,27.42,6,371.9,1.818,167.15,No Failure,0
H,299.36,309.11,1542.7,31.75,29,510.0,1.595,154.21,No Failure,0
M,300.98,310.35,1483.8,39.91,139,352.3,3.072,161.7,No Failure,0
M,302.87,313.33,1565.2,35.49,196,602.6,3.72,125.34,No Failure,0
L,300.17,308.27,1526.2,37.99,95,1069.7,2.682,155.78,No Failure,0
M,303.8,315.24,1579.5,44.85,82,773.5,2.347,154.06,No Failure,0
M,297.0,307.53,1402.5,54.57,175,383.0,3.257,140.71,No Failure,0
L,296.79,307.38,1307.7,48.02,44,1077.9,1.953,149.23,No Failure,0
L,301.98,309.61,1389.1,40.56,24,265.9,2.068,166.01,No Failure,0
M,298.36,307.32,1484.9,39.2,185,1969.3,3.595,155.11,No Failure,0
M,304.09,315.58,1476.8,51.01,123,1718.0,2.991,146.07,No Failure,0
L,302.67,312.5,1284.0,58.84,23,2088.2,2.138,172.04,No Failure,0
L,303.18,311.45,1507.6,46.38,159,372.0,3.225,150.3,No Failure,0
L,301.77,311.99,1470.2,35.1,237,271.0,3.545,168.2,No Failure,0
H,298.16,308.84,1493.6,42.59,88,1392.4,2.807,145.35,No Failure,0
H,296.68,307.21,1490.9,45.8,172,1661.3,3.104,150.46,No Failure,0
L,302.99,312.84,1441.5,34.45,175,866.5,3.276,167.81,No Failure,0
L,297.0,308.14,1466.3,48.66,185,2121.5,4.005,138.26,No Failure,0
L,303.17,312.47,1624.3,42.64,118,261.5,2.822,178.43,No Failure,0
L,301.34,311.88,1389.0,51.65,20,1389.8,2.508,141.02,No Failure,0
H,299.85,309.98,1585.0,30.23,31,923.8,1.394,158.07,No Failure,0
M,300.88,310.75,1662.1,22.59,140,223.3,2.253,156.46,No Failure,0
L,300.93,310.55,1539.6,36.07,128,1527.7,2.111,136.53,No Failure,0
L,299.6,309.25,1500.3,40.24,7,214.1,1.901,131.66,No Failure,0
L,302.85,312.88,1639.3,21.99,59,1145.8,1.238,134.66,No Failure,0
H,302.78,312.49,1407.6,33.92,81,1507.5,2.765,147.6,No Failure,0
M,300.31,311.04,1438.1,52.84,204,124.9,4.417,158.25,No Failure,0
M,298.8,308.26,1360.6,45.33,181,1488.0,3.597,146.62,No Failure,0
L,302.61,314.18,1522.8,41.38,214,598.3,3.525,143.48,No Failure,0
H,295.95,305.37,1647.6,29.44,53,532.3,1.362,142.32,No Failure,0
L,300.89,311.81,1436.6,52.5,217,462.5,4.14,147.51,Overstrain Failure,1
H,301.48,312.44,1453.9,35.83,174,944.0,3.252,145.87,No Failure,0
H,298.34,308.51,1520.8,40.95,12,375.6,1.809,144.49,No Failure,0
L,301.95,312.02,1448.2,44.07,137,1945.2,3.212,137.72,No Failure,0
H,299.95,309.22,1433.2,41.71,65,1649.5,1.956,140.09,No Failure,0
L,298.91,308.39,1566.4,54.92,227,866.9,4.103,159.97,Power Failure,1
M,301.93,312.15,1373.2,45.75,110,911.2,2.86,141.72,No Failure,0
L,297.83,307.78,1517.5,43.38,124,132.4,3.591,159.77,No Failure,0
L,301.74,312.92,1644.2,39.14,234,470.1,4.158,151.38,No Failure,0
L,296.04,305.58,1499.9,44.32,75,315.8,2.481,172.96,No Failure,0
L,300.57,310.18,1461.4,37.9,155,716.9,2.804,151.85,No Failure,0
L,300.09,308.42,1435.2,41.89,218,507.1,4.202,156.96,No Failure,0
L,298.92,309.56,1401.6,36.58,142,637.5,3.459,137.33,No Failure,0
M,300.78,311.33,1548.4,35.01,119,818.7,2.238,133.49,No Failure,0
L,299.84,310.82,1585.0,30.84,76,127.5,1.623,172.83,No Failure,0
L,302.11,313.14,1499.1,37.29,72,351.5,2.284,160.97,No Failure,0
H,301.12,311.91,1655.1,36.63,208,1172.9,3.555,134.52,No Failure,0
H,300.91,311.74,1350.3,58.29,103,503.2,3.421,157.78,No Failure,0
L,300.58,311.19,1281.1,49.92,82,1047.1,2.28,158.9,No Failure,0
L,299.06,309.82,1647.2,38.66,110,1862.8,2.39,169.32,No Failure,0
M,299.4,307.55,1430.5,35.77,15,1279.8,1.207,139.71,No Failure,0
M,300.5,309.4,1500.1,46.15,55,197.7,1.973,148.16,No Failure,0
L,299.65,308.39,1405.7,59.42,226,84.7,4.297,143.9,Overstrain Failure,1
M,302.22,313.49,1432.8,47.97,199,742.6,3.293,152.63,No Failure,0
L,300.19,309.4,1725.4,22.8,223,377.1,4.457,145.28,No Failure,0
L,300.75,310.13,1441.7,48.63,205,725.2,3.067,158.58,Tool Wear Failure,1
M,297.19,307.2,1388.2,50.4,9,392.7,1.734,133.3,No Failure,0
M,301.89,310.64,1168.0,61.99,111,206.2,3.219,152.06,No Failure,0
H,298.84,309.22,1367.8,37.52,33,1437.1,2.265,133.23,No Failure,0
L,297.91,305.78,1740.6,41.39,4,778.5,1.363,164.02,No Failure,0
L,303.29,312.11,1534.0,44.5,60,451.8,1.736,146.85,No Failure,0
L,301.4,311.59,1678.1,32.36,25,2665.2,1.389,148.04,No Failure,0
L,301.95,310.71,1798.7,31.45,225,26.9,4.229,159.94,No Failure,0
L,300.91,312.21,1439.7,43.99,127,302.7,2.337,152.49,No Failure,0
M,299.81,309.86,1615.1,24.57,234,1499.4,3.945,150.06,No Failure,0
M,299.44,310.57,1461.2,26.83,65,331.2,2.072,142.82,No Failure,0
M,301.56,311.92,1413.0,48.16,126,517.5,3.143,147.53,No Failure,0
L,302.27,312.25,1436.1,44.98,82,1373.5,2.879,138.37,No Failure,0
L,299.86,308.87,1369.2,52.5,128,504.1,2.906,137.94,No Failure,0
M,304.15,315.07,1562.0,44.63,132,1049.1,3.306,154.12,No Failure,0
L,299.61,310.05,1568.0,40.1,10,887.6,1.749,133.94,No Failure,0
H,297.21,309.3,1484.1,52.89,165,1836.4,3.113,147.42,No Failure,0
L,296.56,307.39,1428.5,35.77,52,695.0,2.007,152.78,No Failure,0
M,296.62,306.23,1533.6,36.67,46,581.0,1.98,154.14,No Failure,0
H,299.17,309.46,1540.5,39.35,248,2024.2,3.332,122.38,No Failure,0
M,299.54,309.96,1636.5,44.5,171,458.6,3.106,142.03,No Failure,0
M,301.37,312.53,1520.2,39.33,23,1035.0,1.963,159.85,No Failure,0
M,299.94,311.26,1608.4,25.15,27,713.9,1.617,156.94,No Failure,0
L,301.69,311.52,1623.5,37.33,19,1228.3,2.052,150.52,No Failure,0
M,300.09,308.87,1483.7,39.68,141,703.5,3.39,143.7,No Failure,0
H,300.03,308.17,1537.5,41.15,168,531.0,3.035,147.67,No Failure,0
H,298.84,307.71,1580.0,35.51,167,1395.8,2.959,154.56,No Failure,0
L,302.85,312.25,1417.1,45.06,0,652.7,1.229,145.54,No Failure,0
L,296.94,308.44,1571.0,23.89,73,1263.8,2.161,156.05,No Failure,0
M,300.6,312.12,1463.9,44.16,45,1726.9,1.969,161.38,No Failure,0
M,299.64,310.6,1317.6,57.93,209,1338.7,4.399,145.91,Overstrain Failure,1
L,301.56,312.79,1413.7,33.93,36,223.8,2.15,156.75,No Failure,0
L,299.96,309.25,1560.3,40.58,197,537.5,3.729,143.73,No Failure,0
L,300.02,308.5,1571.1,37.53,60,636.0,2.018,145.69,No Failure,0
L,299.47,308.46,1451.6,37.7,220,1163.9,4.082,157.08,Tool Wear Failure,1
L,302.79,310.75,1506.7,29.72,79,742.5,2.184,173.28,No Failure,0
L,300.0,308.89,1384.7,59.92,85,1683.5,2.92,147.44,No Failure,0
L,303.94,313.43,1626.8,43.86,134,436.0,2.437,178.56,No Failure,0
H,300.54,310.71,1645.5,33.29,233,1370.3,3.91,143.48,No Failure,0
L,300.04,310.18,1670.8,32.15,111,906.7,2.566,162.7,No Failure,0
L,299.71,309.02,1467.7,40.62,121,531.6,2.788,162.46,No Failure,0
L,301.13,311.7,1710.8,18.32,95,904.3,1.94,165.02,Power Failure,1
L,298.82,308.15,1403.9,50.53,77,2511.7,2.117,145.62,No Failure,0
H,300.29,310.3,1475.8,34.86,246,847.6,3.939,156.21,No Failure,0
H,300.02,308.91,1486.5,43.89,155,653.8,2.577,152.2,No Failure,0
L,300.65,311.74,1387.1,44.36,241,1033.4,4.027,148.23,No Failure,0
L,300.7,310.72,1355.7,49.65,220,775.9,3.823,149.17,No Failure,0
L,300.8,311.48,1420.5,44.93,107,515.3,3.161,133.5,No Failure,0
L,300.19,308.97,1410.1,47.43,222,594.8,4.529,149.17,No Failure,0
L,303.14,313.31,1415.8,50.19,32,21.2,1.666,145.09,No Failure,0
L,300.85,311.42,1340.5,36.7,60,2296.2,2.368,147.28,No Failure,0
L,305.21,313.17,1244.0,61.51,115,1397.7,2.979,135.44,Heat Dissipation Failure,1
M,300.1,311.27,1613.1,43.53,38,125.1,1.907,146.38,No Failure,0
L,301.92,310.67,1501.4,39.72,3,372.4,1.475,153.43,No Failure,0
L,298.55,308.76,1617.8,31.59,111,522.3,2.931,139.27,No Failure,0
L,302.8,314.59,1554.0,37.93,16,981.3,1.683,153.89,No Failure,0
L,298.59,309.55,1458.1,44.02,234,1061.4,4.146,151.38,No Failure,0
L,300.91,309.42,1412.9,40.95,134,627.5,2.457,145.89,No Failure,0
L,299.47,309.29,1304.3,58.27,241,420.9,4.031,156.98,Overstrain Failure,1
L,300.9,312.14,1707.5,36.1,160,199.7,2.954,161.65,No Failure,0
L,299.53,308.71,1397.7,46.79,68,1036.4,2.415,144.68,No Failure,0
H,298.42,308.06,1745.0,28.74,166,347.7,3.235,141.62,No Failure,0
H,299.46,309.07,1288.0,61.83,16,1024.6,2.02,157.47,No Failure,0
L,303.08,313.65,1566.8,28.06,125,1673.0,3.031,142.82,No Failure,0
L,300.93,309.4,1340.9,60.74,177,812.7,3.701,135.57,Heat Dissipation Failure,1
M,297.42,308.05,1495.0,38.64,111,291.2,2.475,158.43,No Failure,0
M,302.19,311.57,1594.3,17.65,57,45.6,1.981,143.65,Power Failure,1
L,298.22,308.21,1390.6,53.52,230,191.6,4.382,156.18,Overstrain Failure,1
L,301.49,311.26,1360.9,40.82,52,1552.5,1.596,134.12,No Failure,0
L,301.11,311.71,1569.1,35.47,69,2680.4,2.674,152.89,No Failure,0
M,301.23,311.21,1468.9,46.42,183,222.2,3.394,150.08,No Failure,0
L,303.71,315.15,1512.4,46.64,64,884.1,2.306,159.72,No Failure,0
L,298.34,309.33,1422.1,44.15,50,1165.8,1.917,129.17,No Failure,0
L,301.22,310.43,1475.6,51.35,36,1431.1,2.056,134.44,No Failure,0
L,302.52,313.88,1518.6,42.53,195,3579.7,3.083,164.66,No Failure,0
L,298.71,309.03,1459.5,46.5,30,73.6,2.116,148.83,No Failure,0
M,298.51,308.68,1719.7,34.78,231,347.5,3.612,136.19,No Failure,0
M,299.43,310.27,1481.1,47.66,37,291.8,2.026,154.84,No Failure,0
L,300.65,309.61,1499.6,34.83,38,1841.5,2.169,143.91,No Failure,0
L,297.18,305.8,1728.2,28.75,240,1181.7,3.907,141.47,No Failure,0
H,301.1,311.13,1562.4,37.94,136,1716.1,2.913,169.85,No Failure,0
L,297.18,306.58,1682.2,37.24,179,301.5,3.92,144.48,No Failure,0
L,302.59,314.66,1258.8,49.28,175,2049.4,3.179,126.07,No Failure,0
L,301.03,310.26,1589.2,25.47,72,986.8,2.044,145.88,No Failure,0
H,303.83,313.87,1385.7,50.94,133,364.0,3.525,140.34,No Failure,0
M,301.34,311.53,1379.9,33.77,118,895.9,3.108,121.48,No Failure,0
H,299.39,310.62,1712.1,15.35,227,1035.0,2.928,157.86,Power Failure,1
M,298.4,307.41,1563.1,27.93,211,920.6,3.243,164.95,No Failure,0
L,300.48,308.87,1344.7,36.92,16,1507.2,2.035,154.09,Heat Dissipation Failure,1
L,299.94,311.33,1395.5,44.44,161,819.4,3.154,147.75,No Failure,0
L,302.37,312.45,1635.4,38.67,248,585.0,4.066,144.37,No Failure,0
M,298.14,308.95,1678.5,27.9,112,324.9,2.328,147.46,No Failure,0
M,304.04,314.9,1498.2,32.21,140,1123.0,2.836,160.11,No Failure,0
L,302.55,313.58,1528.7,28.07,191,1091.3,2.229,124.66,No Failure,0
H,299.59,309.22,1556.8,42.59,53,427.3,2.063,149.44,No Failure,0
L,303.6,312.95,1330.3,39.09,70,848.8,2.26,162.36,No Failure,0
L,298.43,306.44,1504.3,46.14,158,510.0,3.165,133.75,No Failure,0
L,300.41,309.42,1476.8,22.3,241,441.5,3.688,160.8,Power Failure,1
H,297.45,307.51,1690.5,34.66,166,2143.2,2.754,169.08,No Failure,0
H,303.69,312.99,1396.9,60.29,193,428.2,4.017,142.83,No Failure,0
L,296.71,305.56,1282.8,46.41,1,2149.5,2.233,133.52,No Failure,0
H,297.12,307.17,1489.4,37.04,23,1073.8,2.158,142.34,No Failure,0
H,298.73,310.07,1607.5,30.13,209,1163.8,3.704,154.0,No Failure,0
H,302.64,312.59,1232.6,51.08,194,350.6,3.84,179.64,No Failure,0
H,301.91,310.78,1373.5,55.33,17,1812.9,1.863,140.5,No Failure,0
L,300.24,311.52,1635.2,28.51,97,317.2,2.192,141.09,No Failure,0
M,302.04,311.26,1398.2,29.46,53,873.1,2.178,148.5,No Failure,0
M,299.77,311.25,1544.8,42.79,151,2847.6,3.122,151.4,No Failure,0
M,300.84,310.58,1459.0,43.72,149,708.7,3.798,149.7,No Failure,0
L,303.3,313.41,1543.9,44.83,5,490.1,1.222,129.89,No Failure,0
M,299.51,311.07,1331.4,58.43,193,532.3,3.836,135.2,No Failure,0
H,298.47,307.12,1482.6,30.29,43,498.7,1.667,159.64,No Failure,0
L,300.94,309.89,1392.9,40.4,159,408.5,3.431,165.36,No Failure,0
H,301.48,311.15,1414.2,47.21,208,1410.8,4.121,133.97,No Failure,0
L,300.22,310.08,1426.2,47.1,155,1102.8,2.906,164.56,No Failure,0
L,302.01,314.65,1647.6,33.52,246,691.6,3.528,122.06,No Failure,0
L,299.6,308.71,1523.5,33.92,123,844.4,2.476,153.1,No Failure,0
M,300.26,308.95,1396.3,35.41,68,158.8,2.353,145.93,No Failure,0
M,300.75,309.81,1322.5,57.03,128,113.1,3.352,154.16,No Failure,0
L,300.57,310.81,1441.1,30.22,183,933.6,2.745,133.6,No Failure,0
M,303.23,313.72,1557.4,36.76,107,390.7,2.693,159.59,No Failure,0
L,300.74,310.03,1490.2,47.75,23,1500.3,2.033,146.12,No Failure,0
L,299.39,309.41,1654.6,29.11,69,311.4,2.055,140.6,No Failure,0
H,301.06,313.0,1452.1,42.58,130,69.4,3.128,144.34,No Failure,0
M,302.02,312.05,1589.0,21.0,90,197.4,2.188,158.67,Power Failure,1
M,301.55,311.87,1438.6,41.93,229,906.4,3.953,149.05,Tool Wear Failure,1
M,301.44,313.33,1487.6,40.52,219,193.2,4.15,153.74,No Failure,0
H,297.0,306.31,1441.1,41.64,161,735.8,3.701,158.13,No Failure,0
L,295.01,304.25,1714.4,31.31,95,172.0,2.253,141.16,No Failure,0
L,302.55,312.08,1448.8,42.28,42,441.4,2.046,142.25,No Failure,0
L,300.88,310.35,1493.9,39.61,190,703.5,3.694,180.89,No Failure,0
M,299.96,308.14,1328.4,52.99,238,1024.4,4.183,133.73,Heat Dissipation Failure,1
M,301.39,311.53,1383.4,46.38,153,389.6,3.466,124.21,No Failure,0
M,303.85,314.07,1501.3,25.51,3,511.4,1.379,140.36,No Failure,0
L,302.83,312.64,1474.0,31.67,56,322.2,2.226,146.01,No Failure,0
L,301.92,312.17,1717.8,33.84,137,443.0,3.048,158.6,No Failure,0
M,298.23,308.48,1534.5,41.8,38,655.7,1.991,141.8,No Failure,0
H,298.49,307.17,1483.0,38.31,143,822.6,3.265,159.01,No Failure,0
L,295.23,305.52,1454.8,38.27,30,1028.0,2.079,143.97,No Failure,0
L,301.27,311.83,1385.8,68.18,111,784.1,3.969,155.9,Power Failure,1
L,302.22,310.62,1465.8,34.87,123,334.5,2.177,163.03,No Failure,0
L,302.38,313.84,1235.4,53.91,161,684.3,3.688,142.21,No Failure,0
L,301.35,310.12,1554.6,38.53,50,2007.5,2.383,159.93,No Failure,0
L,299.69,308.55,1590.9,18.21,148,228.6,3.313,135.85,Power Failure,1
M,298.87,309.07,1369.2,41.91,64,865.0,2.124,150.54,No Failure,0
L,298.35,308.88,1312.1,51.19,107,1797.8,2.927,152.04,No Failure,0
L,299.67,310.45,1486.7,46.33,209,625.4,3.679,151.32,No Failure,0
L,298.04,308.61,1470.1,42.56,16,833.5,2.344,152.69,No Failure,0
H,303.51,312.99,1409.5,40.24,122,596.4,2.594,152.16,No Failure,0
L,297.4,307.5,1581.8,35.05,235,1051.1,3.704,113.51,Tool Wear Failure,1
L,299.61,309.29,1353.8,48.96,83,771.3,2.173,151.86,No Failure,0
L,296.13,306.3,1387.5,35.66,106,439.9,1.735,129.76,No Failure,0
M,300.59,310.66,1433.5,33.6,46,342.9,1.934,142.56,No Failure,0
H,300.0,309.49,1469.1,44.11,40,1485.1,2.051,159.37,No Failure,0
L,299.29,308.94,1453.5,37.0,109,273.0,2.561,155.77,No Failure,0
L,298.13,306.28,1407.0,52.81,142,1197.6,3.459,167.28,No Failure,0
L,300.0,310.84,1562.7,44.67,65,331.3,2.574,154.36,No Failure,0
M,298.91,309.21,1505.5,32.22,140,579.8,2.638,140.27,No Failure,0
H,299.73,307.42,1831.5,28.55,9,69.3,1.48,133.95,No Failure,0
L,303.91,314.71,1570.7,34.26,131,2874.9,2.76,163.91,No Failure,0
L,300.34,310.29,1297.1,63.38,216,155.2,4.229,136.62,Overstrain Failure,1
M,301.07,310.13,1398.9,37.62,177,1053.5,3.771,135.48,No Failure,0
M,299.07,308.05,1408.0,47.58,142,1757.8,3.295,150.27,No Failure,0
L,298.43,307.74,1582.1,26.94,240,446.0,4.05,163.89,No Failure,0
L,299.95,309.02,1655.0,29.17,207,962.8,3.392,150.35,No Failure,0
L,305.01,314.21,1461.5,38.12,14,778.3,1.361,145.74,No Failure,0
M,299.43,311.13,1402.8,57.01,185,866.0,4.112,140.51,No Failure,0
M,300.72,311.09,1607.0,27.09,181,661.4,3.371,154.1,No Failure,0
M,298.34,310.38,1638.1,33.7,3,432.8,1.362,128.01,No Failure,0
H,294.49,304.72,1522.7,49.02,100,1705.4,2.726,132.42,No Failure,0
L,298.42,309.0,1402.6,55.93,163,1333.5,3.713,139.88,No Failure,0
L,304.76,313.88,1533.9,44.37,166,440.4,3.456,140.22,No Failure,0
L,301.19,311.02,1547.1,46.76,35,868.7,2.047,142.4,No Failure,0
H,303.28,313.2,1620.1,31.03,60,764.7,1.692,161.03,No Failure,0
M,299.3,309.92,1630.8,26.77,18,559.0,2.089,165.13,No Failure,0
L,295.29,305.24,1628.5,28.54,127,697.4,2.638,138.41,No Failure,0
L,297.78,308.13,1714.9,31.27,7,1014.4,1.84,146.27,No Failure,0
M,300.79,311.11,1492.1,42.26,157,714.4,2.48,140.25,No Failure,0
M,300.48,310.17,1663.2,27.8,211,220.4,3.096,142.38,No Failure,0
M,299.98,309.57,1419.1,42.5,194,283.6,3.921,155.89,No Failure,0
L,298.94,308.27,1660.3,36.85,142,1158.3,2.901,163.07,No Failure,0
H,301.88,312.96,1585.5,34.37,167,149.8,3.474,164.44,No Failure,0
M,299.0,308.69,1398.1,48.85,193,742.5,3.53,150.04,No Failure,0
M,300.62,310.94,1570.4,30.41,193,969.2,3.298,127.61,No Failure,0
M,300.39,310.23,1365.5,54.36,159,774.3,3.249,133.21,No Failure,0
H,299.26,310.33,1434.0,48.31,245,222.4,4.51,128.89,No Failure,0
H,298.24,306.25,1598.1,30.1,34,76.7,1.642,161.75,No Failure,0
M,299.15,309.45,1386.1,52.02,120,158.9,3.29,141.92,No Failure,0
L,303.75,312.49,1445.7,28.92,151,802.2,3.341,151.1,No Failure,0
L,302.22,312.62,1556.3,52.93,209,82.9,3.888,167.71,Overstrain Failure,1
H,302.04,311.89,1497.3,43.33,27,553.5,1.909,136.62,No Failure,0
M,298.43,306.95,1650.7,24.21,75,1170.6,1.879,145.85,No Failure,0
L,297.12,307.46,1599.3,27.05,13,1236.7,2.066,150.44,No Failure,0
L,302.19,312.42,1614.1,35.95,75,545.2,2.237,132.1,No Failure,0
H,301.81,311.58,1434.9,48.68,85,1029.4,2.553,159.3,No Failure,0
H,300.27,310.17,1485.7,38.29,81,321.6,2.042,163.97,No Failure,0
H,299.26,309.42,1493.4,38.04,24,1132.1,1.634,157.74,No Failure,0
L,297.07,308.25,1609.4,40.4,147,1051.1,2.946,157.91,No Failure,0
M,301.73,311.42,1677.8,20.05,176,592.7,3.29,150.76,No Failure,0
H,302.37,313.39,1430.9,48.24,50,338.1,2.175,153.91,No Failure,0
L,298.64,308.6,1353.6,53.4,151,549.5,3.27,164.1,No Failure,0
L,298.47,309.77,1408.0,47.89,93,713.2,2.917,162.72,No Failure,0
H,302.48,312.25,1631.1,35.77,170,1349.7,3.224,154.6,No Failure,0
L,298.72,308.05,1488.3,31.15,115,464.0,2.247,139.4,No Failure,0
M,303.56,312.46,1646.8,29.18,226,1024.9,4.109,118.49,No Failure,0
M,299.78,309.75,1654.2,28.67,185,472.7,3.058,165.82,No Failure,0
M,299.23,308.43,1338.2,62.65,90,1005.0,3.038,169.91,No Failure,0
L,300.09,311.49,1489.2,39.21,122,399.5,2.939,142.66,No Failure,0
M,299.23,308.36,1294.2,49.05,139,1696.4,2.51,163.5,No Failure,0
L,302.25,311.56,1491.8,48.5,30,1411.6,1.972,123.93,No Failure,0
H,301.77,312.35,1345.0,41.43,93,632.8,2.382,158.36,No Failure,0
L,302.18,313.36,1589.5,30.68,68,174.7,1.737,154.66,No Failure,0
M,300.37,311.1,1463.2,45.19,35,430.4,2.017,142.05,No Failure,0
M,299.09,310.15,1655.7,29.17,62,803.8,2.038,173.5,No Failure,0
L,299.98,309.9,1371.2,46.02,210,1422.6,3.982,146.77,No Failure,0
L,299.15,309.08,1497.9,29.63,201,285.6,3.436,161.11,No Failure,0
M,302.93,314.94,1583.0,35.64,143,1056.0,2.928,172.34,No Failure,0
L,302.0,313.69,1519.7,35.62,154,785.8,3.533,148.52,No Failure,0
L,299.82,310.53,1206.5,53.99,155,469.9,3.325,160.54,No Failure,0
L,298.15,309.25,1694.2,15.66,174,649.3,2.349,149.42,Power Failure,1
H,303.08,313.94,1476.2,63.31,64,325.5,2.462,153.85,Power Failure,1
M,300.27,309.07,1613.8,31.94,141,957.4,3.186,138.29,No Failure,0
L,299.74,309.7,1403.2,38.77,207,731.9,3.585,151.56,No Failure,0
H,303.1,314.6,1509.2,44.13,8,421.9,1.499,152.04,No Failure,0
L,298.98,309.7,1562.2,43.28,127,1956.5,3.152,151.35,No Failure,0
L,299.36,309.3,1277.3,48.44,26,1001.3,2.496,163.87,No Failure,0
L,299.54,311.05,1425.3,46.1,17,951.8,1.836,153.32,No Failure,0
L,297.37,307.74,1454.0,60.37,154,631.9,3.743,137.63,Power Failure,1
L,300.63,311.39,1304.3,47.32,80,732.1,2.989,156.42,No Failure,0
M,298.48,308.85,1484.2,38.83,126,260.7,3.462,142.88,No Failure,0
L,298.86,309.4,1524.9,34.47,113,456.6,2.79,152.17,No Failure,0
M,298.59,309.2,1508.9,34.21,139,1145.1,2.861,151.55,No Failure,0
L,298.83,310.13,1520.4,52.93,83,1105.1,2.671,158.49,No Failure,0
L,298.32,309.75,1469.6,57.55,129,263.7,2.589,152.33,No Failure,0
L,300.49,310.04,1392.5,50.04,28,325.4,1.699,157.21,No Failure,0
M,299.69,310.04,1661.6,8.36,61,1008.4,1.73,151.73,Power Failure,1
M,300.1,311.37,1794.3,17.53,81,1023.2,2.749,177.59,Power Failure,1
L,304.71,314.58,1570.3,39.92,133,344.7,2.76,145.95,No Failure,0
L,299.69,308.38,1511.8,38.33,0,1154.6,1.502,143.56,No Failure,0
L,301.21,310.3,1557.3,40.2,222,354.0,3.951,157.43,No Failure,0
H,301.44,310.6,1458.1,52.52,52,579.8,2.843,144.86,No Failure,0
L,299.87,309.42,1325.1,52.02,208,617.0,3.674,159.6,No Failure,0
M,300.55,309.8,1432.5,41.75,159,1106.1,3.094,135.47,No Failure,0
L,300.04,311.07,1622.4,24.76,77,1313.6,2.075,152.01,No Failure,0
L,300.41,310.13,1424.3,27.71,134,480.0,2.743,155.7,No Failure,0
M,298.83,310.09,1463.8,40.67,69,910.1,2.37,136.83,No Failure,0
L,299.01,307.88,1395.3,44.17,93,2219.3,2.737,154.85,No Failure,0
L,300.03,309.68,1612.8,27.83,203,1483.5,3.57,126.66,No Failure,0
H,296.06,306.16,1345.8,46.61,239,279.7,4.234,150.58,No Failure,0
L,302.99,313.8,1678.8,22.48,117,674.5,2.431,164.4,No Failure,0
L,304.32,315.47,1733.1,13.37,11,812.3,0.776,139.88,Power Failure,1
L,300.34,309.8,1560.8,31.25,109,621.4,2.137,149.34,No Failure,0
L,301.33,312.32,1432.4,53.73,160,707.0,3.264,140.07,No Failure,0
M,302.16,310.48,1431.5,55.22,126,1052.9,3.517,158.48,No Failure,0
L,297.35,308.22,1606.2,24.05,155,1296.5,3.271,159.87,No Failure,0
H,301.86,310.52,1624.7,24.82,36,1219.6,1.268,156.62,No Failure,0
M,299.15,309.59,1378.0,47.61,130,1072.3,3.35,159.16,No Failure,0
H,304.58,315.71,1473.1,35.59,103,267.3,2.084,142.09,No Failure,0
H,299.62,310.51,1532.9,53.66,65,1035.5,2.723,148.96,No Failure,0
H,301.82,310.18,1422.2,47.45,239,371.3,4.021,136.22,No Failure,0
M,299.64,309.2,1425.6,49.16,126,274.0,2.417,139.19,No Failure,0
L,304.39,315.11,1558.8,31.78,87,475.1,2.018,147.85,No Failure,0
L,298.98,309.66,1497.9,44.44,117,206.8,2.698,164.38,No Failure,0
M,302.33,312.61,1289.7,60.16,161,399.1,3.762,139.8,No Failure,0
L,301.25,309.05,1448.3,41.42,36,768.2,1.991,153.93,No Failure,0
M,300.81,312.01,1587.9,39.55,245,1301.8,4.021,139.66,No Failure,0
L,300.46,311.83,1401.0,35.64,59,1136.5,2.034,135.79,No Failure,0
H,298.67,308.83,1645.0,23.98,25,582.1,1.843,166.64,No Failure,0
L,294.83,305.06,1514.0,29.01,109,487.3,2.185,163.8,No Failure,0
H,302.15,312.65,1390.5,31.08,241,130.0,4.005,140.74,No Failure,0
L,299.02,310.48,1624.2,23.56,93,1762.3,2.935,146.11,No Failure,0
L,302.34,312.59,1519.6,24.57,144,1484.3,2.909,152.19,No Failure,0
H,300.7,310.51,1575.9,15.52,32,805.0,1.597,138.06,Power Failure,1
H,302.4,312.78,1796.2,32.17,124,1259.4,2.5,156.18,No Failure,0
M,301.6,311.59,1494.8,46.75,59,717.4,2.951,130.9,No Failure,0
H,295.07,305.07,1576.3,36.83,1,262.0,1.322,143.76,No Failure,0
L,301.23,309.46,1520.2,36.88,147,174.7,2.996,145.83,No Failure,0
H,299.31,309.84,1331.2,47.67,131,781.2,2.422,155.49,No Failure,0
L,302.33,313.5,1350.0,56.89,175,2123.2,3.504,165.1,No Failure,0
M,301.18,312.2,1286.2,62.73,248,21.2,4.773,137.36,Overstrain Failure,1
L,301.21,312.16,1315.3,41.45,187,799.6,3.47,148.21,No Failure,0
L,299.46,309.4,1683.8,37.18,214,671.0,4.009,156.76,No Failure,0
M,298.17,308.32,1525.0,35.87,134,886.7,2.93,148.83,No Failure,0
M,299.13,310.33,1377.8,45.91,235,647.4,4.226,147.43,Tool Wear Failure,1
L,296.4,307.27,1523.6,38.44,13,2409.8,2.008,159.46,No Failure,0
H,298.82,310.31,1388.1,38.47,196,146.6,3.064,127.36,No Failure,0
M,297.07,306.4,1422.5,39.14,57,444.2,2.415,147.07,No Failure,0
L,297.12,306.45,1713.7,30.58,241,573.8,3.719,150.38,No Failure,0
M,300.23,309.9,1639.8,16.68,182,202.2,2.818,149.37,Power Failure,1
L,301.07,310.13,1551.9,33.31,49,1130.6,1.641,140.26,No Failure,0
L,299.94,308.61,1392.7,54.57,72,488.4,2.755,160.35,No Failure,0
M,299.0,309.47,1371.5,54.1,17,419.4,2.1,153.19,No Failure,0
L,298.11,308.51,1376.3,49.4,167,1171.5,3.719,109.79,No Failure,0
L,299.37,309.61,1743.7,35.06,51,609.4,1.556,157.03,No Failure,0
M,298.36,308.71,1496.5,32.09,161,272.0,3.375,147.92,No Failure,0
L,299.87,308.41,1289.6,56.25,15,254.2,2.235,160.33,Heat Dissipation Failure,1
H,296.96,306.48,1630.8,29.17,128,634.0,2.405,165.8,No Failure,0
M,301.4,311.11,1381.2,40.39,54,1307.2,2.456,150.75,No Failure,0
L,298.87,308.91,1456.8,56.89,77,356.7,2.831,140.67,No Failure,0
M,300.75,309.29,1472.0,41.24,105,886.3,2.297,160.78,No Failure,0
L,301.77,310.85,1535.1,37.07,19,1200.9,1.787,167.65,No Failure,0
M,300.66,310.22,1433.8,51.6,94,1045.5,2.018,153.88,No Failure,0
L,301.6,312.66,1463.7,40.72,182,417.4,3.642,149.32,No Failure,0
H,295.87,306.13,1566.7,41.96,86,1041.3,2.302,161.31,No Failure,0
L,299.01,310.04,1437.3,55.15,61,1155.6,2.016,139.71,No Failure,0
M,302.21,312.08,1750.1,14.55,122,188.8,1.603,151.19,Power Failure,1
L,301.02,311.02,1335.0,43.59,70,384.4,2.464,144.66,No Failure,0
L,303.7,314.2,1529.9,32.34,223,564.7,3.638,156.85,No Failure,0
L,303.41,313.23,1506.6,37.93,30,418.9,1.76,147.52,No Failure,0
M,300.6,309.97,1647.4,41.13,121,227.3,2.908,147.92,No Failure,0
H,299.5,308.01,1426.8,33.25,181,277.9,3.278,156.81,No Failure,0
L,298.08,307.49,1424.3,42.29,97,531.2,2.837,166.59,No Failure,0
L,299.05,309.88,1566.5,43.85,239,566.4,4.063,157.69,No Failure,0
L,299.18,310.44,1399.2,42.03,248,960.5,3.978,159.83,No Failure,0
L,298.81,308.04,1431.9,41.11,120,575.2,2.685,162.59,No Failure,0
H,298.16,306.43,1660.1,38.82,177,224.2,3.411,146.34,No Failure,0
H,300.8,311.73,1540.8,39.02,90,1122.8,2.619,152.49,No Failure,0
H,303.39,313.46,1570.9,40.79,238,543.3,3.818,148.71,No Failure,0
L,301.87,310.52,1640.4,30.58,129,795.5,2.557,150.13,No Failure,0
L,299.36,306.24,1408.9,52.7,153,546.7,3.464,145.68,No Failure,0
M,302.03,311.06,1515.5,39.09,97,378.3,2.649,148.07,No Failure,0
L,300.69,310.23,1612.1,35.97,106,529.9,2.299,146.67,No Failure,0
M,299.92,308.77,1392.1,43.96,77,1039.9,2.067,141.24,No Failure,0
L,299.79,310.49,1665.2,38.85,63,1363.9,2.223,120.51,No Failure,0
L,299.6,308.79,1352.5,52.43,242,525.5,4.412,150.42,Overstrain Failure,1
H,301.3,311.31,1520.5,48.95,83,805.1,2.691,168.67,No Failure,0
L,300.28,312.65,1538.1,40.93,233,160.4,3.53,156.27,No Failure,0
H,298.54,308.66,1375.6,49.39,1,142.1,1.898,148.2,No Failure,0
L,298.45,308.33,1524.7,42.35,156,914.8,3.466,134.08,No Failure,0
L,300.61,310.52,1603.8,28.46,203,1012.7,3.27,139.56,No Failure,0
L,300.86,311.53,1269.9,48.9,4,333.7,1.621,128.11,No Failure,0
L,299.37,309.92,1644.2,21.0,16,379.6,1.733,154.81,No Failure,0
M,297.74,306.73,1669.0,4.83,92,1519.8,2.137,140.38,Power Failure,1
L,302.5,312.09,1489.8,46.98,78,764.2,2.238,163.38,No Failure,0
M,302.08,311.41,1451.8,44.44,49,473.2,2.238,122.06,No Failure,0
H,296.03,305.74,1548.8,43.77,125,1255.0,2.598,143.48,No Failure,0
L,302.68,314.51,1326.1,53.9,145,281.0,3.458,161.86,No Failure,0
L,299.58,310.2,1385.3,39.75,215,1639.3,3.6,134.2,No Failure,0
L,300.38,310.3,1433.4,36.22,99,648.8,2.217,134.05,No Failure,0
M,302.28,313.52,1618.1,47.97,198,346.3,3.311,142.69,No Failure,0
M,303.31,313.49,1829.7,32.86,104,1728.2,2.871,136.04,No Failure,0
L,302.01,310.37,1699.2,37.62,189,186.2,3.302,144.61,No Failure,0
M,300.48,312.15,1341.2,42.53,230,433.0,4.901,122.39,No Failure,0
L,297.25,307.09,1349.5,43.33,102,1398.1,3.113,163.7,No Failure,0
L,295.95,303.69,1430.8,36.67,225,478.2,4.174,158.97,No Failure,0
L,301.76,310.16,1608.9,35.1,140,324.8,2.289,142.83,No Failure,0
H,302.68,313.81,1779.3,28.8,67,1058.4,2.008,127.22,No Failure,0
L,298.37,306.79,1644.4,32.13,214,881.5,2.954,138.62,No Failure,0
L,299.46,310.81,1371.6,58.19,155,1090.0,3.656,158.18,No Failure,0
L,298.89,308.97,1438.0,37.34,139,959.3,2.92,158.63,No Failure,0
M,298.83,309.55,1459.2,41.89,216,1230.8,4.244,141.72,No Failure,0
L,302.15,311.89,1627.3,25.09,162,837.1,2.607,154.72,No Failure,0
L,300.44,310.96,1374.4,65.63,239,722.3,4.644,130.88,Power Failure,1
L,299.54,309.86,1524.0,31.39,1,1425.3,1.449,148.19,No Failure,0
M,305.32,315.28,1630.1,28.25,185,2245.8,3.207,133.76,No Failure,0
L,297.13,306.07,1529.7,39.39,121,791.7,3.034,153.59,No Failure,0
H,301.1,311.45,1580.4,31.08,24,336.8,1.808,143.95,No Failure,0
L,297.9,306.09,1435.2,43.65,87,539.5,2.805,146.01,No Failure,0
L,299.69,310.62,1631.8,24.88,170,231.8,3.16,149.05,No Failure,0
H,300.3,310.49,1400.4,51.37,15,1578.4,2.089,127.74,No Failure,0
H,301.69,312.15,1354.4,49.4,122,470.9,2.785,149.54,No Failure,0
L,299.48,306.86,1589.1,38.81,169,460.0,3.174,163.06,No Failure,0
H,299.27,308.14,1774.2,23.44,72,746.9,1.677,150.67,No Failure,0
M,299.44,308.94,1580.3,31.88,218,340.2,3.528,162.23,No Failure,0
L,297.84,308.51,1490.9,40.63,222,357.6,3.966,144.86,No Failure,0
H,301.26,310.32,1665.1,27.89,160,227.2,2.529,152.67,No Failure,0
M,300.56,313.11,1600.5,29.52,159,260.4,3.218,154.08,No Failure,0
L,300.87,310.61,1518.7,50.49,69,893.8,2.421,157.4,No Failure,0
M,299.86,308.84,1497.2,41.55,228,802.6,3.869,161.09,No Failure,0
L,299.61,309.43,1542.9,41.23,123,451.1,2.849,133.16,No Failure,0
L,302.35,311.4,1613.8,45.27,16,2489.7,1.918,140.59,No Failure,0
H,302.04,310.86,1627.2,38.36,87,697.5,1.704,155.81,No Failure,0
M,302.83,313.84,1490.6,39.4,196,1543.1,3.518,154.39,No Failure,0
M,300.75,311.26,1560.8,44.56,144,546.5,2.922,149.67,No Failure,0
M,302.71,313.22,1339.2,48.09,146,158.3,3.143,181.39,No Failure,0
M,299.17,310.44,1442.1,44.98,172,1899.7,3.649,151.13,No Failure,0
L,299.6,310.08,1458.2,54.6,75,2289.3,2.493,153.48,No Failure,0
H,302.39,311.32,1635.7,40.25,65,1724.4,2.023,133.77,No Failure,0
M,301.69,312.4,1540.1,26.53,219,781.2,3.614,161.31,No Failure,0
M,299.42,308.29,1410.5,50.88,122,884.8,2.684,151.1,No Failure,0
L,297.91,307.43,1519.9,37.55,199,569.7,3.899,150.75,No Failure,0
L,299.59,309.55,1553.2,32.31,157,1368.6,3.599,172.78,No Failure,0
L,298.63,308.48,1333.6,47.12,142,768.5,2.748,147.97,No Failure,0
L,303.45,311.66,1515.4,43.71,126,1110.5,3.121,163.39,No Failure,0
L,301.52,310.55,1487.5,27.21,242,243.4,4.213,163.22,No Failure,0
M,298.47,308.45,1548.8,46.71,144,464.2,3.032,147.68,No Failure,0
H,297.91,307.3,1471.5,58.74,199,1143.5,3.788,132.77,Power Failure,1
L,298.44,309.57,1416.6,43.24,57,327.5,2.054,142.35,No Failure,0
L,298.88,310.18,1406.3,37.44,116,502.4,3.08,163.29,No Failure,0
M,299.67,308.55,1630.6,23.31,134,654.0,3.005,145.31,No Failure,0
L,302.23,312.29,1289.1,60.51,13,849.6,2.062,134.99,No Failure,0
H,298.07,309.65,1522.5,34.83,249,373.0,4.443,151.7,No Failure,0
L,304.58,314.44,1620.9,25.92,152,1156.9,2.477,137.08,No Failure,0
L,298.11,307.71,1407.4,41.11,26,739.1,2.035,138.78,No Failure,0
L,297.18,308.04,1568.7,50.08,108,28.1,2.622,137.85,No Failure,0
H,303.38,313.1,1343.4,52.36,246,208.4,4.357,161.74,No Failure,0
L,302.64,313.91,1638.0,33.28,144,204.7,2.8,165.06,No Failure,0
M,299.64,309.04,1427.8,39.01,55,273.3,1.816,133.64,No Failure,0
L,300.76,310.29,1505.5,40.0,11,1093.5,1.81,152.46,No Failure,0
L,300.81,311.6,1462.4,49.77,101,158.6,2.441,156.06,No Failure,0
H,300.27,310.37,1464.8,45.93,205,199.5,3.984,141.64,No Failure,0
L,297.41,307.52,1455.5,42.71,67,2556.0,2.544,140.29,No Failure,0
L,295.04,303.13,1382.4,49.15,201,265.5,3.827,169.68,No Failure,0
M,298.31,307.96,1572.4,26.38,139,473.0,2.627,134.81,No Failure,0
H,303.63,314.5,1405.6,44.21,188,754.3,3.782,157.18,No Failure,0
L,303.71,312.93,1512.2,42.22,226,341.1,4.149,155.29,No Failure,0
L,299.48,310.18,1668.8,39.5,195,476.1,3.394,178.67,No Failure,0
H,298.08,308.35,1552.3,37.5,173,302.0,3.333,163.51,No Failure,0
M,300.56,310.36,1542.9,41.34,45,419.4,1.955,131.08,No Failure,0
H,300.88,312.24,1643.0,34.3,183,339.9,3.454,135.19,No Failure,0
M,301.2,310.86,1241.2,67.27,127,694.0,3.194,141.62,No Failure,0
M,294.95,304.68,1228.9,53.59,51,434.8,2.444,150.88,No Failure,0
L,306.32,316.1,1412.8,50.93,189,89.5,3.677,129.0,No Failure,0
L,302.26,312.35,1619.3,34.7,227,2287.0,4.031,154.16,No Failure,0
M,299.6,310.37,1757.5,30.43,155,129.2,2.795,153.06,No Failure,0
M,298.56,307.09,1428.7,37.88,218,924.4,3.819,144.7,No Failure,0
H,301.97,312.84,1589.8,41.14,129,336.8,2.786,163.93,No Failure,0
M,300.99,311.06,1639.4,25.52,223,726.5,3.081,156.96,No Failure,0
L,300.18,310.74,1426.6,44.8,88,129.3,2.5,164.24,No Failure,0
L,300.92,313.31,1319.3,50.82,6,779.1,2.065,181.37,No Failure,0
M,299.77,309.26,1626.3,17.64,165,1043.6,3.001,139.06,Power Failure,1
L,300.8,309.58,1623.6,31.0,87,671.1,2.104,156.18,No Failure,0
M,301.45,311.65,1511.8,52.28,9,676.7,2.23,143.04,No Failure,0
M,300.69,311.04,1224.9,43.74,134,294.0,3.397,158.53,No Failure,0
L,300.58,311.45,1615.4,31.34,7,492.5,1.219,145.16,No Failure,0
M,302.79,312.25,1389.6,47.35,128,94.5,3.067,145.61,No Failure,0
M,296.81,305.98,1504.3,34.06,109,191.1,2.89,137.4,No Failure,0
H,298.4,306.87,1556.4,37.64,68,1186.2,2.624,156.24,No Failure,0
L,300.05,308.69,1764.0,28.61,137,3093.7,2.806,170.53,No Failure,0
M,298.54,308.12,1434.0,40.17,101,891.0,2.947,137.54,No Failure,0
L,299.21,309.09,1409.9,50.18,81,704.3,3.005,125.59,No Failure,0
M,302.58,314.64,1396.4,35.22,20,59.5,1.876,158.25,No Failure,0
L,299.7,308.01,1487.8,46.45,170,665.9,3.347,165.5,No Failure,0
H,296.34,306.68,1441.9,39.5,17,204.7,1.872,181.01,No Failure,0
H,299.15,308.43,1555.5,50.79,232,812.4,3.934,148.53,No Failure,0
M,300.12,310.34,1569.5,35.37,212,1664.1,3.442,148.48,No Failure,0
M,300.08,309.53,1350.1,55.55,31,303.1,1.76,157.28,No Failure,0
L,301.11,312.15,1420.6,46.82,88,591.7,2.88,139.57,No Failure,0
M,300.95,311.98,1513.3,42.44,118,608.1,3.147,141.41,No Failure,0
L,299.72,309.61,1539.8,42.81,143,638.2,2.52,160.91,No Failure,0
M,297.61,309.05,1432.0,35.35,235,848.8,3.715,133.62,No Failure,0
L,299.12,309.88,1529.0,34.71,6,306.6,1.372,137.91,No Failure,0
M,298.75,310.15,1478.8,42.62,238,197.6,4.187,132.29,No Failure,0
L,299.43,309.39,1615.0,28.01,161,1867.3,2.967,141.28,No Failure,0
M,301.38,312.33,1665.7,33.98,122,805.9,2.894,145.84,No Failure,0
M,300.81,310.04,1446.7,30.63,80,1433.9,2.22,146.84,No Failure,0
L,301.65,310.78,1540.3,45.72,192,1309.4,3.715,147.3,No Failure,0
L,299.23,311.41,1485.8,45.87,9,310.9,1.821,159.13,No Failure,0
H,303.02,311.93,1353.8,52.68,48,938.0,2.685,147.95,No Failure,0
M,301.35,310.91,1599.3,36.65,215,976.4,3.388,140.3,No Failure,0
L,300.22,308.33,1530.1,31.92,201,472.6,3.223,135.78,No Failure,0
L,301.21,310.36,1454.4,25.31,114,325.1,2.185,145.52,No Failure,0
L,298.65,307.65,1169.3,42.71,243,475.4,4.217,173.07,No Failure,0
M,295.78,305.11,1278.8,53.97,98,497.3,2.37,153.11,No Failure,0
M,298.79,309.09,1457.0,39.25,82,408.2,1.825,170.48,No Failure,0
L,301.49,312.04,1513.3,40.27,33,258.5,2.141,125.05,No Failure,0
M,300.16,309.15,1554.3,39.94,58,888.7,1.764,138.65,No Failure,0
M,299.73,308.94,1456.5,42.54,60,200.7,1.981,128.11,No Failure,0
M,298.3,309.39,1293.3,49.97,29,1078.3,1.68,148.41,No Failure,0
L,296.09,307.79,1312.2,59.19,242,2403.5,4.188,155.54,Overstrain Failure,1
L,302.85,314.11,1440.5,44.98,111,678.1,3.688,161.13,No Failure,0
L,299.58,307.94,1611.2,45.64,248,637.6,4.092,158.87,Overstrain Failure,1
L,299.14,310.33,1569.3,37.61,81,418.9,2.355,161.47,No Failure,0
L,298.66,310.51,1359.5,38.92,224,1200.8,3.513,147.24,No Failure,0
L,302.51,310.81,1481.4,38.79,124,537.2,2.78,143.27,No Failure,0
L,301.76,312.85,1592.0,36.34,60,634.2,2.419,138.81,No Failure,0
M,298.07,308.29,1491.7,41.28,129,822.0,2.946,168.7,No Failure,0
L,302.33,312.0,1303.9,46.25,52,279.3,2.846,159.37,No Failure,0
M,299.71,309.82,1568.6,40.64,215,276.2,3.531,145.34,No Failure,0
L,298.78,309.22,1555.2,37.19,77,430.4,1.67,150.62,No Failure,0
M,299.41,310.57,1475.8,41.26,220,385.3,3.946,162.29,No Failure,0
L,298.43,309.54,1504.2,30.4,187,1728.7,3.404,141.59,No Failure,0
M,297.36,305.85,1526.9,48.03,109,653.4,2.871,153.2,No Failure,0
M,301.55,310.9,1369.8,35.87,115,233.0,2.257,147.71,No Failure,0
L,299.56,309.65,1452.5,28.45,189,467.2,3.095,165.26,No Failure,0
M,301.23,312.81,1396.9,44.62,7,968.9,1.822,146.29,No Failure,0
L,300.57,307.85,1486.3,45.11,139,1538.6,3.167,158.33,No Failure,0
M,301.1,310.49,1446.0,31.4,175,3676.3,3.379,138.16,No Failure,0
L,295.91,304.38,1401.1,46.24,181,182.2,3.237,136.81,No Failure,0
L,298.27,306.9,1418.6,46.34,222,2330.2,3.378,135.31,Tool Wear Failure,1
L,301.14,312.12,1372.9,59.75,175,791.4,3.691,161.74,No Failure,0
H,297.45,306.92,1493.9,37.65,110,1525.7,2.84,157.76,No Failure,0
L,300.75,308.41,1479.8,39.46,206,400.3,3.253,166.01,No Failure,0
M,297.22,307.06,1485.0,33.93,42,1459.8,2.375,157.6,No Failure,0
L,300.03,312.07,1558.5,44.94,40,1602.0,1.996,151.58,No Failure,0
L,303.22,311.41,1559.7,39.95,2,1108.7,1.959,146.7,No Failure,0
L,301.55,312.08,1477.1,49.88,198,2067.5,4.309,162.33,No Failure,0
H,296.3,307.87,1464.7,35.66,77,280.6,1.793,157.5,No Failure,0
M,301.7,311.65,1416.1,44.72,56,413.5,2.401,140.4,No Failure,0
L,303.64,315.57,1561.9,37.62,46,516.6,2.556,143.24,No Failure,0
M,305.59,314.93,1594.5,21.58,171,239.3,2.806,151.97,No Failure,0
L,300.95,312.4,1366.4,46.28,118,978.1,3.491,150.19,No Failure,0
L,297.27,308.48,1665.8,22.52,239,1053.6,3.939,159.52,Tool Wear Failure,1
M,300.87,310.84,1395.0,38.41,172,138.7,3.189,158.13,No Failure,0
L,303.19,311.7,1492.7,38.56,146,1341.2,3.02,140.84,No Failure,0
L,299.63,308.62,1581.0,39.92,44,1100.1,1.565,137.04,No Failure,0
M,302.09,309.74,1509.3,40.47,221,969.3,3.615,130.23,No Failure,0
L,298.32,308.91,1402.8,40.37,77,29.7,2.577,149.99,No Failure,0
H,300.74,311.22,1513.5,43.63,202,771.2,3.61,171.7,No Failure,0
M,295.02,305.1,1454.6,38.91,1,2311.5,1.692,147.5,No Failure,0
H,298.1,307.98,1366.9,66.16,175,924.1,4.22,149.75,Power Failure,1
M,299.99,311.35,1573.2,36.58,193,453.3,3.797,153.08,No Failure,0
H,299.27,309.57,1566.6,27.77,18,377.6,1.654,150.21,No Failure,0
L,297.4,306.84,1545.3,25.9,176,1493.6,2.911,135.4,No Failure,0
M,299.0,309.15,1370.9,46.58,6,415.4,1.846,141.73,No Failure,0
M,300.66,312.71,1860.4,24.08,133,921.1,2.683,147.0,No Failure,0
H,299.83,310.45,1390.6,27.9,226,257.3,3.426,168.9,No Failure,0
L,300.12,309.73,1449.9,26.46,98,2054.3,2.422,164.44,No Failure,0
M,301.46,311.42,1562.7,44.57,174,1412.3,3.189,136.28,No Failure,0
M,299.31,309.78,1473.3,53.31,47,1482.9,2.331,166.07,No Failure,0
L,302.72,312.3,1607.9,30.56,136,1240.9,2.593,170.93,No Failure,0
H,298.02,307.51,1287.0,44.22,115,683.3,2.693,155.33,No Failure,0
L,303.86,313.84,1759.4,13.63,0,226.4,1.348,142.76,Power Failure,1
L,302.23,313.75,1471.4,32.55,209,250.9,3.814,150.81,No Failure,0
M,299.29,310.08,1442.9,46.02,31,1160.3,1.98,168.84,No Failure,0
L,299.42,309.01,1561.6,36.88,15,589.7,2.067,136.44,No Failure,0
L,300.41,311.28,1466.1,49.94,172,704.2,3.742,145.05,No Failure,0
L,301.2,311.21,1620.1,17.67,207,777.7,3.402,154.84,Power Failure,1
L,302.19,312.53,1674.4,32.65,58,108.9,2.012,145.8,No Failure,0
M,297.32,307.57,1536.9,44.53,169,1060.2,3.581,129.78,No Failure,0
H,300.87,308.76,1378.4,44.4,89,601.5,2.449,136.14,Heat Dissipation Failure,1
M,295.77,302.72,1415.5,45.17,191,1827.2,3.682,133.56,No Failure,0
L,299.65,309.87,1415.1,42.08,207,602.9,4.084,144.66,No Failure,0
M,302.91,312.05,1585.9,28.56,142,1376.4,3.069,171.62,No Failure,0
H,297.16,305.53,1619.0,32.21,81,1301.0,2.08,166.62,No Failure,0
M,296.8,305.98,1168.0,63.16,91,692.5,3.305,150.43,No Failure,0
L,300.44,311.37,1422.2,27.41,129,291.2,2.275,157.77,No Failure,0
L,302.77,313.13,1538.4,25.84,46,957.0,1.769,152.12,No Failure,0
H,300.65,311.42,1567.4,46.8,17,1187.4,2.251,147.7,No Failure,0
H,296.19,306.64,1606.1,29.41,169,2409.2,2.84,150.45,No Failure,0
L,296.63,305.71,1498.6,57.92,123,1273.0,3.287,146.13,Power Failure,1
H,300.2,310.97,1267.2,67.34,126,829.7,3.548,134.74,No Failure,0
L,297.64,308.23,1443.5,37.59,179,892.7,3.73,150.36,No Failure,0
L,300.27,310.16,1324.4,43.09,118,908.7,2.696,140.41,No Failure,0
M,300.39,310.45,1571.3,21.75,57,1214.9,2.059,143.79,No Failure,0
M,299.02,309.81,1361.7,50.32,0,509.5,1.598,155.52,No Failure,0
L,303.63,312.88,1460.8,17.61,144,819.6,2.487,130.88,Power Failure,1
H,301.18,312.27,1531.5,26.6,148,134.4,2.815,136.65,No Failure,0
H,302.42,312.99,1414.0,41.19,146,332.7,3.049,149.87,No Failure,0
L,301.84,311.84,1458.1,45.48,22,891.5,2.223,135.77,No Failure,0
M,299.7,311.23,1614.9,25.16,203,1579.4,4.063,142.27,No Failure,0
M,299.61,308.32,1572.2,34.57,225,802.6,3.744,160.25,No Failure,0
M,299.4,308.94,1486.9,23.38,90,1299.3,2.179,146.63,No Failure,0
H,301.36,310.68,1423.2,36.83,8,1338.7,2.131,140.93,No Failure,0
M,298.7,309.06,1647.4,31.99,223,1263.2,4.395,159.4,No Failure,0
L,303.45,314.63,1527.5,33.64,161,204.5,3.04,129.17,No Failure,0
L,298.51,307.53,1524.1,46.51,117,447.6,2.999,132.5,No Failure,0
H,300.43,313.73,1464.8,42.82,45,1594.5,1.707,133.45,No Failure,0
H,299.54,308.88,1472.0,45.61,8,666.4,1.566,141.81,No Failure,0
L,299.1,309.46,1557.9,38.71,56,733.4,1.649,131.09,No Failure,0
L,304.34,314.35,1392.6,47.17,19,816.1,1.844,172.07,No Failure,0
M,299.12,309.17,1442.8,39.65,41,1878.9,2.508,118.79,No Failure,0
L,299.39,308.6,1478.1,35.09,227,384.1,3.514,154.94,No Failure,0
L,298.67,309.74,1447.3,45.71,170,1221.7,3.226,145.06,No Failure,0
H,300.08,309.23,1585.6,35.77,19,872.8,1.849,150.68,No Failure,0
H,299.8,308.03,1489.8,36.71,197,791.3,3.033,143.09,No Failure,0
H,297.76,306.64,1518.5,50.68,198,476.8,3.894,147.17,No Failure,0
M,299.15,310.6,1579.5,49.74,46,1058.0,1.506,138.02,No Failure,0
L,301.22,312.47,1444.7,37.03,246,648.4,3.923,164.16,No Failure,0
H,302.05,310.05,1537.1,48.73,31,1688.0,1.617,134.15,No Failure,0
L,300.05,310.86,1600.6,27.22,209,1239.0,3.216,148.03,No Failure,0
L,300.12,308.14,1557.6,37.09,77,1101.6,2.278,178.63,No Failure,0
H,299.28,309.25,1548.1,32.48,101,1453.4,2.428,159.39,No Failure,0
M,299.0,307.79,1609.9,39.98,110,401.6,2.643,135.13,No Failure,0
H,298.16,309.05,1472.5,47.35,58,2094.7,3.003,165.28,No Failure,0
L,296.89,307.44,1424.3,45.56,212,893.0,4.051,153.75,No Failure,0
H,298.6,309.57,1428.9,44.2,40,694.6,1.582,144.52,No Failure,0
M,301.81,311.51,1380.9,41.37,153,1475.2,2.743,159.54,No Failure,0
M,299.15,308.96,1461.3,38.41,91,398.7,2.882,165.85,No Failure,0
H,299.31,307.81,1513.7,52.01,242,767.9,4.264,141.13,No Failure,0
L,299.27,308.24,1721.2,24.53,122,725.5,2.893,144.41,No Failure,0
M,302.49,313.44,1495.7,33.33,220,584.8,3.979,143.93,No Failure,0
M,298.14,308.51,1368.3,44.11,118,1256.8,2.781,156.7,No Failure,0
M,300.55,310.66,1463.4,55.28,176,1071.4,3.716,160.58,No Failure,0
H,299.86,311.13,1566.3,36.54,154,670.6,2.897,157.63,No Failure,0
M,300.14,308.84,1343.0,37.39,92,1629.4,2.756,138.37,No Failure,0
L,300.49,311.21,1862.4,27.1,197,887.1,3.354,172.68,No Failure,0
L,300.11,308.94,1544.4,34.58,82,1014.1,2.682,140.05,No Failure,0
H,301.59,313.06,1596.5,47.08,41,1107.8,1.951,153.18,No Failure,0
H,299.94,310.49,1389.3,55.79,168,322.7,3.517,147.84,No Failure,0
H,303.49,314.45,1429.8,37.07,82,685.8,2.2,137.34,No Failure,0
L,300.09,309.39,1581.4,32.01,178,598.6,3.675,152.92,No Failure,0
L,296.59,308.78,1362.3,40.7,185,515.5,3.455,150.9,No Failure,0
M,301.28,313.28,1617.8,23.85,180,570.2,3.046,158.43,No Failure,0
M,300.78,311.21,1303.2,52.36,222,2566.3,4.011,149.55,No Failure,0
L,300.07,311.24,1580.1,27.69,194,477.1,3.647,152.79,No Failure,0
M,299.48,309.18,1497.2,43.14,209,1491.2,4.648,171.69,No Failure,0
L,295.77,304.5,1502.7,42.99,237,1035.6,4.783,147.79,No Failure,0
L,296.11,306.9,1318.4,46.28,242,855.3,4.36,130.27,Overstrain Failure,1
L,303.3,312.38,1421.5,42.56,10,555.9,1.466,161.18,No Failure,0
L,298.83,310.14,1322.0,40.03,199,175.0,3.415,160.41,No Failure,0
L,301.93,312.98,1521.6,44.29,216,465.0,3.936,133.16,No Failure,0
H,296.79,307.03,1451.5,48.35,243,563.9,3.5,135.3,No Failure,0
M,297.91,308.09,1250.5,57.96,51,702.7,2.275,143.94,No Failure,0
H,301.36,312.35,1714.7,28.97,233,1697.4,3.972,138.89,No Failure,0
L,299.79,310.07,1689.1,21.61,247,633.9,3.222,145.77,No Failure,0
L,301.08,310.67,1614.3,24.53,163,27.6,3.08,146.38,No Failure,0
L,299.97,308.46,1602.5,21.87,97,1257.6,2.042,148.82,No Failure,0
M,299.58,310.54,1538.6,28.0,176,1016.8,2.928,165.25,No Failure,0
L,298.64,309.01,1535.1,26.73,31,888.3,1.82,175.14,No Failure,0
M,297.61,310.37,1639.0,35.84,77,1292.2,2.76,134.94,No Failure,0
H,302.81,312.71,1456.3,48.55,138,825.2,3.13,151.31,No Failure,0
H,303.13,313.44,1355.5,46.26,224,1443.7,4.377,163.15,No Failure,0
L,297.92,308.25,1666.5,33.78,112,1324.7,2.695,164.83,No Failure,0
M,297.79,308.44,1534.7,34.64,174,1039.9,2.893,132.6,No Failure,0
L,299.3,308.34,1256.4,60.11,141,1953.6,3.742,150.02,No Failure,0
L,300.68,310.6,1630.2,45.95,224,784.0,4.352,161.01,No Failure,0
M,299.64,310.46,1387.6,41.73,220,507.6,3.953,139.95,No Failure,0
M,301.0,310.67,1416.0,41.22,52,1065.1,1.761,142.54,No Failure,0
M,299.9,310.69,1523.2,37.11,117,370.1,2.268,161.2,No Failure,0
L,299.77,309.87,1368.7,60.03,92,275.6,3.062,144.34,No Failure,0
H,304.83,315.23,1447.4,38.1,165,509.1,3.353,157.27,No Failure,0
H,298.95,310.1,1289.1,41.49,21,790.2,2.052,170.48,No Failure,0
L,303.28,313.05,1634.8,23.51,60,412.2,1.215,152.67,No Failure,0
H,302.89,311.44,1456.8,33.64,233,734.0,3.543,145.88,No Failure,0
L,301.01,310.74,1511.7,34.49,199,154.4,3.308,157.92,No Failure,0
M,296.15,305.32,1388.2,44.86,202,1038.5,4.039,155.23,No Failure,0
H,300.06,307.94,1464.5,32.25,161,759.1,3.062,144.1,No Failure,0
H,298.97,308.86,1472.2,40.48,190,960.3,3.851,151.19,No Failure,0
H,300.04,310.24,1491.6,33.94,119,642.8,2.373,159.46,No Failure,0
L,297.87,308.89,1512.4,28.99,109,279.3,1.915,153.23,No Failure,0
H,301.51,310.37,1678.2,28.59,106,548.8,2.685,139.43,No Failure,0
M,301.97,312.06,1424.3,38.27,2,2180.5,1.519,159.84,No Failure,0
L,302.34,313.47,1469.0,41.03,79,286.0,2.426,147.58,No Failure,0
L,299.24,308.66,1512.1,38.06,242,1014.8,3.609,146.25,No Failure,0
M,297.88,308.42,1414.5,31.67,193,1622.2,3.405,130.48,No Failure,0
M,300.7,312.3,1410.4,38.62,96,206.4,2.596,166.29,No Failure,0
M,303.51,311.65,1522.3,36.77,36,1497.8,1.902,156.59,No Failure,0
H,300.14,310.41,1576.4,29.58,61,1204.8,2.203,145.35,No Failure,0
M,300.9,312.07,1422.4,40.83,152,359.8,3.373,157.61,No Failure,0
L,299.53,309.18,1352.8,58.1,213,191.7,4.471,163.43,Overstrain Failure,1
L,298.99,310.38,1536.1,38.5,84,1916.9,2.432,160.65,No Failure,0
M,301.32,311.95,1669.7,25.39,51,293.2,2.326,145.95,No Failure,0
M,299.79,311.56,1442.5,54.69,101,457.8,2.52,138.63,No Failure,0
M,300.81,311.39,1508.2,52.57,42,2597.6,2.553,143.32,No Failure,0
M,301.02,312.87,1395.1,54.33,113,567.4,3.031,154.31,No Failure,0
M,300.7,311.0,1378.4,39.58,117,174.1,2.731,134.51,No Failure,0
M,301.12,309.75,1536.1,32.16,77,132.0,2.081,171.66,No Failure,0
H,298.29,307.66,1457.2,31.07,114,690.5,2.727,153.93,No Failure,0
L,298.17,309.19,1484.8,51.41,147,607.9,3.856,162.92,No Failure,0
M,299.91,310.91,1495.1,56.06,221,311.7,4.528,139.31,Overstrain Failure,1
M,299.96,309.65,1573.1,30.8,192,128.8,3.609,151.92,No Failure,0
L,298.96,310.76,1806.2,14.8,249,685.1,3.546,143.01,Power Failure,1
M,300.48,310.13,1599.9,39.82,143,192.9,3.519,128.33,No Failure,0
M,301.82,312.28,1599.7,30.96,64,440.2,2.187,157.28,No Failure,0
M,302.38,312.81,1604.0,32.93,17,382.1,1.316,165.21,No Failure,0
M,302.82,311.49,1604.4,37.62,50,347.9,1.81,178.6,No Failure,0
L,297.37,307.26,1341.6,44.1,90,216.8,3.069,153.6,No Failure,0
L,297.67,310.05,1584.8,32.19,117,214.1,2.953,145.06,No Failure,0
L,299.42,308.5,1539.0,41.36,143,1054.3,3.438,160.88,No Failure,0
L,300.16,310.79,1381.0,38.74,110,939.3,2.724,141.53,No Failure,0
M,299.52,308.37,1856.5,16.95,82,75.2,1.704,142.96,Power Failure,1
H,298.89,307.96,1554.7,45.45,205,1433.3,3.23,149.15,No Failure,0
M,299.39,307.98,1635.1,35.49,151,314.0,2.77,138.99,No Failure,0
L,300.97,311.91,1637.9,27.36,24,283.2,1.147,139.46,No Failure,0
L,297.34,306.47,1472.7,32.74,131,473.5,3.464,168.32,No Failure,0
L,304.69,315.95,1369.6,42.03,40,393.4,1.874,139.49,No Failure,0
M,300.04,309.51,1487.4,40.46,197,1539.2,3.413,156.92,No Failure,0
L,302.1,312.23,1511.2,46.44,51,748.8,2.07,139.97,No Failure,0
M,298.84,309.25,1513.9,44.37,131,336.1,2.474,148.21,No Failure,0
M,301.15,309.53,1747.6,28.28,20,606.7,1.019,154.29,No Failure,0
M,300.2,310.4,1708.4,10.46,235,120.6,3.845,151.39,Power Failure,1
L,301.71,312.06,1457.9,41.21,16,593.5,2.322,139.95,No Failure,0
L,299.6,310.74,1450.2,46.31,159,197.1,3.674,160.72,No Failure,0
M,303.1,312.14,1412.1,37.98,128,1306.8,2.995,151.49,No Failure,0
M,297.02,306.2,1582.3,46.61,15,854.8,1.52,129.56,No Failure,0
L,301.9,312.56,1557.6,29.98,222,560.6,4.008,160.95,No Failure,0
H,300.24,311.65,1550.5,36.54,102,1338.4,2.555,150.9,No Failure,0
M,297.96,307.37,1646.9,30.79,205,735.0,3.629,148.08,No Failure,0
L,303.9,312.67,1376.5,46.97,115,1510.7,2.98,153.11,No Failure,0
L,303.7,313.38,1597.8,30.9,48,709.9,2.133,129.82,No Failure,0
L,295.85,304.84,1334.5,60.6,71,893.6,3.016,140.26,No Failure,0
L,300.35,310.75,1627.9,34.98,35,1153.0,1.809,152.14,No Failure,0
L,301.41,310.33,1436.9,47.98,102,1150.8,3.095,138.02,No Failure,0
M,300.88,311.86,1282.0,35.11,153,174.5,2.946,158.39,No Failure,0
L,303.03,313.24,1308.9,53.38,136,334.4,3.534,134.67,No Failure,0
H,302.62,313.62,1261.1,53.0,82,341.6,2.994,148.07,No Failure,0
H,300.53,308.11,1699.3,36.76,88,798.3,1.91,166.41,No Failure,0
L,304.55,312.8,1605.3,42.75,126,471.9,2.928,139.57,No Failure,0
L,301.87,313.17,1204.5,52.74,71,134.5,1.92,150.14,No Failure,0
M,299.3,308.58,1384.7,43.04,179,317.9,2.992,139.0,No Failure,0
H,298.9,307.43,1449.0,30.79,81,292.3,2.247,131.45,No Failure,0
H,302.49,312.28,1513.9,40.7,224,2091.3,3.815,157.37,No Failure,0
L,298.41,308.66,1473.8,32.52,61,1767.8,1.984,149.38,No Failure,0
L,299.18,309.02,1464.0,41.51,46,1175.8,2.29,150.85,No Failure,0
L,299.52,309.99,1439.1,32.13,236,537.1,3.692,153.56,No Failure,0
H,300.71,311.04,1508.9,43.73,17,971.5,1.497,139.99,No Failure,0
M,299.61,309.89,1492.0,22.11,3,1027.9,0.813,135.49,Power Failure,1
M,297.37,308.71,1815.0,28.78,56,331.2,1.439,152.21,No Failure,0
M,302.32,312.31,1698.8,32.07,43,621.8,1.61,167.76,No Failure,0
L,299.19,309.15,1736.2,38.4,138,337.7,2.726,153.82,No Failure,0
M,304.04,314.84,1675.5,24.88,215,127.0,3.875,133.03,No Failure,0
L,300.61,311.16,1710.8,31.17,22,798.4,1.697,185.27,No Failure,0
M,302.53,311.63,1518.1,47.78,129,1010.3,2.742,135.17,No Failure,0
M,301.26,311.17,1337.8,48.97,81,530.8,2.844,128.02,No Failure,0
M,302.63,313.07,1669.2,14.66,194,1508.9,3.276,171.12,Power Failure,1
L,301.14,310.55,1585.1,34.13,76,1018.3,2.115,140.24,No Failure,0
H,300.47,309.93,1501.7,52.75,75,266.1,2.991,144.06,No Failure,0
M,302.19,310.8,1468.5,43.86,27,522.2,2.261,163.92,No Failure,0
L,304.97,312.09,1517.3,44.07,0,164.2,1.591,170.02,No Failure,0
L,299.46,309.09,1424.9,45.64,244,1288.2,4.142,147.82,Overstrain Failure,1
M,301.59,311.72,1539.6,30.41,106,1131.9,2.366,158.9,No Failure,0
L,299.99,308.89,1350.4,42.14,213,781.9,3.939,171.74,No Failure,0
L,301.01,312.39,1502.1,44.72,242,823.6,3.428,135.83,No Failure,0
L,300.08,309.04,1447.1,41.07,148,808.6,3.389,153.48,No Failure,0
L,295.68,306.6,1415.9,36.06,137,948.0,2.465,145.38,No Failure,0
L,299.6,310.02,1450.5,39.52,221,967.3,3.609,135.49,No Failure,0
M,302.0,314.18,1616.9,28.6,185,329.4,3.855,161.17,No Failure,0
L,298.47,309.01,1511.0,46.14,71,166.2,2.34,164.36,No Failure,0
M,301.84,310.4,1598.2,25.65,247,1142.8,3.897,157.68,No Failure,0
L,300.37,311.42,1661.4,31.84,211,1353.5,3.683,156.91,No Failure,0
L,299.62,311.31,1579.6,46.82,5,1362.3,1.905,146.69,No Failure,0
L,301.81,310.04,1451.0,42.9,169,1682.8,3.232,153.85,No Failure,0
M,301.36,312.0,1626.4,35.16,9,1634.1,1.739,156.72,No Failure,0
H,300.84,311.7,1576.9,22.88,58,1098.6,1.829,178.13,No Failure,0
L,302.03,311.82,1386.7,39.54,158,390.9,2.66,130.63,No Failure,0
L,300.41,307.98,1465.4,33.7,168,158.4,2.817,142.7,No Failure,0
L,296.71,306.41,1383.8,44.8,55,466.2,2.209,147.7,No Failure,0
L,299.24,308.66,1501.9,34.83,127,104.7,2.935,155.75,No Failure,0
H,296.39,307.92,1818.5,22.49,24,1375.8,1.663,167.86,No Failure,0
L,301.31,311.23,1563.6,26.16,124,190.0,2.63,162.27,No Failure,0
H,301.79,311.38,1500.3,35.73,64,705.4,2.166,146.5,No Failure,0
M,301.88,311.3,1505.1,41.09,232,668.4,3.914,157.73,No Failure,0
M,300.98,311.3,1474.2,28.36,198,1372.2,3.456,148.63,No Failure,0
H,301.94,311.99,1573.8,32.42,97,929.6,2.137,153.07,No Failure,0
L,296.85,306.06,1495.7,47.92,105,411.7,2.83,162.39,No Failure,0
M,299.78,310.05,1544.7,51.1,229,727.3,4.389,118.11,No Failure,0
L,297.17,306.61,1596.1,42.77,217,693.9,3.866,146.77,No Failure,0
H,299.28,306.69,1555.5,37.15,207,268.6,3.325,138.29,No Failure,0
M,303.23,313.9,1529.6,33.79,136,572.5,2.543,139.42,No Failure,0
L,302.19,312.76,1442.0,45.39,105,1238.9,3.15,142.66,No Failure,0
H,301.32,311.52,1562.0,36.84,153,762.4,3.031,127.55,No Failure,0
L,299.64,309.19,1422.2,49.2,193,545.6,3.285,165.4,No Failure,0
L,298.01,307.94,1414.0,49.73,25,785.3,1.746,180.63,No Failure,0
M,300.37,311.19,1383.1,44.1,28,202.4,1.462,152.31,No Failure,0
L,302.22,311.59,1600.2,35.02,110,1360.8,2.11,169.41,No Failure,0
H,300.82,311.68,1560.4,35.8,125,2068.5,2.855,142.15,No Failure,0
M,296.83,305.35,1563.4,23.56,45,106.9,1.547,165.99,No Failure,0
M,300.21,310.38,1638.2,39.47,15,48.7,1.372,144.46,No Failure,0
L,296.17,306.2,1525.5,39.16,125,719.3,3.205,143.14,No Failure,0
L,301.61,312.61,1482.0,26.22,49,150.5,1.728,151.97,No Failure,0
H,298.61,307.7,1395.9,63.64,36,705.1,2.44,171.79,Power Failure,1
L,297.55,306.74,1395.0,45.56,89,792.8,2.823,163.9,No Failure,0
M,301.64,310.24,1530.4,31.6,228,1006.2,3.261,167.66,No Failure,0
L,301.12,310.55,1318.8,60.54,22,699.4,1.844,132.9,No Failure,0
L,300.46,310.72,1617.4,35.04,115,22.8,2.657,136.85,No Failure,0
M,304.38,312.59,1428.4,48.3,222,1717.6,2.986,144.19,No Failure,0
M,301.27,310.83,1548.6,40.88,0,960.4,2.227,167.82,No Failure,0
M,298.71,309.32,1395.3,35.38,218,390.8,3.802,158.39,Tool Wear Failure,1
H,301.04,310.94,1427.7,36.63,196,456.6,3.457,128.62,No Failure,0
L,299.43,309.5,1387.9,54.37,1,438.6,2.039,146.7,No Failure,0
L,302.53,311.03,1364.6,48.76,103,270.6,3.001,141.98,Heat Dissipation Failure,1
L,300.56,310.46,1491.4,38.78,24,700.2,1.914,148.4,No Failure,0
M,300.76,310.79,1731.2,19.5,95,461.3,2.385,177.28,No Failure,0
L,297.12,306.95,1403.4,43.04,234,1113.2,4.35,147.71,No Failure,0
M,300.12,310.28,1533.5,27.54,209,804.4,3.962,145.25,No Failure,0
L,299.89,309.58,1466.8,45.39,0,2453.1,1.456,135.91,No Failure,0
H,297.95,307.5,1365.8,32.86,205,340.5,3.132,160.09,No Failure,0
H,299.56,308.52,1639.4,33.91,239,1234.3,3.492,148.53,No Failure,0
H,300.87,311.85,1562.8,33.62,160,385.0,3.134,139.72,No Failure,0
L,299.99,308.76,1426.7,50.21,143,511.9,2.683,157.82,No Failure,0
H,297.18,307.33,1592.8,22.34,165,205.4,2.475,145.65,No Failure,0
L,299.45,311.27,1503.0,47.38,138,547.1,3.285,147.5,No Failure,0
L,299.06,310.17,1458.1,43.42,59,289.6,2.112,137.71,No Failure,0
L,300.39,310.9,1616.2,39.27,8,2864.1,1.621,126.86,No Failure,0
L,300.17,310.42,1381.9,35.52,12,822.8,2.109,159.7,No Failure,0
M,299.18,309.05,1466.8,44.86,90,974.9,2.899,154.85,No Failure,0
L,299.1,308.2,1539.0,35.6,184,475.3,3.422,153.65,No Failure,0
L,300.13,309.88,1563.9,35.51,209,2240.9,3.283,148.26,Tool Wear Failure,1
M,301.93,312.5,1621.2,40.64,55,1326.2,2.102,143.18,No Failure,0
H,300.56,310.95,1239.7,57.2,80,893.4,2.478,151.13,No Failure,0
M,302.85,313.63,1495.5,24.87,2,474.8,1.232,158.13,No Failure,0
M,302.27,313.49,1428.2,45.01,226,1880.9,3.676,154.61,No Failure,0
L,302.99,312.83,1341.1,38.57,40,829.7,1.989,141.48,No Failure,0
H,302.74,312.93,1725.2,37.79,128,863.9,2.734,161.54,No Failure,0
L,303.13,311.23,1706.2,24.73,14,1031.3,1.147,150.64,No Failure,0
L,297.69,309.95,1687.0,22.44,209,1646.9,2.952,150.39,No Failure,0
L,301.29,310.88,1543.3,43.4,220,1604.7,4.344,143.36,No Failure,0
M,302.44,313.09,1715.9,27.31,195,347.9,3.071,144.45,No Failure,0
L,302.8,312.38,1363.4,50.16,44,809.6,2.548,152.47,No Failure,0
M,298.46,308.02,1548.8,29.84,115,707.4,2.498,133.97,No Failure,0
L,301.31,311.08,1486.7,45.51,237,829.9,4.096,145.05,No Failure,0
L,300.15,308.91,1500.7,34.24,208,1479.4,3.585,143.57,No Failure,0
L,303.69,311.21,1466.4,33.76,38,1798.8,1.753,147.52,No Failure,0
L,297.23,308.39,1525.5,30.86,215,356.0,3.551,153.31,Tool Wear Failure,1
L,298.46,309.01,1499.4,44.37,120,444.5,3.039,133.24,No Failure,0
M,296.38,305.46,1524.8,47.16,240,542.7,3.746,170.22,No Failure,0
M,300.29,310.74,1410.9,36.84,105,1507.5,2.516,149.59,No Failure,0
L,304.53,315.35,1435.6,45.91,18,1395.3,1.893,156.87,No Failure,0
M,299.91,309.22,1494.1,40.13,122,38.0,3.006,161.29,No Failure,0
L,300.2,310.61,1481.6,26.66,202,900.0,3.214,171.96,No Failure,0
L,301.1,312.11,1510.1,43.79,207,187.6,3.67,151.96,No Failure,0
L,299.77,308.33,1514.4,36.99,166,563.9,3.42,139.17,No Failure,0
L,300.73,311.27,1624.7,13.86,217,116.1,2.747,134.91,Power Failure,1
L,300.78,311.15,1487.9,36.09,175,671.3,3.594,155.44,No Failure,0
M,298.31,310.19,1683.7,23.06,144,686.3,2.431,145.81,No Failure,0
L,299.81,310.37,1686.5,27.68,231,342.2,3.966,169.66,No Failure,0
M,301.48,311.07,1550.5,37.51,67,656.7,2.583,141.42,No Failure,0
L,301.86,311.56,1677.6,39.25,9,540.2,1.555,137.95,No Failure,0
M,302.6,314.62,1667.2,31.65,234,794.8,4.059,137.24,No Failure,0
M,300.67,310.32,1507.4,45.27,188,76.8,3.463,178.16,No Failure,0
L,300.71,311.3,1445.9,38.85,193,280.8,3.277,169.26,No Failure,0
L,301.5,311.26,1635.7,35.76,93,911.2,2.548,137.87,No Failure,0
M,298.81,309.89,1427.4,40.43,128,421.5,3.139,146.02,No Failure,0
H,298.73,309.86,1470.8,52.05,150,238.9,3.039,145.34,No Failure,0
H,299.75,309.73,1452.1,18.5,161,297.8,2.246,128.99,Power Failure,1
L,297.45,307.04,1351.6,53.0,58,2007.3,2.489,148.64,No Failure,0
M,300.81,310.38,1423.5,33.83,96,154.0,2.918,158.05,No Failure,0
L,302.1,310.37,1536.6,32.21,72,341.5,2.146,150.94,No Failure,0
L,298.58,308.68,1393.6,35.98,111,732.2,3.007,146.96,No Failure,0
M,300.87,310.95,1573.5,31.13,154,703.5,3.282,145.31,No Failure,0
M,298.74,307.93,1625.3,29.6,62,630.0,2.27,145.08,No Failure,0
M,297.97,306.13,1373.7,48.47,92,361.2,2.632,152.42,Heat Dissipation Failure,1
H,304.11,314.32,1458.4,41.6,90,448.4,2.327,167.27,No Failure,0
L,298.0,308.33,1673.2,20.82,74,542.7,1.99,145.63,No Failure,0
M,297.44,307.84,1441.8,46.74,202,189.6,3.4,140.89,Tool Wear Failure,1
L,300.43,309.44,1579.0,45.28,8,1890.8,2.029,139.15,No Failure,0
L,300.54,310.93,1557.1,25.15,148,388.7,2.657,172.61,No Failure,0
L,301.33,311.16,1533.9,41.8,38,1185.0,1.963,172.3,No Failure,0
H,304.0,314.87,1473.8,46.2,122,748.9,2.88,149.53,No Failure,0
L,298.45,307.47,1485.4,23.96,152,889.1,2.559,151.46,No Failure,0
L,298.84,309.99,1485.0,42.85,117,854.2,2.657,147.05,No Failure,0
M,303.22,314.73,1546.2,33.25,101,241.5,2.582,136.67,No Failure,0
H,301.88,311.99,1412.3,45.42,149,1456.5,2.85,149.75,No Failure,0
H,301.6,312.0,1734.4,30.66,7,131.5,1.147,132.41,No Failure,0
M,298.82,309.6,1532.3,50.42,226,335.3,3.802,140.34,No Failure,0
L,302.25,311.23,1450.8,37.56,87,712.4,2.434,144.08,No Failure,0
M,301.61,311.12,1606.4,33.85,11,527.3,1.096,162.87,No Failure,0
H,300.38,310.56,1624.8,32.77,91,354.1,2.143,150.79,No Failure,0
H,298.83,310.86,1443.2,48.74,88,1370.6,1.951,138.27,No Failure,0
H,300.21,309.02,1459.0,32.77,57,953.3,1.535,163.14,No Failure,0
L,303.3,314.93,1329.5,50.6,152,808.1,3.199,148.5,No Failure,0
L,297.81,307.62,1530.4,42.13,41,568.4,2.139,138.07,No Failure,0
M,298.4,308.37,1656.5,26.14,86,947.1,2.204,157.49,No Failure,0
L,298.74,309.96,1472.2,40.26,2,1185.9,1.613,151.98,No Failure,0
L,299.18,311.2,1614.7,40.47,57,419.1,2.003,123.25,No Failure,0
L,299.97,310.39,1747.9,25.82,157,223.2,3.236,151.9,No Failure,0
M,301.92,313.08,1632.7,40.08,68,186.4,2.134,141.76,No Failure,0
H,300.92,310.0,1590.4,45.42,191,1537.1,3.174,140.09,No Failure,0
M,300.12,309.59,1408.3,51.28,125,262.8,3.485,146.18,No Failure,0
H,300.55,309.2,1293.1,50.84,58,265.9,2.125,128.03,No Failure,0
M,301.25,310.73,1279.9,63.89,66,1165.0,2.647,147.12,No Failure,0
M,296.64,307.2,1489.6,40.01,81,695.8,2.698,153.23,No Failure,0
L,302.14,312.36,1399.0,45.54,135,1987.5,2.859,140.0,No Failure,0
M,298.35,310.07,1514.2,33.94,224,489.0,4.048,146.45,Tool Wear Failure,1
L,299.11,311.17,1245.3,58.84,60,694.6,2.609,150.49,No Failure,0
L,300.68,310.54,1635.6,31.09,241,564.5,3.981,155.61,No Failure,0
L,299.85,309.17,1499.4,58.39,163,1516.3,3.665,157.38,Power Failure,1
H,300.97,312.13,1577.5,57.11,141,646.9,3.272,142.55,Power Failure,1
M,300.28,311.55,1585.1,32.15,78,561.3,2.688,146.69,No Failure,0
H,299.42,309.86,1401.6,50.36,99,602.4,3.022,131.51,No Failure,0
H,303.06,313.76,1460.1,44.57,190,40.6,3.064,142.13,No Failure,0
H,301.42,311.97,1655.5,35.88,246,130.7,3.837,165.79,No Failure,0
L,300.6,309.62,1631.9,38.64,125,315.0,3.055,138.18,No Failure,0
H,301.39,310.17,1457.1,42.65,14,741.0,1.079,164.04,No Failure,0
H,298.59,308.54,1579.5,43.61,141,968.5,2.831,136.47,No Failure,0
H,304.35,314.15,1395.0,54.94,73,1037.4,2.947,158.39,No Failure,0
L,297.82,308.1,1388.1,45.71,192,955.0,3.727,152.82,No Failure,0
L,300.23,310.1,1547.7,32.3,131,869.6,2.595,169.88,No Failure,0
H,299.43,307.72,1593.8,47.44,35,584.0,2.311,120.76,No Failure,0
L,299.35,307.24,1704.8,22.52,61,972.7,2.511,140.39,No Failure,0
L,299.09,309.83,1485.3,36.13,228,578.1,3.52,169.98,No Failure,0
L,298.46,307.79,1607.6,37.1,230,1811.3,3.472,151.18,No Failure,0
L,302.38,312.14,1511.6,46.58,94,662.3,3.187,156.53,No Failure,0
L,297.59,307.03,1330.4,57.71,131,305.6,3.567,139.83,No Failure,0
H,301.97,311.05,1415.4,42.18,84,3223.0,2.397,137.07,No Failure,0
H,301.3,310.36,1428.9,36.39,222,73.0,3.765,164.44,No Failure,0
H,299.24,310.26,1407.9,33.02,212,468.8,3.834,149.28,No Failure,0
L,301.07,310.83,1374.3,48.35,82,683.7,2.841,188.92,No Failure,0
L,299.68,310.32,1499.6,38.05,62,697.7,2.455,151.77,No Failure,0
L,297.8,308.57,1653.7,34.97,41,388.4,1.664,159.37,No Failure,0
L,297.82,308.14,1498.1,49.51,192,423.3,3.631,162.66,No Failure,0
L,301.31,312.11,1424.1,51.69,229,881.8,4.708,155.91,Overstrain Failure,1
M,301.21,311.22,1408.1,30.41,132,119.4,2.924,159.75,No Failure,0
H,300.48,311.85,1646.3,25.03,119,783.5,2.992,165.83,No Failure,0
M,299.22,310.04,1359.7,39.02,92,1592.8,2.56,149.61,No Failure,0
L,299.62,310.58,1669.8,28.6,198,564.3,3.199,143.2,No Failure,0
L,299.35,308.41,1683.3,27.23,11,1210.5,1.17,161.81,No Failure,0
L,296.51,306.77,1587.8,29.59,78,772.5,2.048,169.52,No Failure,0
L,300.12,308.29,1489.8,50.47,151,190.1,3.686,141.44,No Failure,0
M,301.04,312.45,1539.2,46.5,27,77.0,2.032,170.33,No Failure,0
L,300.14,309.51,1313.3,64.57,87,649.1,2.526,136.15,No Failure,0
M,303.54,313.05,1538.3,33.58,158,180.4,2.758,150.67,No Failure,0
H,297.99,306.62,1274.0,53.3,86,1184.3,3.428,131.69,No Failure,0
L,298.68,308.64,1428.6,44.94,65,736.5,2.096,127.77,No Failure,0
L,300.27,310.0,1454.8,34.44,180,1806.1,3.368,147.27,No Failure,0
L,300.49,312.31,1421.1,38.53,229,322.4,4.129,155.99,Tool Wear Failure,1
L,296.2,307.06,1478.9,34.39,53,249.7,1.925,148.68,No Failure,0
M,301.21,310.69,1302.8,42.59,73,952.3,1.669,172.46,No Failure,0
H,300.5,308.83,1509.2,49.87,54,1426.8,1.969,135.43,No Failure,0
H,295.76,303.48,1549.2,36.31,71,1307.0,1.951,149.96,No Failure,0
M,299.77,308.74,1536.6,48.48,229,1697.2,3.632,141.27,No Failure,0
L,298.38,307.05,1470.5,52.71,188,974.4,4.162,144.85,No Failure,0
L,299.09,309.44,1425.4,54.94,202,515.9,4.159,142.27,Overstrain Failure,1
L,297.32,307.18,1665.3,28.27,94,493.7,2.678,145.0,No Failure,0
L,300.83,310.85,1517.5,39.51,29,1395.0,1.611,148.21,No Failure,0
H,303.52,312.57,1560.7,47.09,35,1439.1,2.021,134.75,No Failure,0
L,300.53,310.68,1541.1,29.13,232,1277.0,4.01,162.37,No Failure,0
L,295.68,304.26,1603.0,26.9,59,548.9,1.398,164.59,No Failure,0
L,300.57,310.48,1477.0,39.74,26,1069.7,2.407,151.53,No Failure,0
L,299.61,310.44,1714.6,35.87,165,973.8,3.513,147.7,No Failure,0
H,297.8,307.43,1456.9,38.28,80,961.0,2.491,146.69,No Failure,0
L,300.71,311.15,1653.6,35.29,30,925.5,1.619,161.44,No Failure,0
L,301.76,309.78,1204.5,61.6,84,669.2,2.474,137.84,Heat Dissipation Failure,1
L,298.66,306.61,1546.0,35.38,174,443.8,3.449,156.59,No Failure,0
H,296.71,307.04,1436.8,45.86,84,222.6,3.014,145.51,No Failure,0
M,295.98,307.02,1366.6,45.19,236,3313.3,4.175,144.58,No Failure,0
M,298.67,308.43,1575.3,23.11,109,429.3,2.545,148.41,No Failure,0
L,299.69,311.83,1428.0,54.66,34,987.9,2.434,151.83,No Failure,0
L,298.97,307.52,1419.7,46.26,224,260.1,4.019,132.74,No Failure,0
H,298.63,307.95,1400.6,41.57,69,749.4,2.472,138.52,No Failure,0
L,301.14,311.28,1496.2,50.57,88,824.6,3.151,142.44,No Failure,0
L,300.93,311.39,1501.9,39.52,85,113.1,2.612,153.23,No Failure,0
M,300.4,309.82,1459.3,48.82,121,111.7,3.028,127.96,No Failure,0
L,301.63,310.57,1748.5,21.24,146,947.6,2.446,161.02,No Failure,0
L,298.69,309.31,1573.7,48.18,141,532.3,3.422,168.43,No Failure,0
H,297.81,307.94,1279.6,41.84,161,175.3,3.273,140.2,No Failure,0
L,298.96,308.61,1474.4,41.99,68,108.7,2.351,150.07,No Failure,0
L,298.82,309.32,1416.5,31.58,241,689.2,4.01,161.88,No Failure,0
L,295.9,305.76,1762.9,37.81,117,1561.1,2.735,148.91,No Failure,0
M,298.91,308.77,1533.4,37.52,245,866.5,4.116,146.4,No Failure,0
L,302.21,312.03,1678.7,28.61,17,822.9,1.601,160.72,No Failure,0
L,301.6,310.78,1414.9,43.58,80,816.6,2.367,164.89,No Failure,0
M,301.05,310.13,1342.2,55.73,206,212.0,4.241,143.23,No Failure,0
M,300.26,309.74,1712.6,25.79,51,34.9,1.049,142.7,No Failure,0
H,302.9,312.93,1507.1,44.9,159,372.9,3.465,155.55,No Failure,0
L,297.88,306.01,1684.6,35.8,62,229.9,1.83,142.37,No Failure,0
L,298.07,309.02,1467.8,34.64,205,245.1,3.888,137.74,No Failure,0
M,302.25,312.27,1474.4,40.75,152,1124.0,2.585,142.82,No Failure,0
M,300.06,308.99,1539.0,40.9,123,1401.3,2.689,137.81,No Failure,0
L,298.66,310.27,1545.1,41.85,67,84.1,2.427,134.4,No Failure,0
M,301.1,311.15,1628.2,28.69,230,70.1,3.632,169.22,No Failure,0
L,299.12,307.79,1293.7,50.9,203,1158.5,3.634,134.31,No Failure,0
H,298.32,309.9,1408.7,40.81,114,960.8,3.086,150.56,No Failure,0
H,298.27,309.62,1483.2,45.94,115,586.2,2.474,127.51,No Failure,0
L,300.64,309.73,1263.9,52.15,191,2445.1,3.783,168.91,No Failure,0
H,300.41,310.09,1573.9,20.79,2,1390.9,1.047,150.65,Power Failure,1
H,303.03,312.58,1452.9,46.3,195,1029.7,3.906,168.05,No Failure,0
L,299.42,307.53,1443.3,38.36,196,600.8,3.354,140.39,No Failure,0
L,299.39,309.71,1439.1,50.19,186,186.4,3.666,178.71,No Failure,0
M,302.88,313.72,1556.0,31.99,105,1499.1,2.399,135.92,No Failure,0
L,301.97,312.63,1354.2,49.35,115,244.0,2.918,156.68,No Failure,0
L,300.29,310.32,1515.6,29.45,248,881.0,3.914,120.43,No Failure,0
L,296.88,307.82,1582.8,44.02,174,1780.5,3.433,144.47,No Failure,0
H,298.38,307.24,1511.8,42.84,190,254.6,3.539,149.16,No Failure,0
L,297.89,309.71,1534.7,38.45,115,508.7,2.509,150.01,No Failure,0
M,300.07,309.3,1587.5,29.68,139,413.8,2.854,144.16,No Failure,0
L,298.98,308.32,1447.8,36.31,93,606.6,2.103,154.87,No Failure,0
L,303.21,312.63,1375.4,49.23,30,1297.4,2.197,143.7,No Failure,0
H,296.86,306.21,1168.0,54.88,201,221.0,3.903,167.35,Tool Wear Failure,1
L,297.68,307.48,1286.4,59.54,130,451.0,2.619,155.71,No Failure,0
L,300.49,310.26,1402.1,45.27,131,125.2,3.073,133.98,No Failure,0
L,301.04,311.17,1529.3,42.51,153,805.9,3.69,154.82,No Failure,0
M,294.83,304.01,1409.8,44.49,170,426.6,3.36,149.31,No Failure,0
L,296.53,306.7,1416.4,59.29,213,87.9,4.17,122.16,Overstrain Failure,1
L,299.47,308.38,1435.0,45.21,184,787.7,3.33,168.24,No Failure,0
L,302.71,313.44,1506.4,40.87,202,987.7,4.349,137.8,No Failure,0
L,303.78,314.5,1519.2,37.25,177,458.2,3.988,151.34,No Failure,0
L,299.17,309.17,1575.8,38.4,234,1171.2,4.428,154.59,No Failure,0
M,299.66,309.01,1577.6,43.86,31,461.2,2.617,150.2,No Failure,0
L,298.33,308.64,1471.3,32.49,177,357.3,2.955,159.39,No Failure,0
L,301.27,310.38,1708.5,33.74,29,203.3,1.384,160.44,No Failure,0
M,303.06,313.09,1428.0,39.36,119,3568.9,3.628,152.27,No Failure,0
M,302.51,312.36,1519.6,35.48,11,893.9,1.571,138.53,No Failure,0
L,299.94,312.57,1404.7,45.96,102,772.7,2.491,151.21,No Failure,0
L,298.32,307.1,1581.8,46.74,94,668.1,2.814,164.09,No Failure,0
L,300.02,307.35,1383.5,42.63,119,1168.6,2.507,148.42,No Failure,0
H,302.76,312.12,1525.4,44.9,210,1570.1,3.877,132.42,No Failure,0
L,299.2,307.48,1291.8,41.18,75,764.2,2.126,163.7,Heat Dissipation Failure,1
L,296.37,305.64,1865.2,3.5,27,1211.1,1.412,144.43,Power Failure,1
L,299.28,307.98,1552.9,31.24,35,1404.7,1.513,160.55,No Failure,0
L,299.44,308.54,1409.7,47.07,200,1497.7,3.386,143.39,No Failure,0
L,296.36,305.29,1504.9,31.61,64,577.1,1.79,156.14,No Failure,0
L,300.46,311.43,1425.6,48.55,93,477.5,2.802,146.82,No Failure,0
M,301.01,310.96,1395.1,49.12,173,585.4,3.327,142.52,No Failure,0
M,303.72,314.8,1387.1,37.35,221,713.9,4.021,155.86,No Failure,0
M,297.34,307.38,1476.6,34.09,19,862.5,1.662,140.48,No Failure,0
M,301.46,312.39,1571.1,40.1,192,97.6,3.706,129.1,No Failure,0
L,301.93,311.63,1467.3,39.56,97,1184.8,2.278,158.63,No Failure,0
H,301.04,312.63,1378.7,46.27,129,302.9,2.966,143.02,No Failure,0
M,297.99,308.46,1691.5,16.59,44,1399.8,1.563,153.4,Power Failure,1
H,297.87,307.09,1602.7,32.66,31,279.7,1.52,152.92,No Failure,0
M,300.19,310.81,1639.5,29.88,172,680.0,2.968,158.15,No Failure,0
L,300.18,310.21,1731.9,14.82,156,506.2,2.776,160.79,Power Failure,1
L,298.88,308.68,1648.4,35.05,83,86.6,1.822,155.83,No Failure,0
L,302.58,312.68,1624.4,25.0,90,320.3,2.066,157.42,No Failure,0
L,299.2,309.95,1509.7,36.13,131,1690.4,2.795,160.92,No Failure,0
L,296.21,304.1,1617.6,35.12,109,350.9,2.203,143.5,No Failure,0
L,299.55,309.2,1400.0,44.53,208,330.9,3.15,142.56,No Failure,0
L,300.96,311.64,1483.6,37.5,54,1692.6,2.066,157.15,No Failure,0
H,300.68,310.93,1491.9,23.09,132,885.1,2.282,129.54,No Failure,0
M,300.67,309.54,1635.5,43.47,163,310.2,2.785,134.77,No Failure,0
M,302.99,310.62,1494.1,64.2,74,560.8,2.572,129.95,Power Failure,1
L,297.77,309.47,1398.2,50.75,49,2249.1,2.38,163.28,No Failure,0
M,299.15,308.97,1514.4,46.79,149,1492.8,3.343,163.01,No Failure,0
H,303.09,314.6,1578.6,38.05,99,352.8,2.478,159.88,No Failure,0
M,296.07,306.86,1556.3,35.09,243,688.0,4.271,150.54,No Failure,0
M,299.89,309.1,1654.2,34.4,52,544.7,2.208,144.56,No Failure,0
L,302.46,309.96,1366.9,42.41,142,554.1,2.702,147.25,Heat Dissipation Failure,1
L,302.43,311.97,1574.2,28.64,105,640.0,2.243,154.56,No Failure,0
M,301.32,311.28,1294.6,42.2,86,135.4,1.864,158.33,No Failure,0
H,301.37,311.82,1462.1,33.36,142,255.0,3.292,136.63,No Failure,0
L,297.92,306.81,1490.8,22.86,192,1270.6,3.031,158.57,No Failure,0
L,302.75,312.92,1388.8,33.22,73,1344.4,2.847,162.95,No Failure,0
L,297.6,307.78,1355.3,52.51,154,654.9,3.253,159.78,No Failure,0
L,297.72,308.71,1521.8,41.38,208,492.3,3.646,132.14,No Failure,0
H,300.78,310.47,1724.3,4.47,241,519.8,3.469,158.89,Power Failure,1
M,299.01,309.46,1504.8,33.26,156,1665.8,3.557,149.06,No Failure,0
L,300.41,310.7,1361.6,49.03,39,1820.5,2.75,168.72,No Failure,0
L,300.86,311.74,1536.5,37.02,210,1497.9,3.64,148.46,No Failure,0
L,303.56,312.74,1403.7,45.24,246,719.9,4.138,163.23,Overstrain Failure,1
L,300.87,307.8,1441.0,36.05,237,490.1,3.711,167.57,No Failure,0
M,298.76,308.53,1569.2,41.84,174,996.9,3.935,159.74,No Failure,0
H,301.35,311.12,1418.7,40.35,29,433.1,2.098,143.42,No Failure,0
M,298.34,307.18,1437.2,33.54,153,671.7,2.814,155.79,No Failure,0
L,301.83,310.32,1520.9,45.71,45,657.5,2.446,140.33,No Failure,0
M,300.13,309.55,1225.9,55.32,190,601.4,4.006,143.28,No Failure,0
M,300.8,310.69,1579.9,43.85,12,359.2,1.589,163.95,No Failure,0
L,296.44,306.53,1399.3,41.04,37,778.8,1.832,150.57,No Failure,0
M,295.5,303.21,1574.7,31.57,173,444.9,2.809,148.33,No Failure,0
M,297.0,305.24,1335.4,49.38,64,90.0,2.771,169.83,Heat Dissipation Failure,1
H,303.49,314.62,1542.0,34.89,22,142.4,1.553,166.84,No Failure,0
L,297.7,307.51,1408.3,45.61,29,530.2,1.636,137.08,No Failure,0
L,301.46,311.46,1350.6,47.62,76,256.4,2.953,151.32,No Failure,0
L,298.72,307.38,1276.7,49.88,123,534.9,3.122,145.3,No Failure,0
L,299.52,309.52,1370.8,50.06,179,1311.5,2.943,147.12,No Failure,0
L,299.91,309.53,1465.2,49.7,128,460.0,3.285,162.61,No Failure,0
M,303.29,312.67,1661.2,27.44,105,854.3,1.812,158.18,No Failure,0
L,301.17,309.71,1504.1,31.41,225,1400.1,3.43,131.0,No Failure,0
L,300.77,309.9,1545.3,26.28,194,1292.9,3.396,163.54,No Failure,0
H,302.59,314.57,1599.5,25.6,110,771.7,2.534,144.54,No Failure,0
M,298.73,308.38,1378.1,55.25,249,1374.8,4.161,155.28,Overstrain Failure,1
L,302.14,312.93,1578.6,30.14,179,230.4,2.79,158.29,No Failure,0
M,301.8,311.61,1551.1,28.73,91,368.5,2.82,159.07,No Failure,0
L,301.78,311.47,1471.6,39.44,100,2199.7,3.033,143.25,No Failure,0
L,299.69,309.05,1533.8,32.54,18,771.9,1.539,155.34,No Failure,0
M,299.13,310.47,1168.0,62.62,199,881.9,4.021,160.33,Overstrain Failure,1
L,298.26,308.63,1485.4,37.27,150,533.7,2.82,148.47,No Failure,0
L,298.39,307.6,1534.8,44.45,29,478.9,1.884,144.57,No Failure,0
L,298.17,307.77,1687.8,32.2,37,375.1,1.808,137.99,No Failure,0
H,300.73,311.81,1738.8,23.38,25,942.7,1.739,171.7,No Failure,0
L,299.54,306.7,1566.4,32.71,39,909.4,1.331,135.67,No Failure,0
M,300.86,311.17,1450.4,32.82,80,988.6,2.37,138.93,No Failure,0
L,300.98,311.51,1508.7,32.75,189,732.6,3.802,152.86,No Failure,0
M,297.88,307.13,1559.4,24.0,248,274.8,3.645,138.14,No Failure,0
L,297.82,307.98,1362.3,41.36,105,312.4,2.368,171.66,No Failure,0
L,299.54,310.04,1442.2,36.63,133,428.2,3.181,135.48,No Failure,0
M,298.45,307.22,1557.8,24.58,134,1346.7,2.29,152.3,No Failure,0
M,298.24,309.08,1366.0,41.06,162,813.9,2.834,161.14,Random Failure,1
L,303.39,313.69,1523.0,47.62,171,1142.1,2.899,135.64,No Failure,0
L,296.93,306.78,1459.0,51.98,24,586.7,2.218,140.44,No Failure,0
L,304.05,314.15,1689.2,15.8,143,933.0,2.153,151.49,Power Failure,1
L,300.58,311.28,1592.8,32.69,97,174.3,1.902,142.19,No Failure,0
M,301.97,314.29,1637.2,26.29,202,451.9,3.375,155.1,No Failure,0
L,301.74,312.35,1486.2,33.48,232,360.2,3.452,147.4,No Failure,0
M,301.23,312.04,1550.8,53.89,88,2316.8,2.925,151.35,No Failure,0
L,303.32,313.52,1489.0,32.73,142,378.5,3.015,158.22,No Failure,0
L,297.84,309.74,1387.9,35.25,63,238.4,2.144,139.56,No Failure,0
L,299.69,308.22,1580.8,31.71,14,988.4,1.325,150.1,No Failure,0
L,298.29,306.56,1420.7,56.26,35,995.6,2.504,147.29,No Failure,0
L,296.61,306.76,1656.8,17.0,212,1034.1,2.818,139.15,Power Failure,1
H,298.68,309.34,1656.5,34.44,80,499.6,2.619,159.77,No Failure,0
L,303.75,311.17,1585.5,31.34,26,903.6,1.602,130.15,No Failure,0
H,299.65,309.65,1563.8,22.79,59,848.8,1.803,133.74,No Failure,0
L,303.97,313.79,1358.4,51.02,154,215.9,3.457,158.21,No Failure,0
L,304.17,314.92,1657.6,21.97,106,41.9,2.674,133.11,No Failure,0
L,305.99,316.42,1544.0,35.41,37,407.0,1.956,170.57,No Failure,0
L,303.81,312.0,1615.5,39.21,118,739.4,2.614,132.41,No Failure,0
M,304.72,313.64,1635.2,32.49,218,137.5,3.793,168.23,No Failure,0
H,300.65,309.84,1497.7,22.66,115,492.3,2.731,160.94,No Failure,0
M,300.46,311.2,1498.3,38.32,243,757.3,4.292,130.85,No Failure,0
M,300.59,310.96,1449.1,32.38,92,779.3,2.42,150.42,No Failure,0
L,300.0,309.38,1566.6,48.09,64,1973.5,2.462,133.0,No Failure,0
L,300.3,310.44,1371.1,45.16,147,995.3,3.282,140.1,No Failure,0
M,301.5,310.45,1362.6,59.44,211,88.4,4.345,144.36,Overstrain Failure,1
L,299.07,311.12,1428.4,41.1,202,1625.0,3.594,125.2,No Failure,0
L,297.24,307.82,1274.8,45.89,226,445.5,4.022,141.39,No Failure,0
H,300.73,311.51,1415.7,36.41,13,240.8,1.694,147.06,No Failure,0
H,298.61,309.99,1340.6,57.12,189,444.9,3.404,147.14,No Failure,0
M,298.82,309.84,1550.3,40.1,8,266.4,1.49,132.96,No Failure,0
L,299.71,309.75,1556.0,38.97,194,36.4,3.815,144.09,No Failure,0
H,299.26,309.07,1337.0,45.41,66,343.8,2.954,152.12,No Failure,0
L,302.22,313.51,1579.8,33.55,175,775.7,3.24,158.65,No Failure,0
L,299.67,309.69,1625.5,35.0,97,808.7,2.431,180.03,No Failure,0
L,302.32,311.57,1503.0,45.4,17,932.2,1.71,163.31,No Failure,0
H,300.41,312.38,1408.9,47.32,172,827.0,2.739,138.85,No Failure,0
H,299.82,308.89,1456.6,45.97,88,810.5,3.064,143.51,No Failure,0
M,300.32,308.58,1520.1,39.2,38,373.4,1.726,154.41,No Failure,0
L,297.42,308.41,1604.1,42.7,76,320.0,1.913,165.21,No Failure,0
L,300.68,309.94,1576.3,49.6,46,315.5,2.341,170.89,No Failure,0
L,301.7,312.13,1645.6,29.06,52,464.4,1.899,129.23,No Failure,0
H,301.98,313.8,1504.7,40.01,109,1034.9,3.33,161.86,No Failure,0
L,297.3,305.92,1730.1,10.89,114,102.1,2.303,134.52,Power Failure,1
L,296.96,306.92,1447.3,47.4,82,636.4,3.044,146.6,No Failure,0
M,298.93,310.41,1581.1,32.17,65,501.6,2.309,161.69,No Failure,0
L,302.77,313.45,1514.0,32.44,206,1290.3,3.33,139.99,No Failure,0
H,300.44,310.26,1686.9,38.78,131,1504.1,3.64,144.24,No Failure,0
L,298.45,310.84,1379.2,46.19,57,656.4,2.783,173.04,No Failure,0
H,297.09,307.0,1425.3,63.92,120,651.9,3.452,169.36,Power Failure,1
L,298.63,309.03,1426.4,24.47,249,597.1,4.115,155.5,No Failure,0
L,298.5,310.15,1543.2,31.5,1,1899.8,1.547,127.77,No Failure,0
L,301.87,312.85,1451.2,42.29,230,289.6,4.017,130.26,No Failure,0
L,302.03,313.35,1578.7,32.73,32,115.3,1.924,151.54,No Failure,0
M,297.9,307.0,1400.3,48.36,62,332.3,3.021,155.59,No Failure,0
L,301.51,312.73,1638.2,38.32,146,1205.6,3.399,153.11,No Failure,0
L,301.3,311.47,1407.4,48.85,54,822.8,2.317,137.58,No Failure,0
M,297.64,306.89,1427.2,37.52,244,251.1,4.06,149.29,No Failure,0
L,299.83,310.05,1369.5,45.45,183,630.9,3.07,162.37,No Failure,0
M,300.68,310.87,1534.0,30.43,144,1260.7,2.893,148.04,No Failure,0
M,300.33,312.19,1410.2,59.37,97,1051.7,3.146,139.04,No Failure,0
L,296.58,306.96,1717.5,23.0,232,127.4,3.706,151.0,No Failure,0
M,300.26,309.48,1448.4,32.92,89,1000.5,2.412,155.71,No Failure,0
L,301.27,310.26,1541.6,25.8,248,1195.6,3.598,145.66,No Failure,0
L,303.16,313.11,1340.1,48.0,247,466.9,4.504,153.66,Overstrain Failure,1
L,298.66,307.32,1431.1,45.4,171,563.8,3.726,147.82,No Failure,0
H,298.91,308.19,1684.0,27.82,174,596.5,3.123,132.65,No Failure,0
M,299.58,309.34,1435.7,49.97,147,2282.7,3.297,146.04,No Failure,0
M,300.58,310.16,1605.4,33.01,237,901.9,3.824,162.07,Tool Wear Failure,1
H,300.19,310.92,1536.2,43.87,144,663.0,3.213,145.29,No Failure,0
L,301.21,310.47,1397.4,46.22,236,727.6,4.244,174.26,No Failure,0
H,297.75,305.28,1404.3,37.55,50,112.3,1.555,127.55,No Failure,0
M,300.79,309.11,1374.3,49.1,107,1038.7,2.711,155.08,Heat Dissipation Failure,1
H,298.52,308.5,1585.5,38.56,41,1680.0,1.599,157.13,No Failure,0
H,299.71,309.13,1527.2,43.39,1,1620.7,1.514,136.7,No Failure,0
H,303.42,312.18,1529.0,37.26,74,353.3,2.652,149.39,No Failure,0
L,297.2,309.16,1734.9,21.32,234,895.6,3.269,123.42,No Failure,0
M,299.44,310.27,1523.0,38.76,82,148.8,1.916,150.63,No Failure,0
H,297.45,307.39,1540.0,31.26,205,1129.8,3.075,144.67,No Failure,0
M,300.31,310.54,1247.4,53.92,69,272.7,2.649,154.25,No Failure,0
L,302.1,311.83,1723.6,26.36,170,1322.9,3.242,156.92,No Failure,0
H,300.34,309.09,1393.4,52.25,48,915.9,2.332,147.56,No Failure,0
L,299.77,310.8,1473.7,38.21,120,109.1,2.138,136.09,No Failure,0
L,302.66,313.51,1458.3,44.06,188,1249.4,3.348,133.67,No Failure,0
M,300.66,308.68,1745.3,26.2,221,69.4,4.025,136.36,No Failure,0
L,301.64,311.87,1614.0,36.91,93,314.9,2.497,153.63,No Failure,0
M,301.43,311.77,1520.8,33.35,145,172.1,2.291,153.36,No Failure,0
L,294.25,303.93,1374.0,61.03,145,2471.5,3.222,122.97,No Failure,0
M,299.85,311.94,1665.6,33.11,111,893.9,1.946,171.81,No Failure,0
H,297.84,309.83,1439.0,51.53,99,688.4,2.674,153.55,No Failure,0
L,298.34,307.96,1417.5,51.67,232,485.6,4.187,144.03,Overstrain Failure,1
M,302.95,312.73,1220.7,51.39,109,2909.9,2.869,140.94,No Failure,0
L,299.25,308.91,1659.6,34.06,184,606.8,3.203,144.69,No Failure,0
H,303.79,313.17,1263.1,58.05,106,2818.4,3.646,164.25,No Failure,0
H,297.18,306.26,1170.7,60.12,133,664.9,3.399,159.6,No Failure,0
L,297.83,308.34,1308.2,43.67,143,1532.5,2.997,148.72,No Failure,0
M,301.52,313.49,1460.3,35.35,48,1698.3,2.219,162.08,No Failure,0
M,299.32,310.87,1612.6,31.39,57,364.9,2.233,159.32,No Failure,0
M,300.61,311.4,1566.7,44.72,170,898.3,3.518,147.61,No Failure,0
M,299.78,307.37,1525.6,40.65,245,1449.4,4.886,163.13,No Failure,0
L,299.71,307.85,1641.6,41.83,169,84.1,3.102,165.35,No Failure,0
M,299.39,310.46,1571.5,26.52,150,1206.2,3.21,164.04,No Failure,0
L,300.36,311.98,1476.5,40.33,249,1065.6,4.447,156.66,No Failure,0
L,301.28,311.84,1240.5,51.44,173,1009.9,3.123,156.22,No Failure,0
H,303.23,312.92,1383.0,48.15,221,328.7,4.137,139.55,No Failure,0
L,299.59,310.95,1349.3,35.86,86,68.4,2.089,126.7,No Failure,0
M,299.21,309.97,1388.0,38.91,203,461.1,3.632,153.18,No Failure,0
L,298.96,310.09,1674.2,25.32,215,467.8,3.829,147.18,No Failure,0
H,302.94,311.08,1401.4,33.35,205,1059.8,3.56,145.32,No Failure,0
M,301.38,311.72,1384.3,36.6,91,380.5,1.785,133.27,No Failure,0
L,296.2,307.98,1291.1,46.33,185,1132.3,3.814,158.9,No Failure,0
L,296.11,306.64,1626.4,32.94,208,78.7,3.068,147.78,No Failure,0
L,298.34,309.29,1730.4,29.64,148,1221.4,2.731,137.58,No Failure,0
H,300.46,310.5,1432.7,47.58,56,433.3,2.682,141.8,No Failure,0
M,299.93,310.04,1618.7,35.77,46,832.2,1.625,136.96,No Failure,0
L,301.03,312.43,1462.3,31.61,209,241.8,3.671,146.16,No Failure,0
M,299.65,308.98,1545.7,48.12,45,995.7,1.995,149.82,No Failure,0
L,302.79,312.03,1398.9,44.59,237,721.5,3.384,155.73,No Failure,0
L,301.54,311.07,1576.7,37.93,148,934.9,2.819,128.04,No Failure,0
L,300.16,310.18,1525.7,36.49,50,2168.3,1.829,151.62,No Failure,0
L,302.29,310.68,1297.0,43.8,52,438.1,1.808,131.37,Heat Dissipation Failure,1
M,296.7,307.43,1377.2,45.39,8,235.8,1.794,144.85,No Failure,0
H,299.83,309.67,1498.7,42.09,148,807.4,3.144,154.97,No Failure,0
H,300.28,311.13,1323.9,41.21,205,384.3,3.545,147.2,No Failure,0
H,301.2,309.09,1575.2,33.93,184,593.6,3.198,125.24,No Failure,0
L,296.57,307.43,1416.3,34.53,145,624.5,3.144,144.27,No Failure,0
L,299.48,310.82,1562.4,38.28,147,2591.6,2.621,168.72,No Failure,0
M,300.8,311.24,1454.4,30.39,61,506.2,2.382,162.32,No Failure,0
H,300.95,310.98,1626.1,29.22,205,1359.2,3.243,179.28,No Failure,0
M,302.37,313.24,1580.7,39.1,133,84.6,2.804,150.77,No Failure,0
L,301.52,312.79,1405.7,49.89,208,476.6,3.596,141.27,No Failure,0
M,299.88,310.4,1658.6,19.27,245,654.5,3.279,145.12,Power Failure,1
M,301.35,311.95,1665.0,36.09,219,522.9,4.018,151.9,No Failure,0
H,299.6,311.25,1407.7,42.73,235,623.1,3.753,146.34,No Failure,0
M,300.29,311.05,1366.1,50.72,187,319.5,3.841,158.41,No Failure,0
L,301.59,310.79,1413.7,58.0,76,1300.6,2.843,156.47,No Failure,0
L,299.91,311.18,1558.6,37.42,71,358.9,2.183,132.7,No Failure,0
L,300.72,310.6,1320.3,59.73,172,265.1,4.053,160.4,No Failure,0
L,301.92,311.96,1354.2,44.56,60,786.3,2.321,151.96,No Failure,0
H,301.42,311.53,1522.5,48.14,127,945.4,2.373,168.96,No Failure,0
M,302.47,313.44,1473.8,29.35,173,644.7,2.923,162.13,No Failure,0
L,304.66,316.41,1668.8,44.53,71,239.4,3.239,163.34,No Failure,0
L,301.41,311.43,1320.4,49.01,26,1420.9,2.054,149.06,No Failure,0
M,299.08,310.81,1455.7,33.11,35,703.2,1.787,134.26,No Failure,0
M,301.02,311.19,1739.2,13.94,174,613.3,3.126,165.79,Power Failure,1
L,300.94,312.34,1537.5,41.49,31,663.1,2.378,159.03,No Failure,0
H,301.23,311.43,1429.5,37.85,197,1899.2,3.242,170.37,No Failure,0
L,302.99,312.5,1544.8,53.44,6,278.6,1.934,144.32,No Failure,0
L,296.63,308.55,1572.7,34.62,191,1309.4,3.402,154.24,No Failure,0
L,303.03,312.44,1534.1,32.95,159,218.6,2.609,150.72,No Failure,0
M,303.7,313.05,1628.5,28.29,65,957.6,1.952,142.37,No Failure,0
M,301.14,309.88,1659.4,33.7,67,231.8,2.21,130.32,No Failure,0
H,301.18,312.45,1431.5,66.67,131,1575.3,3.383,146.11,Power Failure,1
L,299.52,311.02,1644.3,24.13,146,951.8,3.355,140.58,No Failure,0
H,300.01,310.39,1492.2,26.65,209,95.7,3.659,165.17,No Failure,0
M,301.4,310.41,1391.1,39.46,189,1021.5,3.583,154.38,No Failure,0
L,301.27,311.26,1214.7,59.75,129,700.7,3.294,144.18,No Failure,0
L,301.44,311.14,1382.9,47.42,1,139.2,1.989,164.43,No Failure,0
L,301.25,310.22,1379.2,55.52,230,2172.1,4.14,160.9,Overstrain Failure,1
H,301.8,311.31,1550.1,36.15,110,696.3,2.15,152.11,No Failure,0
L,301.57,312.08,1712.6,26.1,212,781.4,3.068,150.15,No Failure,0
L,297.95,307.35,1349.3,35.51,67,588.8,2.257,138.81,No Failure,0
M,301.66,311.96,1509.0,38.75,91,821.7,2.874,152.82,No Failure,0
H,303.72,311.94,1540.6,40.11,153,288.7,3.0,148.44,No Failure,0
M,299.95,311.63,1264.4,37.86,182,238.5,3.654,164.57,No Failure,0
M,303.0,312.61,1493.6,45.91,35,722.2,2.207,155.78,No Failure,0
L,298.17,309.04,1802.7,32.88,198,150.1,3.794,146.55,No Failure,0
H,299.94,310.13,1643.8,30.73,142,497.1,2.494,165.98,No Failure,0
L,298.72,309.12,1624.1,27.95,203,264.3,3.039,143.54,No Failure,0
L,302.76,311.63,1459.0,42.05,146,358.3,3.642,145.26,No Failure,0
H,303.28,312.52,1512.5,41.06,137,1502.1,2.464,151.76,No Failure,0
L,299.8,309.06,1551.0,50.91,159,854.3,3.525,158.11,No Failure,0
L,302.34,312.37,1345.0,55.47,126,1653.2,3.652,155.54,No Failure,0
M,303.3,314.63,1704.0,27.93,25,399.3,1.737,172.45,No Failure,0
L,299.93,310.37,1539.9,40.24,84,1146.0,2.879,157.63,No Failure,0
L,300.26,309.36,1662.8,37.95,244,1355.1,4.407,128.98,No Failure,0
M,301.47,311.55,1721.0,24.63,63,155.4,2.175,153.16,No Failure,0
M,298.31,308.23,1559.3,34.72,109,397.9,2.697,151.67,No Failure,0
M,300.22,309.87,1385.9,55.67,54,1054.0,2.111,140.03,No Failure,0
L,304.29,314.27,1522.4,33.67,114,471.0,2.176,148.36,No Failure,0
M,299.0,309.76,1651.8,32.01,194,273.2,3.314,134.84,No Failure,0
H,301.71,310.99,1451.0,39.48,179,2661.8,2.817,153.86,No Failure,0
L,301.05,310.7,1437.3,49.12,25,105.9,2.214,149.1,No Failure,0
L,299.67,310.65,1507.0,36.95,231,321.6,4.583,138.77,No Failure,0
L,300.44,310.91,1369.1,41.28,158,474.0,3.219,144.64,No Failure,0
M,303.51,314.78,1702.6,17.15,171,617.8,2.966,164.87,Power Failure,1
L,301.11,312.54,1316.9,45.72,192,582.2,3.269,151.69,No Failure,0
M,301.42,310.06,1442.0,42.21,166,497.8,3.264,146.76,No Failure,0
H,303.2,313.49,1489.3,48.85,218,441.8,3.977,141.8,No Failure,0
L,299.42,308.91,1664.6,21.32,173,418.8,2.882,157.6,No Failure,0
M,297.91,306.71,1538.0,36.98,247,890.9,4.133,160.23,No Failure,0
L,303.54,312.75,1345.0,49.64,169,583.0,3.281,159.13,No Failure,0
L,300.27,309.97,1639.0,34.43,209,184.4,3.616,158.07,No Failure,0
M,301.79,311.49,1416.2,40.51,135,565.3,3.105,162.94,No Failure,0
L,298.48,307.87,1596.3,35.9,82,767.1,2.76,146.34,No Failure,0
H,300.78,310.76,1647.7,36.15,128,3185.8,2.83,141.65,No Failure,0
M,297.81,310.25,1268.9,51.67,38,463.7,2.031,154.64,No Failure,0
L,300.13,308.4,1577.3,25.77,119,1112.8,2.46,151.73,No Failure,0
L,298.7,309.84,1459.2,39.5,181,1289.8,3.54,147.41,No Failure,0
L,298.24,308.23,1504.4,42.52,190,486.7,3.271,151.02,No Failure,0
H,299.39,308.96,1340.0,49.38,98,1360.1,2.547,174.3,No Failure,0
M,295.41,303.4,1404.9,38.78,116,1134.1,2.773,154.54,No Failure,0
L,297.68,308.44,1417.7,49.69,143,1217.0,2.606,159.31,No Failure,0
M,301.56,310.12,1453.9,39.45,34,348.4,1.887,133.08,No Failure,0
M,300.7,311.52,1477.3,41.2,156,2593.7,3.047,164.56,No Failure,0
M,297.85,309.59,1573.8,40.81,122,1113.7,3.011,151.02,No Failure,0
L,301.1,309.81,1302.0,46.55,186,267.0,3.323,152.11,No Failure,0
L,298.24,309.41,1446.4,45.42,159,489.2,3.163,147.44,No Failure,0
L,301.44,311.47,1535.9,28.87,43,821.4,1.793,135.93,No Failure,0
L,299.77,307.67,1484.8,42.17,141,836.0,2.837,131.61,No Failure,0
L,299.35,308.14,1403.9,45.41,84,1103.6,2.245,140.66,No Failure,0
L,299.82,310.0,1276.8,54.62,154,978.2,3.229,192.34,No Failure,0
L,305.12,315.52,1616.1,29.91,157,377.9,2.324,168.52,No Failure,0
L,298.48,306.9,1706.4,45.38,95,1499.5,2.352,151.98,No Failure,0
L,300.45,310.48,1518.8,36.52,153,1571.5,3.236,154.88,No Failure,0
H,301.56,312.39,1419.3,41.92,43,1028.4,1.6,168.22,No Failure,0
M,298.08,309.07,1520.3,29.27,94,1244.5,1.993,152.82,No Failure,0
L,296.81,306.4,1585.2,39.87,180,507.7,3.305,127.33,No Failure,0
M,298.8,309.24,1395.6,43.19,129,402.4,3.158,165.45,No Failure,0
L,301.52,312.59,1694.6,30.3,9,488.0,1.107,150.83,No Failure,0
H,299.32,310.17,1236.8,54.49,113,1775.3,2.813,152.82,No Failure,0
M,299.54,310.43,1640.8,24.56,63,528.0,2.321,149.76,No Failure,0
L,301.82,311.94,1516.7,45.38,223,738.5,3.978,147.52,Tool Wear Failure,1
H,298.39,308.29,1762.9,15.72,233,430.0,3.638,159.72,Power Failure,1
H,299.82,310.09,1582.7,37.45,17,175.6,1.392,151.92,No Failure,0
H,296.97,306.21,1485.6,44.8,92,358.6,2.414,152.87,No Failure,0
L,300.64,311.75,1546.8,47.13,146,573.4,3.501,139.93,No Failure,0
L,300.46,308.93,1419.2,38.95,83,902.2,2.507,178.04,No Failure,0
M,301.59,311.09,1461.4,37.58,182,1189.7,3.541,165.97,No Failure,0
L,297.71,307.67,1418.3,45.67,31,171.9,2.226,162.34,No Failure,0
M,299.62,310.09,1557.5,49.51,211,855.1,4.15,169.36,No Failure,0
M,297.44,308.1,1431.6,53.8,62,214.6,2.373,151.98,No Failure,0
L,299.51,311.0,1664.6,27.09,59,288.8,1.599,162.48,No Failure,0
L,302.96,313.04,1499.9,37.99,84,1074.2,2.184,160.4,No Failure,0
L,299.36,308.64,1749.0,18.06,233,273.4,3.36,151.93,Power Failure,1
L,297.27,307.12,1469.7,26.32,69,611.6,1.334,149.37,No Failure,0
M,298.64,308.32,1519.5,32.96,63,397.7,2.227,150.07,No Failure,0
M,296.78,307.3,1411.2,48.65,62,1084.6,2.65,152.6,No Failure,0
L,297.41,306.34,1495.8,35.19,37,918.0,1.9,134.68,No Failure,0
M,301.34,311.17,1494.2,37.11,232,852.7,3.656,158.02,No Failure,0
M,297.11,308.73,1525.2,43.0,164,306.8,3.323,164.54,No Failure,0
M,300.62,310.8,1575.1,33.29,140,732.3,2.349,143.57,No Failure,0
L,300.05,309.0,1767.0,20.05,34,959.8,0.997,144.24,No Failure,0
M,298.94,308.6,1371.9,32.54,12,526.4,2.073,142.19,No Failure,0
M,300.45,308.22,1643.6,38.79,76,297.4,1.716,146.03,No Failure,0
L,298.12,308.07,1404.0,44.68,232,627.1,4.253,136.53,No Failure,0
M,301.68,313.33,1634.9,37.94,132,624.1,3.287,144.91,No Failure,0
H,298.6,307.42,1426.3,44.52,202,1651.5,3.694,162.57,No Failure,0
L,299.23,307.77,1459.3,49.25,75,704.6,2.504,137.39,No Failure,0
M,298.99,308.34,1313.4,51.21,25,514.2,2.116,147.83,No Failure,0
H,301.38,312.3,1376.8,41.72,56,615.1,1.539,159.06,No Failure,0
H,301.09,312.79,1643.3,28.63,58,416.5,1.753,154.78,No Failure,0
L,294.76,305.2,1359.8,27.55,150,364.1,3.268,157.28,No Failure,0
M,300.51,309.22,1482.8,28.48,48,511.1,1.875,156.66,No Failure,0
H,296.51,306.49,1655.0,29.25,244,555.1,3.767,152.6,No Failure,0
M,299.32,311.11,1454.8,40.99,172,483.1,3.351,136.63,No Failure,0
L,299.78,309.47,1269.6,58.87,101,370.3,2.767,151.24,No Failure,0
L,299.3,309.44,1620.1,42.12,150,1781.4,2.761,142.68,No Failure,0
M,301.0,311.24,1675.4,39.16,178,395.9,3.633,160.23,No Failure,0
L,301.44,309.89,1423.1,49.62,191,1452.6,3.411,142.41,No Failure,0
L,298.45,309.45,1680.9,31.71,4,526.1,2.132,162.3,No Failure,0
L,298.38,309.23,1553.2,50.42,126,342.8,2.967,151.49,No Failure,0
M,299.93,307.93,1421.1,49.68,98,442.6,2.872,156.09,No Failure,0
L,296.91,305.58,1449.2,40.59,75,158.9,2.853,158.03,No Failure,0
H,299.05,308.08,1340.5,60.94,161,765.9,3.76,166.76,No Failure,0
M,302.7,313.44,1279.9,51.15,60,1221.1,1.998,161.06,No Failure,0
H,296.99,306.24,1547.5,40.45,63,842.8,2.051,146.07,No Failure,0
H,299.32,309.72,1481.8,38.56,165,684.6,2.696,159.05,No Failure,0
L,298.82,308.63,1539.6,35.68,16,2810.8,1.601,156.03,No Failure,0
M,304.01,314.08,1514.2,38.69,93,319.2,2.181,161.77,No Failure,0
L,298.92,309.42,1431.9,38.98,188,1345.7,3.379,152.33,No Failure,0
H,299.04,309.31,1522.3,36.81,100,889.2,2.938,169.19,No Failure,0
L,297.94,307.92,1394.8,37.86,73,183.3,2.786,153.45,No Failure,0
M,300.02,310.35,1552.0,28.08,52,379.4,1.34,132.61,No Failure,0
H,300.54,310.76,1445.3,34.32,122,316.6,2.16,152.44,No Failure,0
L,298.23,308.02,1548.9,24.03,196,1041.2,3.249,141.26,No Failure,0
H,301.98,311.55,1263.7,44.14,22,704.7,1.828,146.41,No Failure,0
L,300.54,312.42,1455.0,40.8,152,559.6,2.715,150.12,No Failure,0
L,301.7,311.26,1553.5,38.77,196,449.0,3.449,157.25,No Failure,0
L,299.34,310.71,1445.1,48.86,55,85.8,2.302,146.69,No Failure,0
L,300.49,309.8,1666.6,31.36,171,1001.0,3.018,169.33,No Failure,0
M,299.57,310.38,1471.1,32.89,104,2171.9,2.851,152.21,No Failure,0
H,302.92,314.7,1575.4,25.19,4,1462.0,1.646,148.43,No Failure,0
L,300.23,309.9,1500.7,50.23,176,664.1,3.503,163.19,No Failure,0
M,300.02,309.35,1443.8,46.06,179,1399.4,3.869,154.72,No Failure,0
H,299.08,308.65,1410.3,53.3,172,949.8,3.836,134.09,No Failure,0
M,298.97,308.95,1563.7,55.83,20,1828.7,2.129,137.95,Power Failure,1
L,300.48,310.8,1511.1,35.76,112,139.2,1.837,171.94,No Failure,0
H,301.64,311.6,1513.3,32.89,43,599.7,1.436,151.2,No Failure,0
L,298.63,308.21,1554.3,22.05,163,1948.3,2.723,150.61,No Failure,0
M,300.25,312.21,1561.8,29.02,112,224.6,2.622,166.36,No Failure,0
M,300.37,310.17,1618.0,36.75,155,664.7,2.659,151.08,No Failure,0
M,300.72,310.1,1716.5,19.39,219,528.8,3.685,146.95,Power Failure,1
L,296.59,307.42,1715.1,29.23,21,340.2,2.012,151.37,No Failure,0
L,298.15,309.0,1539.1,39.17,60,1851.7,2.301,147.01,No Failure,0
M,297.27,308.68,1226.9,48.93,145,341.1,3.36,150.1,No Failure,0
L,300.07,311.99,1614.0,32.83,231,531.3,3.967,152.45,No Failure,0
L,298.2,308.54,1499.1,41.28,12,541.3,1.845,156.29,No Failure,0
M,299.01,308.72,1351.1,58.64,209,469.5,4.064,148.48,Overstrain Failure,1
M,297.61,305.71,1754.1,21.94,199,465.9,3.166,150.58,No Failure,0
L,299.19,308.26,1388.4,50.86,48,268.7,2.555,151.6,No Failure,0
L,297.75,307.96,1521.7,43.81,206,428.2,3.983,179.71,No Failure,0
H,301.52,310.33,1301.8,52.67,146,1796.2,2.874,156.49,No Failure,0
L,300.96,309.37,1286.0,49.67,13,697.5,1.893,119.94,Heat Dissipation Failure,1
L,300.3,310.37,1499.2,33.37,12,608.2,1.716,149.02,No Failure,0
L,299.4,310.17,1471.6,40.02,82,1236.2,1.953,135.52,No Failure,0
L,295.92,305.68,1666.2,25.39,133,475.4,2.809,146.79,No Failure,0
H,299.08,309.98,1443.1,34.77,195,126.2,3.372,147.26,No Failure,0
L,298.48,309.09,1633.3,40.29,24,1128.3,2.417,131.6,No Failure,0
L,300.49,311.64,1388.8,43.04,165,254.4,3.514,172.43,No Failure,0
M,301.24,313.41,1428.9,47.89,167,444.3,3.442,152.26,No Failure,0
L,300.65,313.26,1374.4,55.83,96,160.0,2.996,162.89,No Failure,0
L,302.53,313.26,1561.8,35.64,66,305.1,2.193,142.35,No Failure,0
H,298.86,308.4,1449.0,51.45,65,304.8,1.996,150.02,No Failure,0
M,298.78,308.84,1682.2,42.67,112,766.8,2.74,159.08,No Failure,0
L,302.08,313.65,1550.4,26.93,73,131.3,1.556,135.77,No Failure,0
L,300.33,309.44,1540.2,38.5,142,1247.7,2.879,181.57,No Failure,0
L,299.51,310.95,1483.2,41.16,30,475.4,1.951,165.12,No Failure,0
L,303.69,313.52,1655.4,31.63,175,514.5,2.796,152.95,No Failure,0
M,301.16,311.38,1623.6,29.59,249,595.6,3.843,143.31,No Failure,0
M,299.62,308.81,1605.7,29.26,55,173.8,2.366,152.99,No Failure,0
M,298.63,307.3,1409.0,34.56,169,972.4,3.002,124.47,No Failure,0
H,302.65,312.37,1528.4,31.35,181,940.5,2.936,154.91,No Failure,0
L,300.41,311.72,1313.7,52.3,137,935.3,3.532,168.25,No Failure,0
H,300.05,309.35,1655.8,15.49,75,222.1,1.911,133.08,Power Failure,1
M,301.35,312.97,1416.8,41.11,246,239.2,4.058,143.49,No Failure,0
L,301.76,311.19,1411.1,45.28,156,660.4,3.412,139.67,No Failure,0
H,301.1,310.03,1540.0,30.37,92,404.0,2.363,164.14,No Failure,0
L,301.77,312.02,1483.1,37.68,66,526.2,1.969,156.58,No Failure,0
M,300.9,311.58,1500.9,36.58,217,441.7,3.342,143.29,No Failure,0
M,301.11,311.3,1422.7,39.23,180,1718.6,3.909,150.07,No Failure,0
L,298.54,308.69,1450.3,46.63,222,946.6,4.08,152.31,No Failure,0
H,303.62,315.22,1373.0,45.73,186,293.7,4.031,136.28,No Failure,0
L,297.53,307.63,1494.1,34.0,30,541.0,1.694,137.4,No Failure,0
H,300.62,310.15,1615.8,24.96,195,257.5,3.608,144.48,No Failure,0
L,297.33,306.19,1254.5,41.65,247,421.8,3.854,139.65,No Failure,0
L,299.8,311.08,1776.8,33.43,5,479.6,1.032,148.8,No Failure,0
L,298.86,308.43,1589.4,34.72,187,359.7,3.493,140.61,No Failure,0
H,300.27,309.94,1510.9,42.23,196,627.6,3.873,152.11,No Failure,0
L,300.68,311.74,1487.8,35.65,86,844.1,2.676,149.4,No Failure,0
H,298.09,310.14,1483.9,43.07,216,477.8,3.936,157.79,No Failure,0
L,299.94,310.19,1190.1,65.13,100,246.7,2.886,153.53,No Failure,0
L,302.79,312.65,1489.3,46.86,106,536.2,2.9,127.32,No Failure,0
L,297.38,307.37,1240.9,53.45,17,577.6,2.137,144.85,No Failure,0
L,298.29,307.84,1344.9,45.11,93,2115.4,2.598,156.15,No Failure,0
H,301.72,311.37,1429.9,40.77,196,859.1,3.427,165.02,No Failure,0
L,300.16,309.8,1593.8,45.26,137,118.5,2.724,164.41,No Failure,0
M,300.3,311.21,1362.6,44.77,76,610.8,2.504,165.82,No Failure,0
M,302.04,311.96,1461.0,48.63,181,1210.2,3.642,151.68,No Failure,0
M,298.41,309.77,1309.6,40.59,85,814.1,2.009,163.73,No Failure,0
M,298.96,308.85,1606.9,26.92,96,639.5,2.869,172.78,No Failure,0
H,298.71,308.35,1773.6,25.32,129,319.2,2.154,160.35,No Failure,0
M,299.3,310.58,1508.1,44.61,22,820.4,1.697,154.1,No Failure,0
M,302.68,312.7,1403.5,28.74,126,430.2,2.697,156.98,No Failure,0
M,296.6,306.47,1449.0,46.86,180,867.9,3.639,127.39,No Failure,0
M,297.61,307.65,1351.1,53.39,51,1103.0,2.118,144.84,No Failure,0
L,297.27,308.74,1628.0,37.79,139,1341.8,2.65,119.0,No Failure,0
M,302.8,313.11,1394.1,52.11,2,1111.7,1.817,149.32,No Failure,0
L,298.77,310.02,1349.7,42.59,205,713.5,3.679,139.82,No Failure,0
M,299.35,309.11,1485.7,40.26,178,204.9,3.8,130.91,No Failure,0
H,296.77,307.86,1431.5,40.73,180,273.3,3.077,155.57,No Failure,0
H,299.48,309.71,1372.0,31.69,109,554.2,2.531,141.68,No Failure,0
H,301.73,312.62,1561.0,30.41,147,1003.3,2.817,148.11,No Failure,0
M,300.51,311.47,1631.9,23.56,179,636.5,3.161,155.02,No Failure,0
M,299.78,308.84,1593.0,32.67,90,805.9,2.257,132.25,No Failure,0
L,296.87,306.94,1420.4,61.39,96,1256.2,3.291,158.74,Power Failure,1
L,299.34,310.3,1594.2,25.07,81,852.0,2.3,150.71,No Failure,0
L,300.29,311.41,1459.0,28.23,92,445.8,2.663,156.17,No Failure,0
L,298.02,309.27,1489.1,31.94,170,1897.2,3.162,140.75,No Failure,0
H,301.31,311.41,1559.0,32.41,226,989.8,3.69,162.9,No Failure,0
H,301.77,313.31,1587.8,42.69,56,1060.2,2.08,150.3,No Failure,0
M,298.94,308.29,1549.3,33.88,67,778.4,1.687,152.19,No Failure,0
L,301.45,309.96,1504.0,38.01,11,1607.9,1.769,145.27,No Failure,0
M,299.78,309.5,1546.7,31.5,95,1887.5,2.5,132.68,No Failure,0
L,302.29,313.49,1537.3,35.25,198,980.7,3.638,150.96,No Failure,0
H,304.07,312.98,1676.7,39.4,88,1385.9,2.336,157.35,No Failure,0
H,297.81,306.34,1503.2,38.65,1,539.3,1.22,147.9,No Failure,0
L,301.54,309.82,1317.8,59.81,48,1322.0,2.218,138.67,Heat Dissipation Failure,1
L,302.61,313.35,1505.7,39.72,53,1162.3,2.178,145.06,No Failure,0
L,298.06,306.61,1455.9,37.9,50,225.5,2.376,156.63,No Failure,0
L,298.85,309.4,1559.2,15.03,206,1092.1,2.672,159.92,Power Failure,1
L,298.83,308.5,1324.2,42.4,236,88.3,4.479,161.36,No Failure,0
L,299.73,308.96,1592.6,20.25,112,244.0,1.678,161.94,Power Failure,1
L,299.29,308.29,1562.2,45.52,23,1224.9,2.478,137.37,No Failure,0
L,299.6,309.81,1593.6,41.42,239,158.1,3.693,155.12,Tool Wear Failure,1
L,301.68,310.92,1335.7,47.98,177,262.1,3.954,152.46,No Failure,0
M,296.21,306.2,1536.5,33.66,205,1152.1,3.376,145.96,No Failure,0
L,298.05,308.45,1509.7,40.27,28,691.6,2.296,128.49,No Failure,0
H,301.34,311.95,1380.7,46.76,35,308.4,1.378,145.13,No Failure,0
L,301.11,312.04,1692.1,30.7,39,532.3,1.967,171.16,No Failure,0
L,297.88,308.05,1519.8,46.1,249,832.4,4.507,154.13,Overstrain Failure,1
L,301.12,310.07,1487.3,45.64,183,497.1,3.623,147.7,No Failure,0
M,302.65,313.12,1517.0,38.65,208,2505.4,3.819,139.51,No Failure,0
L,299.9,310.56,1233.0,55.79,157,1555.2,3.788,157.79,No Failure,0
M,297.98,307.8,1580.9,45.16,88,230.8,2.631,169.72,No Failure,0
L,301.75,311.46,1686.2,23.26,88,1325.8,2.0,157.24,No Failure,0
H,303.45,315.92,1457.7,49.89,24,676.7,1.636,135.69,No Failure,0
L,298.23,306.93,1486.2,33.42,61,1452.7,2.351,138.5,No Failure,0
L,300.08,310.57,1377.6,47.98,161,1184.3,3.691,136.18,No Failure,0
H,302.18,313.23,1520.9,42.96,104,235.0,2.901,175.38,No Failure,0
L,300.23,309.89,1810.5,13.58,135,657.8,2.646,153.21,Power Failure,1
L,296.51,306.34,1606.8,46.05,218,417.9,3.972,158.68,No Failure,0
H,300.89,310.49,1451.5,37.78,31,647.8,1.726,154.47,No Failure,0
L,298.04,308.04,1522.5,35.41,181,501.0,3.656,155.21,No Failure,0
L,297.46,308.36,1345.3,35.78,243,1282.9,3.796,141.13,No Failure,0
L,296.54,306.35,1215.4,47.89,224,510.6,4.03,138.05,No Failure,0
L,302.38,315.49,1620.9,30.79,49,1778.1,2.067,136.1,No Failure,0
H,298.33,307.88,1334.1,51.13,71,782.4,2.945,149.81,No Failure,0
M,300.67,312.04,1444.0,24.8,154,468.6,1.957,144.2,No Failure,0
M,301.16,311.7,1371.7,42.96,116,666.6,3.079,143.75,No Failure,0
L,300.32,310.43,1469.1,47.72,161,482.9,3.228,151.26,No Failure,0
M,300.59,312.06,1474.7,47.48,166,294.2,3.559,130.24,No Failure,0
M,300.76,309.16,1337.9,41.84,38,393.7,1.449,135.31,Heat Dissipation Failure,1
L,300.28,310.7,1627.8,37.93,217,778.0,3.502,163.39,No Failure,0
H,298.48,307.76,1481.4,34.5,28,677.4,2.12,166.28,No Failure,0
M,298.3,307.87,1622.5,27.78,152,846.5,3.225,168.62,No Failure,0
M,299.79,309.31,1558.2,33.14,231,625.9,3.713,146.59,No Failure,0
L,299.75,308.78,1575.9,30.39,12,474.6,2.036,149.07,No Failure,0
L,300.86,309.21,1505.7,28.75,106,297.8,2.432,163.29,No Failure,0
M,302.2,312.59,1353.5,58.04,111,492.7,3.167,131.09,No Failure,0
M,300.69,310.62,1661.8,22.81,103,854.8,2.035,147.45,No Failure,0
L,298.38,308.08,1392.0,51.26,215,303.3,3.835,155.11,Overstrain Failure,1
L,295.64,306.4,1608.0,27.63,17,391.6,1.644,146.72,No Failure,0
H,298.46,308.91,1680.9,29.78,197,773.4,2.666,163.16,No Failure,0
L,297.31,307.04,1540.7,29.62,3,764.0,1.45,151.21,No Failure,0
L,298.54,311.59,1647.6,28.9,239,296.7,3.898,135.37,No Failure,0
M,300.48,311.5,1407.2,49.23,244,886.1,4.224,145.22,Overstrain Failure,1
L,300.17,312.61,1581.1,45.88,186,784.3,4.008,139.22,No Failure,0
L,303.72,313.3,1392.1,37.67,209,2177.3,3.497,162.59,No Failure,0
L,300.97,311.22,1400.8,67.07,40,282.2,2.468,159.68,Power Failure,1
H,303.82,312.58,1453.5,39.83,37,1913.8,1.844,159.06,No Failure,0
L,301.43,311.1,1685.3,40.6,50,772.4,2.019,159.0,No Failure,0
M,302.17,311.59,1594.0,33.14,86,144.1,2.272,160.85,No Failure,0
H,299.28,312.28,1640.9,31.95,86,516.9,2.129,177.89,No Failure,0
M,297.85,307.16,1528.2,34.67,41,500.5,2.238,147.01,No Failure,0
M,299.1,308.87,1493.1,48.52,28,1306.5,2.467,150.21,No Failure,0
M,299.98,308.52,1515.5,45.71,204,393.1,4.096,150.17,No Failure,0
L,298.74,309.28,1383.9,52.91,173,206.3,3.8,153.39,No Failure,0
M,298.0,307.1,1626.2,32.83,204,865.9,3.202,153.98,No Failure,0
H,300.83,311.75,1168.0,45.9,89,745.3,2.582,168.67,No Failure,0
M,297.99,306.2,1417.6,43.06,213,1066.7,4.415,168.48,No Failure,0
L,296.93,306.81,1467.2,44.34,49,1557.9,2.11,153.0,No Failure,0
L,297.76,305.91,1614.3,31.36,190,1455.8,3.443,160.76,No Failure,0
H,299.53,309.04,1670.6,29.61,58,2549.1,1.521,132.23,No Failure,0
L,298.02,307.73,1434.1,45.39,129,1898.7,3.158,157.36,No Failure,0
H,299.54,308.94,1395.0,48.73,235,989.6,3.92,173.09,No Failure,0
L,301.2,310.7,1627.9,33.82,21,676.3,1.605,112.9,No Failure,0
M,301.15,312.12,1554.9,46.09,192,738.3,2.813,160.21,No Failure,0
H,298.68,310.85,1470.6,51.99,139,1249.9,3.212,161.91,No Failure,0
L,297.39,307.73,1515.2,36.38,80,422.8,2.595,149.01,No Failure,0
L,298.85,307.99,1844.5,25.61,243,518.0,4.022,159.4,No Failure,0
H,301.31,311.38,1612.2,26.86,195,1007.6,3.167,145.86,No Failure,0
L,301.78,311.42,1573.6,33.23,208,200.4,3.774,172.01,Tool Wear Failure,1
L,300.71,311.6,1682.6,35.54,230,407.3,4.098,162.72,No Failure,0
M,302.4,312.69,1640.4,39.64,214,311.9,3.5,155.14,Tool Wear Failure,1
L,303.46,311.88,1564.9,39.84,192,1585.9,3.806,134.79,No Failure,0
M,299.03,310.13,1440.6,37.28,43,243.3,1.874,142.36,No Failure,0
L,302.97,313.94,1455.8,46.79,97,475.7,2.307,124.15,No Failure,0
L,299.48,310.97,1607.4,32.39,97,391.2,2.207,150.32,No Failure,0
H,302.04,311.52,1574.5,52.65,44,525.1,2.357,154.6,No Failure,0
L,301.42,311.72,1690.3,49.4,73,935.7,2.064,147.38,No Failure,0
L,296.05,304.86,1376.7,48.67,197,858.0,3.124,147.06,No Failure,0
M,298.07,308.02,1629.5,33.4,146,766.3,3.044,145.89,No Failure,0
H,297.56,307.95,1436.0,38.84,13,992.7,1.81,140.32,No Failure,0
M,296.44,305.8,1430.9,47.23,169,841.2,3.351,147.35,No Failure,0
H,301.76,312.1,1437.9,38.0,71,43.2,2.295,153.82,No Failure,0
L,304.14,314.31,1706.2,33.01,13,1027.6,1.785,130.19,No Failure,0
L,299.48,309.03,1580.5,32.61,19,760.0,1.126,168.85,No Failure,0
H,301.71,313.11,1581.7,33.09,21,1654.2,0.863,145.9,No Failure,0
H,302.97,312.73,1597.3,28.39,61,289.0,2.218,142.51,No Failure,0
M,300.42,310.55,1304.2,68.7,162,666.6,3.903,161.21,Power Failure,1
L,299.95,308.48,1693.1,20.48,78,842.8,2.144,164.35,No Failure,0
L,299.51,310.03,1516.8,30.19,220,1949.6,3.35,172.02,No Failure,0
L,301.08,310.6,1300.4,45.96,91,206.6,2.682,167.16,No Failure,0
H,301.75,312.71,1435.0,33.19,13,740.2,1.908,134.69,No Failure,0
H,300.92,309.61,1383.2,36.48,35,769.4,1.937,155.47,No Failure,0
L,300.85,311.29,1485.9,43.95,58,304.6,2.099,162.01,No Failure,0
L,299.9,307.72,1343.9,50.32,153,526.6,3.398,160.64,Heat Dissipation Failure,1
L,296.81,307.43,1610.1,37.27,133,535.7,3.273,132.74,No Failure,0
L,301.8,311.62,1447.9,49.22,240,348.7,4.228,141.51,Overstrain Failure,1
M,297.43,307.83,1470.6,23.03,34,780.8,1.256,142.44,No Failure,0
M,301.24,310.64,1511.5,33.94,28,846.8,2.269,160.05,No Failure,0
L,301.51,310.56,1269.4,44.95,133,779.2,2.933,144.86,No Failure,0
M,297.72,307.28,1239.2,59.73,177,179.6,3.551,157.54,No Failure,0
H,298.78,308.98,1533.1,30.35,101,410.0,2.225,148.53,No Failure,0
L,304.24,314.82,1506.2,28.59,45,2096.8,1.966,160.21,No Failure,0
L,299.84,310.14,1642.3,43.41,107,385.5,2.551,153.84,No Failure,0
L,297.56,306.62,1563.1,40.53,160,202.3,2.713,155.28,No Failure,0
L,301.6,313.44,1528.0,32.82,118,528.2,2.766,128.57,No Failure,0
M,298.45,308.79,1725.8,27.83,41,73.0,1.825,140.51,No Failure,0
M,296.16,305.54,1453.4,34.86,14,2911.5,1.661,159.58,No Failure,0
L,301.04,311.46,1428.4,45.21,221,165.4,3.6,147.62,No Failure,0
L,298.17,308.42,1603.5,36.67,84,311.2,2.244,138.36,No Failure,0
H,300.64,310.47,1305.9,51.71,5,363.3,2.012,133.66,No Failure,0
L,298.37,308.08,1572.5,38.64,104,840.3,2.638,129.95,No Failure,0
M,301.41,312.4,1478.2,46.02,54,135.0,2.35,156.27,No Failure,0
M,300.37,312.09,1530.6,42.78,51,3521.8,2.618,174.92,No Failure,0
H,294.82,302.79,1694.1,35.96,163,646.9,3.223,130.2,No Failure,0
M,300.76,311.99,1474.3,48.33,167,108.6,3.58,155.74,No Failure,0
H,299.42,309.44,1608.7,27.83,168,2131.2,2.752,147.19,No Failure,0
M,302.83,313.07,1409.5,34.46,220,834.8,3.343,149.08,No Failure,0
L,300.79,312.14,1552.0,35.86,114,506.3,2.855,153.48,No Failure,0
L,301.51,308.86,1426.3,43.82,184,107.5,3.37,132.49,No Failure,0
L,298.58,309.39,1438.5,46.31,61,686.6,1.806,151.77,No Failure,0
L,298.42,309.7,1522.6,31.85,162,494.0,3.199,171.96,No Failure,0
L,299.95,309.26,1620.7,30.44,155,160.4,3.265,154.23,No Failure,0
L,299.28,307.88,1404.6,40.79,91,719.2,2.204,152.4,No Failure,0
L,302.68,314.32,1642.1,24.62,247,464.0,3.242,152.6,No Failure,0
L,299.69,307.94,1325.6,50.08,232,449.0,4.548,148.9,Heat Dissipation Failure,1
L,297.55,307.97,1356.0,37.76,159,1366.0,3.533,160.47,No Failure,0
M,298.34,309.37,1562.8,28.3,47,1626.6,2.14,165.14,No Failure,0
M,301.93,312.33,1636.9,28.11,44,1134.1,1.552,147.6,No Failure,0
H,299.67,310.23,1405.0,43.13,161,1000.9,3.183,133.63,No Failure,0
M,299.56,309.29,1489.4,42.86,229,1107.2,4.066,162.61,Tool Wear Failure,1
H,302.12,312.58,1528.8,32.32,40,307.5,2.113,149.54,No Failure,0
M,298.17,307.46,1415.9,38.86,178,524.4,3.317,148.21,No Failure,0
L,295.53,304.95,1640.5,28.71,143,1085.9,3.599,162.34,No Failure,0
H,298.29,308.33,1462.1,37.42,149,961.3,3.219,148.51,No Failure,0
L,300.48,308.94,1415.7,54.76,36,289.9,2.294,164.38,No Failure,0
M,299.5,310.08,1198.1,61.31,44,756.2,2.42,166.38,No Failure,0
M,296.88,304.4,1529.3,37.88,110,259.7,2.727,164.33,No Failure,0
L,302.03,312.39,1521.6,44.32,74,322.8,2.543,156.29,No Failure,0
M,300.33,310.78,1500.3,43.92,158,1117.7,2.922,151.18,No Failure,0
L,300.78,309.98,1718.0,22.79,119,851.3,2.086,146.09,No Failure,0
L,300.84,309.61,1650.1,28.5,158,816.1,2.727,138.62,No Failure,0
L,297.4,306.99,1712.2,16.84,148,558.8,2.521,166.6,Power Failure,1
L,300.61,311.25,1540.2,44.49,240,827.9,4.14,151.69,No Failure,0
L,301.81,312.16,1310.7,59.45,87,617.1,2.726,144.43,No Failure,0
M,302.28,311.17,1461.6,50.66,93,380.3,2.736,157.86,No Failure,0
M,301.44,311.55,1498.4,40.44,162,1101.6,2.802,168.29,No Failure,0
L,301.03,311.29,1674.3,39.04,140,90.4,3.344,152.81,No Failure,0
M,296.53,306.74,1552.8,36.48,41,498.5,1.525,163.11,No Failure,0
L,299.97,308.98,1299.5,50.6,63,1609.3,2.534,164.49,No Failure,0
L,298.09,308.24,1505.5,42.16,205,466.8,3.387,152.08,Tool Wear Failure,1
M,302.56,313.48,1409.4,40.62,21,405.4,1.942,147.49,No Failure,0
H,302.26,312.8,1653.8,28.97,42,115.7,2.267,162.1,No Failure,0
L,298.1,308.51,1519.1,46.01,180,445.1,3.765,154.21,No Failure,0
L,299.91,311.55,1457.2,38.5,239,1223.1,3.694,153.91,No Failure,0
M,300.5,310.66,1374.8,43.97,213,1840.5,3.88,149.86,No Failure,0
H,301.8,310.96,1432.0,49.99,181,852.3,3.501,153.7,No Failure,0
L,296.65,305.81,1549.4,23.65,70,396.1,1.578,145.06,No Failure,0
L,295.58,305.76,1448.2,37.04,192,1586.6,3.759,144.98,No Failure,0
L,300.08,308.64,1489.7,35.59,94,1555.2,3.151,176.86,No Failure,0
M,294.94,304.63,1598.5,34.71,82,909.1,2.702,149.8,No Failure,0
H,300.32,310.78,1455.8,28.83,69,237.7,1.702,159.56,No Failure,0
M,301.18,312.36,1490.3,32.72,77,434.2,2.847,146.75,No Failure,0
L,302.47,310.93,1803.8,29.02,158,506.7,2.775,166.89,No Failure,0
M,298.75,308.85,1609.8,48.25,203,312.8,3.672,154.91,No Failure,0
H,300.32,310.25,1578.7,43.77,165,980.1,3.102,148.78,Random Failure,1
L,301.3,311.34,1479.3,43.08,208,608.4,3.789,128.03,No Failure,0
H,297.65,307.79,1721.8,20.73,67,458.5,1.269,143.28,No Failure,0
L,301.83,311.8,1309.5,59.49,146,600.4,3.158,160.06,No Failure,0
L,300.55,311.94,1289.3,35.91,170,201.0,3.57,124.25,No Failure,0
M,298.79,310.03,1309.1,57.45,96,542.7,3.687,139.96,No Failure,0
L,300.28,312.43,1397.4,47.49,197,1619.9,3.055,112.07,No Failure,0
H,299.72,309.71,1521.1,37.68,139,655.5,3.26,123.33,No Failure,0
M,301.56,311.15,1380.0,60.43,67,366.4,2.316,153.46,No Failure,0
L,299.28,308.31,1603.2,45.67,176,391.1,3.335,134.93,No Failure,0
L,300.45,309.93,1521.1,37.72,13,239.7,1.305,153.95,No Failure,0
M,298.76,309.47,1441.0,36.09,197,849.5,3.792,163.41,No Failure,0
L,298.12,308.99,1399.8,50.32,48,445.0,2.458,146.77,No Failure,0
M,300.34,311.02,1600.9,34.63,112,1737.7,2.649,149.82,No Failure,0
L,298.21,307.54,1520.2,36.21,187,2228.9,3.627,142.51,No Failure,0
L,301.6,310.94,1475.4,34.03,198,25.9,3.648,153.51,No Failure,0
M,301.18,313.14,1607.7,32.44,89,924.8,1.999,150.13,No Failure,0
L,298.47,307.64,1452.7,33.06,160,535.3,3.161,135.13,No Failure,0
M,300.43,311.84,1279.1,57.72,21,471.3,1.974,144.51,No Failure,0
M,298.46,308.87,1456.8,50.08,210,1260.3,3.674,166.04,No Failure,0
L,296.79,306.06,1410.5,42.35,61,1099.3,2.41,166.09,No Failure,0
M,298.81,307.62,1512.1,34.53,200,2124.1,3.89,151.64,No Failure,0
M,299.9,309.21,1545.5,34.49,127,553.0,2.737,117.24,No Failure,0
H,301.04,311.46,1525.6,36.33,103,2492.5,3.053,160.81,No Failure,0
L,300.3,309.39,1269.8,57.89,84,562.3,2.7,134.24,No Failure,0
L,301.82,313.37,1506.3,42.91,192,943.7,3.071,143.22,No Failure,0
M,298.04,307.83,1357.6,47.48,75,262.7,2.096,150.62,No Failure,0
M,299.25,309.95,1632.6,42.0,151,306.1,2.677,168.24,No Failure,0
M,303.29,313.91,1534.7,31.14,5,397.3,1.596,147.03,No Failure,0
M,296.14,307.76,1546.5,41.03,165,591.5,3.85,157.61,No Failure,0
M,299.1,308.66,1652.0,29.24,32,282.7,2.056,129.51,No Failure,0
L,297.86,307.96,1372.4,51.95,56,1538.7,2.673,152.95,No Failure,0
M,299.61,308.21,1472.9,32.51,181,1123.7,3.753,162.27,No Failure,0
L,299.13,309.23,1611.4,34.28,193,408.3,3.621,145.32,No Failure,0
L,301.2,312.34,1306.9,48.13,26,169.2,2.367,148.26,No Failure,0
M,300.51,310.73,1441.6,33.02,28,2662.8,1.773,167.6,No Failure,0
L,297.39,309.7,1572.2,37.81,29,1811.1,1.583,145.72,No Failure,0
L,298.82,309.34,1692.9,13.62,48,288.5,1.181,155.32,Power Failure,1
H,300.0,309.46,1462.2,36.77,62,482.0,2.039,140.44,No Failure,0
M,301.48,311.93,1407.6,45.94,87,940.2,2.068,149.21,No Failure,0
M,304.87,313.4,1478.5,33.74,129,779.0,2.661,137.35,No Failure,0
H,301.41,310.61,1651.6,45.59,190,386.5,3.515,131.38,No Failure,0
L,297.98,306.76,1592.9,39.84,20,1076.7,2.063,144.28,No Failure,0
M,299.81,309.83,1338.8,50.88,103,995.4,2.803,164.26,No Failure,0
L,300.36,310.3,1530.7,32.65,8,856.0,1.915,153.17,No Failure,0
L,298.96,310.17,1573.0,37.58,154,1345.7,2.956,159.2,No Failure,0
L,300.94,310.84,1529.7,25.3,225,402.4,3.255,136.55,No Failure,0
L,295.46,304.45,1457.1,39.08,229,886.5,4.413,175.47,No Failure,0
M,301.11,312.67,1506.9,35.78,17,276.9,2.037,161.56,No Failure,0
L,299.05,306.1,1343.9,49.6,178,847.4,3.615,138.23,Heat Dissipation Failure,1
M,299.78,309.82,1648.7,33.75,198,1125.5,3.279,144.45,No Failure,0
L,302.93,313.15,1469.6,35.76,207,52.8,4.273,131.6,Tool Wear Failure,1
L,297.48,307.47,1543.5,33.25,11,1302.2,1.588,130.22,No Failure,0
H,300.55,311.05,1508.3,40.27,33,2857.6,2.202,154.76,No Failure,0
M,301.59,311.7,1483.7,59.89,93,2616.7,3.383,122.96,Power Failure,1
H,300.34,310.84,1772.1,5.02,15,216.7,1.188,151.52,Power Failure,1
L,296.77,306.17,1696.2,39.52,86,202.8,2.107,141.18,No Failure,0
L,302.7,311.24,1373.4,51.74,60,1868.8,2.384,156.48,Heat Dissipation Failure,1
M,299.58,309.53,1521.3,34.85,214,136.3,3.488,151.37,No Failure,0
M,298.94,307.92,1542.2,45.27,224,1609.5,3.942,132.89,No Failure,0
L,299.38,308.65,1578.6,51.77,72,184.2,2.657,146.91,No Failure,0
H,299.24,310.4,1498.3,37.24,182,219.8,3.251,151.55,No Failure,0
M,297.62,309.18,1663.5,33.47,5,1721.6,1.413,150.82,No Failure,0
M,300.33,311.47,1501.4,49.35,95,932.1,2.786,148.77,No Failure,0
L,298.81,309.76,1391.9,44.95,228,335.2,3.529,164.72,No Failure,0
M,301.34,311.4,1503.4,39.38,227,1323.7,3.76,163.14,No Failure,0
L,301.04,312.05,1447.4,46.11,96,780.5,2.768,136.4,No Failure,0
H,303.25,313.61,1330.3,49.6,163,602.7,3.478,133.09,No Failure,0
L,299.58,311.52,1519.0,39.47,12,240.1,1.484,134.33,No Failure,0
L,298.39,307.48,1482.8,43.05,200,271.6,3.511,147.41,No Failure,0
L,297.06,307.73,1491.9,45.22,60,1035.6,1.853,152.4,No Failure,0
M,304.39,313.12,1543.2,35.38,21,254.0,1.485,171.59,No Failure,0
H,301.32,312.0,1344.9,51.88,133,450.6,2.607,139.09,No Failure,0
H,298.62,306.9,1802.6,29.69,207,377.7,3.391,149.9,No Failure,0
M,303.39,312.17,1530.0,38.69,156,1821.4,3.271,147.05,No Failure,0
H,302.71,311.43,1555.6,47.68,122,484.1,2.754,155.48,No Failure,0
M,297.3,307.55,1623.9,29.44,67,657.1,1.379,149.13,No Failure,0
L,298.49,308.85,1565.9,48.71,21,128.9,2.242,139.61,No Failure,0
M,299.74,312.19,1414.9,41.9,8,527.0,1.781,151.59,No Failure,0
L,297.86,307.77,1386.0,53.25,9,306.2,1.693,170.53,No Failure,0
L,299.81,310.58,1410.7,46.13,85,580.6,2.297,149.18,No Failure,0
L,301.42,311.58,1461.5,38.37,141,436.2,3.246,169.92,No Failure,0
L,297.25,307.94,1505.5,42.32,2,208.3,1.797,148.66,No Failure,0
H,300.59,310.73,1456.4,42.68,146,459.9,3.325,164.22,No Failure,0
H,302.34,313.44,1209.7,60.23,182,55.8,3.37,142.99,No Failure,0
L,300.8,309.75,1466.0,40.85,45,397.2,2.23,155.81,No Failure,0
M,299.85,307.4,1476.3,38.62,110,3845.9,2.357,163.61,No Failure,0
L,298.66,309.08,1594.9,38.05,76,936.9,1.896,160.03,No Failure,0
L,301.66,309.86,1354.7,41.89,195,760.6,3.578,171.35,Heat Dissipation Failure,1
L,297.65,308.96,1544.6,28.66,98,324.5,2.498,183.68,No Failure,0
L,300.49,309.94,1463.1,36.17,197,942.8,3.504,132.06,No Failure,0
L,300.05,309.01,1648.0,29.88,2,288.7,1.441,136.14,No Failure,0
L,302.25,314.95,1521.4,31.19,225,1809.2,3.323,132.69,No Failure,0
L,298.83,308.82,1529.8,48.04,242,1375.2,3.589,173.15,Overstrain Failure,1
L,299.0,308.79,1493.7,40.26,170,286.0,3.44,142.69,No Failure,0
H,297.52,308.26,1603.4,32.58,207,439.7,3.594,145.83,No Failure,0
L,300.87,311.69,1611.5,38.5,179,956.5,3.212,156.27,No Failure,0
L,299.15,310.29,1411.5,37.54,62,465.4,2.035,149.48,No Failure,0
M,298.28,306.94,1473.5,40.53,36,793.8,1.999,154.28,No Failure,0
L,298.47,309.0,1658.5,24.93,211,1670.2,3.282,142.82,No Failure,0
M,301.07,310.78,1605.1,29.09,0,1437.2,1.593,167.32,No Failure,0
L,297.79,306.87,1498.6,25.59,152,424.3,3.056,136.82,No Failure,0
M,297.97,308.02,1634.7,31.0,5,849.2,1.443,148.75,No Failure,0
M,301.79,309.98,1562.1,32.77,44,68.8,1.827,153.18,No Failure,0
M,299.67,310.59,1594.3,29.65,81,301.6,2.282,157.91,No Failure,0
M,301.91,311.62,1418.9,47.64,197,915.7,2.858,154.61,No Failure,0
L,299.28,308.8,1168.0,58.4,24,678.2,2.188,146.23,No Failure,0
L,300.0,309.86,1483.0,48.26,24,439.9,1.522,141.51,No Failure,0
L,300.31,310.15,1598.2,34.35,59,303.8,2.203,170.91,No Failure,0
M,302.77,313.92,1445.3,42.1,105,490.9,2.963,134.32,No Failure,0
L,302.61,311.52,1371.7,39.34,74,2275.7,1.563,160.02,No Failure,0
L,302.31,311.92,1500.5,33.91,188,752.6,3.56,135.11,No Failure,0
M,298.74,308.53,1483.6,53.25,121,375.4,3.043,155.5,No Failure,0
L,298.03,306.96,1302.7,60.07,224,225.7,4.39,161.4,Overstrain Failure,1
L,301.52,311.68,1619.6,25.3,221,375.7,3.815,133.82,No Failure,0
M,302.75,312.03,1354.8,54.4,71,321.5,2.664,158.05,No Failure,0
L,302.33,310.92,1575.7,34.09,185,172.4,3.374,142.24,No Failure,0
H,300.03,310.55,1402.5,37.38,150,431.9,2.699,122.15,No Failure,0
H,301.46,313.0,1459.2,42.83,159,654.3,2.985,159.6,No Failure,0
H,301.49,311.54,1474.9,55.48,210,162.1,4.611,137.25,No Failure,0
L,300.3,310.19,1395.0,42.81,46,1406.7,2.415,141.81,No Failure,0
L,300.38,310.26,1442.3,44.12,216,400.3,3.981,132.23,No Failure,0
M,300.2,309.68,1526.5,48.53,142,513.3,2.903,141.37,No Failure,0
M,298.42,309.59,1486.3,50.11,0,892.6,1.909,166.86,No Failure,0
M,298.63,308.72,1499.8,45.11,99,629.4,2.562,171.29,No Failure,0
L,298.6,306.42,1453.6,50.17,23,239.5,2.702,139.81,No Failure,0
L,296.8,308.0,1581.4,34.02,82,463.6,2.716,147.68,No Failure,0
L,300.29,311.24,1618.0,22.66,47,123.3,1.473,153.06,No Failure,0
L,299.92,310.52,1453.2,58.25,163,1391.1,3.375,137.18,No Failure,0
L,301.52,308.77,1540.8,29.62,3,324.1,1.355,157.48,No Failure,0
H,302.52,312.52,1453.2,34.66,21,380.2,2.09,166.94,No Failure,0
L,302.65,313.54,1402.0,36.68,223,379.3,4.094,135.16,Tool Wear Failure,1
M,302.84,313.22,1484.8,34.96,101,1060.2,1.855,166.21,No Failure,0
H,298.49,308.69,1501.4,32.74,16,205.3,1.741,135.43,No Failure,0
L,297.14,308.03,1398.9,44.64,195,273.3,3.992,146.35,No Failure,0
M,301.86,312.0,1356.3,44.74,228,669.4,3.911,179.93,No Failure,0
M,302.76,313.97,1484.1,46.2,81,1250.4,2.7,172.3,No Failure,0
L,303.11,313.27,1370.2,45.57,76,655.7,3.041,133.53,No Failure,0
L,300.97,311.05,1582.7,35.83,141,848.3,3.345,159.99,No Failure,0
H,296.01,306.9,1598.4,35.82,18,637.6,1.843,133.97,No Failure,0
M,300.73,310.33,1642.0,51.19,247,575.8,4.396,156.15,Overstrain Failure,1
H,301.11,310.01,1500.8,34.79,94,1058.5,2.425,145.12,No Failure,0
H,302.5,312.51,1528.9,34.59,63,686.8,2.29,157.31,No Failure,0
L,302.86,313.45,1358.5,49.29,182,1835.2,3.547,153.89,No Failure,0
M,301.82,312.74,1396.0,39.81,97,389.7,2.883,152.9,No Failure,0
M,298.83,309.76,1502.6,34.95,33,1651.9,1.521,147.61,No Failure,0
M,297.94,307.87,1469.8,35.04,117,315.0,2.487,176.89,No Failure,0
M,301.07,310.9,1303.5,51.24,238,570.7,4.085,144.11,Overstrain Failure,1
M,298.42,307.82,1474.4,45.86,123,263.1,3.317,142.03,No Failure,0
H,302.95,313.2,1384.6,42.37,44,477.6,2.328,168.8,No Failure,0
L,296.59,304.95,1644.2,28.34,55,319.6,2.009,137.49,No Failure,0
M,301.13,311.16,1557.8,42.41,224,309.7,3.994,162.17,No Failure,0
L,300.64,313.49,1439.2,37.87,192,204.1,2.88,146.21,No Failure,0
M,299.59,308.08,1698.9,30.88,3,555.6,1.644,139.74,No Failure,0
M,298.15,308.31,1584.2,33.98,54,800.9,1.688,163.68,No Failure,0
M,295.88,306.25,1437.7,46.96,184,3123.7,3.375,153.67,No Failure,0
L,298.94,309.44,1240.5,52.42,75,819.2,3.53,150.84,No Failure,0
M,298.97,308.01,1430.4,29.43,121,685.5,2.742,152.25,No Failure,0
L,302.22,312.74,1716.0,30.69,219,373.3,3.64,158.29,No Failure,0
L,298.43,307.9,1563.2,46.94,191,571.1,3.575,132.61,No Failure,0
L,300.91,309.48,1676.7,35.91,168,183.7,3.565,163.06,No Failure,0
H,297.42,308.37,1622.9,45.53,164,547.0,3.016,129.33,No Failure,0
L,300.96,311.63,1657.5,35.77,61,116.2,1.949,136.87,No Failure,0
H,295.52,304.56,1475.3,45.77,48,513.6,2.534,159.01,No Failure,0
L,304.19,313.65,1660.3,26.26,204,3005.3,3.358,162.3,No Failure,0
M,299.72,309.14,1394.5,45.49,12,643.1,1.94,143.56,No Failure,0
M,294.41,302.77,1689.4,19.01,162,1898.9,2.611,160.13,Power Failure,1
M,298.56,309.33,1493.1,49.25,101,2883.5,2.963,146.03,No Failure,0
M,298.25,309.05,1571.6,39.66,6,196.1,1.485,130.28,No Failure,0
M,298.69,308.36,1453.4,44.41,144,799.9,2.637,142.36,No Failure,0
H,299.27,309.24,1298.4,42.37,33,212.4,2.266,133.26,No Failure,0
M,298.67,308.79,1500.3,22.94,212,263.7,3.1,149.87,No Failure,0
L,298.37,308.61,1433.5,53.67,62,431.4,2.104,153.27,No Failure,0
L,297.68,306.34,1427.8,43.34,59,706.3,1.951,155.12,No Failure,0
M,301.64,312.13,1499.4,47.56,169,302.8,3.449,133.91,No Failure,0
L,302.4,311.23,1454.4,32.01,75,752.1,1.957,155.18,No Failure,0
M,299.49,310.17,1603.3,42.41,91,2147.8,3.105,156.74,No Failure,0
M,299.96,308.9,1520.4,26.9,84,915.8,2.503,166.04,No Failure,0
L,297.75,306.45,1620.9,41.49,126,2238.8,2.916,143.21,No Failure,0
M,300.14,310.11,1435.5,30.6,181,413.9,2.936,137.14,No Failure,0
M,300.46,310.41,1266.3,76.0,194,391.6,4.541,140.3,Power Failure,1
M,299.56,309.66,1367.8,46.05,31,308.6,2.118,152.28,No Failure,0
M,300.79,309.9,1392.7,53.31,117,961.3,2.82,149.57,No Failure,0
H,300.62,310.82,1616.8,37.5,130,272.5,2.916,147.79,No Failure,0
M,297.89,308.19,1549.2,43.99,237,2066.9,4.108,143.09,No Failure,0
H,302.39,313.55,1353.5,49.05,147,188.0,3.017,157.15,No Failure,0
L,299.58,309.77,1530.7,29.27,207,310.9,3.031,156.43,Tool Wear Failure,1
M,303.35,312.75,1412.3,33.27,130,438.7,3.122,146.66,No Failure,0
M,300.84,309.49,1260.9,49.73,128,233.4,3.287,177.98,No Failure,0
L,303.94,312.41,1442.4,37.82,136,396.7,2.871,133.95,No Failure,0
L,302.35,312.67,1482.9,32.52,24,1227.9,1.844,143.59,No Failure,0
M,300.45,311.25,1414.9,33.69,108,625.7,2.818,137.81,No Failure,0
L,298.55,307.66,1579.3,27.78,236,1188.1,3.588,140.77,No Failure,0
H,298.6,308.85,1653.8,20.41,246,1503.0,3.567,146.99,No Failure,0
L,301.07,310.89,1634.5,23.04,43,405.9,2.211,153.78,No Failure,0
L,300.29,311.0,1424.4,40.46,112,890.4,2.53,150.27,No Failure,0
M,298.82,309.69,1394.2,46.72,203,496.5,4.326,183.68,No Failure,0
L,301.67,309.4,1270.0,65.19,209,356.0,5.197,130.44,Heat Dissipation Failure,1
L,300.08,311.11,1576.8,39.59,160,472.2,3.271,145.65,No Failure,0
M,301.68,311.93,1541.5,27.2,138,1818.0,2.208,157.59,No Failure,0
M,298.05,307.52,1351.2,39.72,219,1159.9,3.754,116.33,No Failure,0
L,302.0,311.5,1414.9,47.03,152,1452.1,3.283,158.65,No Failure,0
M,301.0,311.03,1378.3,50.3,198,435.7,3.761,166.8,No Failure,0
M,302.4,311.89,1280.0,49.33,203,208.0,4.208,145.93,No Failure,0
M,301.95,311.02,1418.2,45.73,66,845.1,2.229,141.68,No Failure,0
L,299.83,309.12,1412.7,40.95,245,1883.8,4.204,143.95,No Failure,0
L,299.67,308.63,1434.0,47.37,93,498.0,2.797,154.0,No Failure,0
H,303.57,314.91,1632.6,28.15,35,1556.9,1.843,151.7,No Failure,0
M,299.42,309.47,1612.4,19.92,59,1570.9,1.506,157.18,Power Failure,1
L,301.5,313.75,1378.5,60.93,145,1649.7,3.748,139.89,No Failure,0
H,299.24,309.61,1476.2,39.53,229,865.4,3.578,160.92,Tool Wear Failure,1
L,296.28,306.87,1433.5,45.34,45,716.2,2.275,148.48,No Failure,0
M,297.55,306.48,1696.3,11.98,169,1070.0,2.881,180.47,Power Failure,1
M,300.81,310.59,1359.0,55.45,11,1554.7,1.719,137.9,No Failure,0
H,301.4,311.47,1283.6,51.56,126,1015.9,2.768,166.93,No Failure,0
H,300.82,310.18,1460.6,24.34,224,955.1,3.421,141.41,No Failure,0
L,302.29,311.83,1626.0,36.83,162,390.3,3.491,134.81,No Failure,0
M,300.78,311.2,1497.7,42.66,248,924.1,4.261,149.74,No Failure,0
L,298.45,308.89,1552.3,27.36,238,817.8,4.041,135.81,No Failure,0
M,301.19,309.85,1556.6,44.89,172,2422.6,3.755,154.29,No Failure,0
M,300.34,310.62,1674.1,50.46,4,1129.0,2.073,161.85,No Failure,0
L,298.85,309.4,1339.1,43.24,101,859.1,2.664,144.23,No Failure,0
L,300.95,310.35,1621.8,24.34,29,413.8,0.602,140.0,No Failure,0
L,300.16,309.47,1643.0,29.63,189,177.7,3.488,161.71,No Failure,0
L,298.79,309.23,1363.2,38.76,41,309.7,2.689,137.69,No Failure,0
L,299.64,307.07,1382.6,37.5,246,2422.3,3.788,131.33,No Failure,0
H,302.83,312.83,1604.1,37.71,157,540.4,3.113,160.7,No Failure,0
M,302.76,314.4,1516.3,37.35,228,915.4,4.36,152.26,No Failure,0
M,300.38,307.78,1581.9,21.96,202,365.8,3.418,149.4,No Failure,0
H,300.11,310.94,1287.9,48.06,215,148.9,4.053,138.81,No Failure,0
M,297.13,307.68,1479.2,46.27,11,550.8,1.71,157.91,No Failure,0
L,303.44,312.0,1332.1,45.22,128,1440.3,3.07,159.05,Heat Dissipation Failure,1
H,302.07,312.59,1373.9,44.3,225,242.7,3.996,126.54,No Failure,0
M,301.5,312.51,1436.7,37.16,53,149.1,2.197,184.77,No Failure,0
M,295.45,304.27,1518.1,33.93,92,166.8,2.054,133.28,No Failure,0
H,300.08,309.37,1482.3,29.82,33,311.3,2.451,141.99,No Failure,0
M,299.75,309.77,1291.1,55.43,128,672.5,3.194,144.25,No Failure,0
M,301.37,312.34,1586.7,39.79,17,338.1,1.465,125.88,No Failure,0
H,299.1,308.56,1648.0,23.39,22,873.3,1.277,138.33,No Failure,0
L,299.54,309.49,1503.7,39.71,85,595.4,2.112,142.67,No Failure,0
H,301.24,310.57,1706.0,19.16,198,304.8,3.087,145.36,Power Failure,1
L,298.45,308.48,1384.8,42.48,10,2687.1,1.653,140.35,No Failure,0
L,298.85,309.9,1521.3,41.43,209,463.4,4.014,163.8,No Failure,0
M,300.39,310.49,1581.8,34.58,168,443.4,2.789,153.83,No Failure,0
L,302.68,312.32,1483.0,30.61,237,609.6,3.366,161.08,No Failure,0
H,301.62,311.58,1508.7,45.62,206,612.5,3.168,145.98,No Failure,0
L,302.15,311.35,1527.9,39.17,187,638.0,3.562,158.06,No Failure,0
M,300.13,309.13,1678.9,20.58,199,719.1,3.405,152.33,No Failure,0
L,302.99,314.19,1553.7,52.04,178,1680.5,2.598,159.07,No Failure,0
H,296.52,308.16,1586.2,30.6,21,1121.9,1.747,137.37,No Failure,0
L,304.04,312.25,1522.3,26.82,162,545.6,2.742,164.15,No Failure,0
L,304.3,314.89,1403.0,53.59,50,1622.3,2.683,152.23,No Failure,0
L,300.91,311.77,1416.4,50.6,42,328.8,2.808,150.42,No Failure,0
M,301.66,310.45,1433.9,35.79,242,375.1,3.422,166.62,No Failure,0
H,299.92,309.45,1418.0,27.48,226,1763.5,3.436,146.59,No Failure,0
H,299.58,309.0,1566.9,30.9,249,2449.6,4.217,145.62,No Failure,0
L,298.78,310.68,1619.9,35.63,2,438.8,1.843,165.84,No Failure,0
L,299.9,311.55,1488.4,52.16,242,773.1,4.219,145.3,Overstrain Failure,1
L,301.11,310.19,1421.8,52.95,0,228.0,2.137,147.55,No Failure,0
M,300.84,309.38,1628.0,41.66,230,144.4,4.075,131.86,No Failure,0
M,303.97,314.75,1463.7,46.5,32,741.5,2.345,138.97,No Failure,0
L,300.2,310.74,1499.0,37.91,36,377.3,2.234,162.09,No Failure,0
M,297.02,308.27,1588.2,31.27,10,160.0,1.488,152.93,No Failure,0
H,303.29,312.23,1554.1,24.99,197,1153.2,3.521,136.93,No Failure,0
L,297.56,308.28,1360.1,43.23,200,1165.7,3.631,142.9,No Failure,0
L,298.88,308.15,1339.9,49.0,53,1468.4,2.572,138.74,No Failure,0
L,300.54,311.17,1497.7,34.89,200,186.2,3.275,154.3,No Failure,0
L,300.83,310.8,1483.0,51.88,64,670.7,2.611,155.56,No Failure,0
L,297.11,309.01,1400.6,36.15,216,361.7,3.81,142.7,No Failure,0
M,298.51,308.95,1405.6,40.84,122,268.9,3.121,137.27,No Failure,0
L,297.04,306.72,1590.2,37.79,143,1209.0,2.952,129.88,No Failure,0
M,301.24,311.38,1369.0,52.36,200,720.5,3.565,167.34,No Failure,0
H,302.37,312.27,1442.6,44.93,118,603.4,2.856,146.65,No Failure,0
H,297.56,306.4,1470.9,39.42,110,1300.9,2.254,156.64,No Failure,0
M,301.99,313.92,1667.8,40.77,145,623.4,2.939,137.25,No Failure,0
L,301.86,313.46,1645.5,28.11,56,270.2,1.451,145.6,No Failure,0
L,298.68,308.51,1701.4,17.67,113,116.0,2.307,136.11,Power Failure,1
L,296.03,306.73,1560.3,34.69,227,729.3,4.093,157.66,No Failure,0
H,297.86,309.91,1552.4,38.06,160,220.9,3.444,159.25,No Failure,0
H,298.81,310.05,1623.8,45.31,71,525.9,1.908,159.65,No Failure,0
L,303.08,312.78,1479.4,38.37,229,568.0,3.933,140.34,No Failure,0
L,299.76,309.68,1552.7,35.31,193,1400.0,4.189,151.21,No Failure,0
M,297.99,306.27,1738.4,10.52,243,226.0,3.273,135.36,Power Failure,1
L,300.3,311.07,1539.1,45.27,191,904.8,3.757,151.47,No Failure,0
H,297.41,308.65,1636.6,42.11,4,799.4,2.046,159.25,No Failure,0
L,301.03,312.28,1381.9,48.14,22,794.8,1.535,145.27,No Failure,0
L,298.04,308.75,1538.6,40.27,0,882.7,1.716,148.13,No Failure,0
L,298.33,308.69,1424.1,51.47,111,592.8,3.226,138.49,No Failure,0
L,300.75,309.75,1418.7,34.49,115,1008.2,2.541,139.97,No Failure,0
L,303.5,313.82,1590.6,39.59,32,50.7,1.472,140.15,No Failure,0
H,304.4,313.76,1621.5,42.41,24,993.6,2.267,141.36,No Failure,0
L,297.92,308.45,1521.0,46.6,180,1481.6,3.0,161.49,No Failure,0
M,298.81,308.04,1409.8,44.16,179,3195.8,2.794,141.37,No Failure,0
L,301.03,311.55,1339.7,44.78,185,2410.2,3.117,149.71,No Failure,0
L,302.34,313.66,1536.2,42.69,152,277.8,3.048,159.74,No Failure,0
L,295.67,306.05,1418.3,38.07,75,556.4,1.838,153.65,No Failure,0
L,300.17,310.5,1339.7,49.01,141,538.8,2.828,180.94,No Failure,0
L,299.03,309.94,1652.8,23.26,170,2227.4,2.753,158.12,No Failure,0
L,296.15,307.92,1616.6,33.71,186,2282.6,3.732,146.15,No Failure,0
H,297.33,307.22,1342.4,55.92,103,1382.3,3.086,132.82,No Failure,0
M,298.86,309.39,1535.2,33.27,48,629.4,2.014,164.23,No Failure,0
H,300.12,311.63,1496.2,39.22,140,622.4,3.482,144.54,No Failure,0
L,302.02,312.69,1306.5,53.88,219,1580.1,4.582,140.47,Overstrain Failure,1
M,300.71,308.71,1475.9,38.74,171,366.9,3.0,138.79,No Failure,0
M,301.9,311.18,1421.1,31.66,175,1323.6,2.879,136.46,No Failure,0
L,300.05,310.8,1470.3,51.98,209,196.4,3.735,147.17,No Failure,0
L,298.59,308.19,1774.1,37.11,166,332.0,3.279,143.7,No Failure,0
M,299.63,311.07,1523.1,37.79,123,2008.4,3.21,152.27,No Failure,0
M,301.39,313.25,1765.6,20.2,167,1048.1,2.549,176.51,No Failure,0
L,302.07,311.47,1486.6,38.73,175,604.5,3.3,150.73,No Failure,0
L,299.7,308.67,1324.2,46.83,111,578.9,2.806,170.92,No Failure,0
H,298.14,307.78,1737.1,35.69,69,188.4,2.645,146.1,No Failure,0
L,300.67,310.25,1526.4,27.19,95,683.9,2.566,147.24,No Failure,0
H,300.96,312.49,1623.7,35.2,116,2212.2,2.345,122.2,No Failure,0
H,302.47,311.43,1568.7,33.85,167,634.0,3.398,164.58,No Failure,0
H,298.64,309.38,1627.1,37.46,21,231.7,1.67,139.6,No Failure,0
M,298.66,310.05,1535.4,34.82,168,102.9,3.26,159.29,No Failure,0
L,301.51,312.33,1262.1,56.65,120,331.4,2.744,120.31,No Failure,0
M,299.19,309.62,1416.0,43.02,25,907.1,1.293,141.67,No Failure,0
M,299.1,308.94,1850.9,22.6,93,349.4,2.09,151.41,No Failure,0
M,302.51,314.36,1523.1,40.71,187,543.7,3.182,147.35,No Failure,0
L,297.26,307.01,1699.2,39.6,230,1458.5,3.833,139.8,No Failure,0
L,304.11,315.06,1371.4,51.94,200,467.0,3.634,152.25,No Failure,0
L,298.77,308.62,1576.7,38.44,65,1673.4,2.233,158.83,No Failure,0
L,301.73,309.89,1399.2,38.15,141,320.5,3.048,132.49,No Failure,0
M,299.78,309.51,1353.6,58.63,248,797.2,4.675,155.82,Overstrain Failure,1
H,300.54,310.39,1785.6,29.31,122,684.1,2.825,162.81,No Failure,0
M,299.47,309.33,1365.6,47.98,52,397.1,2.68,161.64,No Failure,0
M,301.71,311.05,1432.8,40.64,128,713.3,2.923,150.18,No Failure,0
L,299.31,309.93,1614.6,34.99,149,1966.1,2.611,146.27,No Failure,0
L,298.85,309.59,1562.2,33.52,55,688.6,2.325,157.55,No Failure,0
L,303.63,313.32,1562.0,53.58,81,1303.5,2.767,147.88,No Failure,0
L,300.06,309.74,1441.1,44.65,244,746.4,4.372,164.88,No Failure,0
L,298.65,307.6,1458.1,46.01,225,115.3,4.222,177.77,Random Failure,1
L,297.02,307.27,1457.3,48.9,218,389.6,3.875,135.84,No Failure,0
L,303.73,315.11,1375.8,43.42,120,318.3,2.781,154.07,No Failure,0
M,298.9,310.27,1468.0,29.39,211,76.8,4.112,148.89,No Failure,0
L,304.12,313.52,1500.7,24.28,65,938.6,1.537,125.86,No Failure,0
L,300.8,312.79,1168.0,55.4,78,470.3,2.547,154.7,No Failure,0
L,300.29,309.92,1475.7,42.08,42,95.3,2.326,148.3,No Failure,0
M,300.34,309.32,1376.6,40.79,173,161.7,3.287,159.91,No Failure,0
M,304.43,313.07,1307.1,58.05,186,1157.1,3.647,160.74,No Failure,0
L,295.62,304.54,1677.0,29.36,157,303.4,3.203,152.04,No Failure,0
L,300.43,310.76,1616.7,14.77,223,473.3,3.743,161.2,Power Failure,1
H,299.47,309.21,1707.0,21.88,51,719.0,1.802,135.0,No Failure,0
M,299.57,308.94,1400.3,34.69,191,2088.3,2.93,149.2,No Failure,0
M,300.3,309.45,1429.0,41.17,244,2205.8,4.1,164.02,No Failure,0
M,299.47,308.38,1545.4,53.92,129,817.6,3.294,160.07,No Failure,0
H,300.38,309.49,1394.0,48.43,127,859.4,2.727,147.93,No Failure,0
H,299.95,310.97,1820.8,14.38,230,556.1,3.853,155.15,Power Failure,1
L,297.37,309.18,1487.9,68.01,32,1228.9,2.647,140.29,Power Failure,1
M,300.76,312.63,1495.1,35.89,127,115.9,2.49,168.49,No Failure,0
L,301.43,312.12,1341.9,52.28,129,529.2,3.309,161.25,No Failure,0
M,298.92,308.42,1261.9,45.46,55,743.4,2.427,151.49,No Failure,0
L,303.74,313.07,1525.8,40.05,25,950.3,1.663,154.62,No Failure,0
L,302.67,313.43,1553.1,37.63,58,525.5,1.747,155.67,No Failure,0
H,301.69,311.44,1658.4,28.88,195,2043.7,3.24,157.43,No Failure,0
H,301.66,312.08,1728.3,27.12,160,1067.6,2.75,146.7,No Failure,0
L,300.06,311.99,1421.0,38.34,199,914.4,3.638,158.14,No Failure,0
H,302.28,312.5,1779.5,26.12,203,486.1,3.268,173.68,No Failure,0
L,303.14,315.42,1342.8,56.48,206,381.0,4.142,160.55,Overstrain Failure,1
L,301.62,310.49,1525.0,40.97,174,1814.4,3.431,146.0,No Failure,0
H,298.86,309.31,1326.5,60.93,18,218.0,2.431,145.92,No Failure,0
L,299.92,310.23,1465.4,35.64,30,703.9,1.995,152.75,No Failure,0
L,301.15,310.16,1439.3,34.09,33,145.9,2.12,168.18,No Failure,0
M,301.68,312.48,1471.7,45.91,115,706.7,2.602,155.42,No Failure,0
L,299.85,311.38,1434.0,37.41,26,1035.4,2.133,128.52,No Failure,0
L,298.87,311.07,1402.3,49.73,16,1301.4,2.552,137.92,No Failure,0
L,303.17,313.58,1347.8,54.38,162,2600.5,3.884,137.98,No Failure,0
M,297.86,305.96,1379.5,50.99,230,375.7,3.665,157.68,Heat Dissipation Failure,1
L,298.12,308.59,1228.9,53.64,71,1268.4,3.089,134.93,No Failure,0
L,297.35,308.09,1168.0,48.18,25,668.8,2.251,162.93,No Failure,0
M,298.11,307.88,1619.4,34.51,38,1615.1,2.183,170.37,No Failure,0
L,302.49,312.71,1510.1,51.4,227,593.7,3.852,160.48,Overstrain Failure,1
L,302.56,312.08,1213.6,46.98,245,396.8,3.746,125.5,Overstrain Failure,1
M,299.85,309.72,1587.1,33.82,89,2176.5,2.818,139.89,No Failure,0
M,300.99,312.01,1558.8,35.09,121,1512.0,2.566,146.88,No Failure,0
L,299.98,311.37,1388.2,39.08,146,608.0,2.787,143.55,No Failure,0
H,297.62,306.35,1491.9,51.11,124,415.5,2.583,138.97,No Failure,0
M,304.44,313.92,1593.1,41.17,176,356.3,2.854,140.38,No Failure,0
L,302.75,311.16,1595.8,39.94,144,1156.4,3.039,151.09,No Failure,0
M,300.71,312.55,1669.8,38.41,208,1675.7,3.926,143.76,Tool Wear Failure,1
M,298.29,309.16,1618.3,36.47,124,1078.0,2.861,146.22,No Failure,0
M,299.55,307.55,1518.3,28.36,178,905.8,3.104,158.57,No Failure,0
M,298.62,308.55,1437.9,47.95,63,319.1,2.799,122.72,No Failure,0
M,300.2,309.91,1616.1,29.83,126,192.8,3.108,130.64,No Failure,0
H,300.62,309.86,1631.3,40.68,169,272.5,3.022,144.14,No Failure,0
M,299.32,310.35,1510.1,35.91,65,1083.1,2.226,145.06,No Failure,0
H,297.09,308.1,1381.8,47.66,146,437.8,3.252,142.63,No Failure,0
M,304.26,314.53,1378.5,36.58,50,357.7,1.938,150.16,No Failure,0
H,300.48,309.83,1659.1,29.94,210,660.7,3.639,145.49,No Failure,0
H,300.91,310.28,1439.7,49.89,170,1807.0,3.945,168.19,No Failure,0
L,299.16,309.2,1488.1,31.74,100,170.5,1.829,137.63,No Failure,0
L,296.88,306.42,1557.0,41.55,99,546.9,2.691,151.16,No Failure,0
M,299.83,309.83,1367.5,52.74,193,915.5,3.83,146.83,No Failure,0
L,299.35,309.91,1439.2,32.7,180,105.5,3.181,149.27,No Failure,0
M,301.42,309.89,1628.1,38.96,243,1293.6,4.24,146.07,No Failure,0
M,301.81,311.05,1348.8,35.69,195,1239.6,3.384,160.54,No Failure,0
H,301.53,311.5,1502.4,41.31,96,684.9,2.368,154.46,No Failure,0
L,301.98,313.54,1495.5,39.32,62,358.4,2.445,136.47,No Failure,0
M,303.61,314.45,1278.9,49.2,175,3309.0,3.154,164.68,No Failure,0
L,300.78,310.78,1578.9,33.79,6,740.8,1.326,156.04,No Failure,0
M,302.2,312.6,1335.7,52.74,9,120.8,1.692,145.75,No Failure,0
L,300.99,310.89,1523.1,56.05,124,396.3,3.67,159.26,No Failure,0
M,296.2,307.28,1569.8,42.57,227,682.7,3.966,142.41,No Failure,0
M,299.69,310.12,1583.1,32.1,81,105.2,1.837,152.24,No Failure,0
M,298.26,309.54,1279.0,39.59,178,295.4,3.448,136.59,No Failure,0
M,300.46,309.11,1460.0,38.75,25,285.5,1.487,159.29,No Failure,0
L,298.42,307.61,1301.3,57.72,157,593.6,3.61,154.47,No Failure,0
L,301.21,311.49,1617.2,38.97,107,251.9,2.248,149.97,No Failure,0
L,301.96,312.46,1405.4,53.83,26,611.0,1.677,156.37,No Failure,0
H,302.41,314.81,1519.6,41.11,97,1174.7,2.806,131.45,No Failure,0
H,303.24,311.43,1587.9,40.46,244,2738.5,3.861,159.77,No Failure,0
L,296.65,306.61,1675.1,36.46,56,316.1,2.467,140.79,No Failure,0
L,297.6,307.52,1652.2,37.39,226,683.2,3.146,170.4,No Failure,0
L,305.86,316.09,1478.0,48.9,82,529.7,2.771,149.43,No Failure,0
M,302.02,313.75,1534.0,32.69,75,824.2,2.056,134.6,No Failure,0
L,300.45,311.33,1462.4,49.6,11,224.4,2.122,177.0,No Failure,0
L,300.06,308.46,1381.8,54.41,16,1301.6,1.922,158.2,No Failure,0
L,299.89,311.42,1618.1,34.08,240,1546.0,4.065,137.57,No Failure,0
L,296.13,307.64,1352.3,52.08,101,1005.4,2.768,153.14,No Failure,0
L,298.46,308.72,1497.5,50.48,179,289.2,3.629,162.17,No Failure,0
L,299.78,308.16,1434.6,48.69,7,1860.7,2.237,112.89,No Failure,0
M,298.57,308.42,1585.6,33.64,45,607.9,1.94,152.04,No Failure,0
M,298.83,309.3,1401.9,38.81,135,1881.2,2.738,150.09,No Failure,0
L,305.12,316.11,1485.0,38.79,141,565.2,2.699,150.54,No Failure,0
M,299.5,307.73,1372.9,60.91,184,457.1,4.005,130.9,Heat Dissipation Failure,1
L,300.56,309.79,1484.4,39.9,164,324.7,3.575,146.82,No Failure,0
M,300.49,311.58,1303.5,38.17,108,170.5,2.844,131.83,No Failure,0
H,301.18,312.68,1480.8,28.52,132,1341.2,3.213,154.3,No Failure,0
L,299.05,309.48,1608.5,30.28,212,372.7,3.614,143.12,Tool Wear Failure,1
H,302.49,313.64,1690.1,33.16,151,1204.9,2.805,152.17,No Failure,0
M,300.89,311.34,1450.2,43.61,222,87.9,4.302,149.98,No Failure,0
M,297.43,308.39,1569.9,25.76,217,176.0,3.081,152.45,No Failure,0
L,299.78,309.93,1648.0,33.34,243,1385.9,3.655,144.16,No Failure,0
L,299.66,310.14,1649.9,21.39,222,549.7,3.471,149.97,No Failure,0
L,299.56,308.34,1454.7,54.02,129,908.7,2.863,152.07,No Failure,0
H,301.02,311.74,1464.9,41.06,6,721.7,1.843,166.35,No Failure,0
M,301.27,310.02,1438.6,43.1,136,264.4,2.893,153.34,No Failure,0
L,301.03,311.75,1661.2,29.1,128,972.7,2.979,158.55,No Failure,0
M,300.68,310.24,1467.6,51.61,231,257.4,4.289,158.78,No Failure,0
L,300.17,310.54,1350.9,55.03,114,1997.6,3.609,149.73,No Failure,0
L,295.7,304.74,1393.5,40.67,191,1049.9,2.994,157.45,No Failure,0
M,301.56,311.05,1388.1,35.21,10,1571.2,1.746,155.55,No Failure,0
M,300.98,311.34,1317.4,45.52,47,265.3,2.22,129.59,No Failure,0
M,298.03,308.78,1384.2,47.35,226,436.3,4.044,157.38,No Failure,0
M,300.56,311.65,1458.9,48.7,23,1449.5,1.879,162.56,No Failure,0
M,301.3,310.15,1297.0,46.64,247,321.8,4.301,155.14,No Failure,0
H,302.34,310.84,1278.8,49.64,145,1000.7,2.652,137.79,Heat Dissipation Failure,1
L,301.02,310.05,1589.4,33.07,177,505.6,2.63,139.88,No Failure,0
M,300.64,309.58,1568.2,49.12,213,1939.9,3.663,140.46,No Failure,0
M,301.89,313.46,1634.3,35.46,68,72.8,1.586,153.84,No Failure,0
L,299.39,310.73,1535.0,14.9,101,2470.2,2.223,159.81,Power Failure,1
L,300.82,309.83,1572.3,35.37,16,499.8,1.367,125.38,No Failure,0
L,298.76,310.47,1630.3,34.46,147,294.1,2.935,144.94,No Failure,0
L,302.22,313.5,1436.1,42.41,70,408.9,2.432,149.77,No Failure,0
M,296.78,305.15,1411.6,48.38,167,623.6,3.385,152.39,No Failure,0
L,301.63,310.6,1514.6,41.93,151,1122.7,3.341,139.69,No Failure,0
M,300.04,308.38,1383.2,60.09,85,3094.1,2.703,149.47,No Failure,0
L,301.93,311.84,1575.9,34.75,71,501.8,2.179,151.33,No Failure,0
L,298.44,308.46,1724.2,20.12,97,518.8,2.012,148.66,No Failure,0
L,300.18,310.2,1497.2,42.78,185,536.1,3.779,153.42,No Failure,0
L,300.12,308.09,1487.3,34.55,1,325.6,1.092,148.03,No Failure,0
H,300.87,309.44,1546.7,29.14,245,1695.0,3.937,152.97,No Failure,0
L,297.9,308.17,1453.7,37.02,112,641.5,3.113,140.98,No Failure,0
L,301.27,311.89,1521.2,32.17,53,422.7,2.107,149.36,No Failure,0
L,296.31,304.29,1605.3,33.15,54,1498.0,1.815,143.98,No Failure,0
L,298.66,307.38,1308.7,55.23,248,230.1,4.477,150.93,Overstrain Failure,1
M,296.87,307.9,1586.4,41.24,140,434.1,2.82,149.86,No Failure,0
M,301.66,310.43,1432.3,37.35,124,1589.6,3.105,143.46,No Failure,0
L,300.8,310.79,1390.5,55.98,127,1254.8,3.318,145.63,No Failure,0
M,300.91,309.59,1598.9,37.05,104,852.5,2.622,146.68,No Failure,0
L,302.95,313.78,1638.8,27.7,58,1887.5,2.349,146.26,No Failure,0
H,299.37,307.35,1439.8,26.74,49,1743.8,1.838,126.26,No Failure,0
M,301.22,310.91,1518.4,39.2,30,172.6,1.438,165.21,No Failure,0
L,300.13,311.07,1565.0,23.58,18,1930.8,1.462,146.66,No Failure,0
M,299.83,310.44,1474.8,28.28,163,591.1,2.904,156.63,No Failure,0
H,302.61,312.15,1550.6,36.19,186,328.7,3.367,129.25,No Failure,0
L,304.16,313.47,1297.0,51.32,103,198.8,2.997,151.93,No Failure,0
H,299.14,308.9,1418.7,52.92,167,1284.9,3.73,147.54,No Failure,0
H,301.67,310.38,1578.3,46.6,92,721.1,2.318,130.68,No Failure,0
L,300.64,310.54,1527.5,39.96,191,625.7,3.506,168.51,No Failure,0
M,300.66,310.58,1524.7,34.3,205,1297.2,3.468,166.09,No Failure,0
M,300.49,310.08,1454.5,43.88,54,2236.4,2.273,154.78,No Failure,0
M,299.33,310.33,1439.7,57.82,159,2754.9,3.663,159.94,No Failure,0
M,292.83,301.76,1461.2,41.41,186,719.9,3.459,155.08,No Failure,0
H,303.07,311.37,1495.1,35.38,152,229.2,2.654,145.18,No Failure,0
M,298.61,308.09,1428.8,38.42,157,610.9,3.102,128.86,No Failure,0
M,299.52,309.64,1440.9,37.33,48,1429.2,2.368,137.19,No Failure,0
L,299.56,309.45,1536.5,45.49,99,1821.4,2.357,143.34,No Failure,0
L,298.43,308.28,1517.4,32.36,11,2204.1,1.957,174.7,No Failure,0
H,300.48,309.35,1517.5,44.06,43,1149.8,1.596,139.03,No Failure,0
M,299.91,308.93,1511.8,45.68,147,212.5,3.235,145.94,No Failure,0
L,298.57,308.08,1386.4,43.44,166,1203.1,3.135,150.73,No Failure,0
H,300.3,309.73,1515.3,29.14,96,755.9,2.327,155.7,No Failure,0
H,299.93,311.03,1563.9,38.51,227,383.1,4.049,147.42,No Failure,0
M,301.86,312.12,1554.8,34.73,117,679.2,2.937,144.95,No Failure,0
L,297.32,306.79,1489.8,39.26,200,1200.9,3.96,179.74,No Failure,0
M,298.39,309.48,1594.9,33.33,102,659.8,2.012,143.95,No Failure,0
L,301.45,311.9,1491.7,52.43,246,67.6,4.035,178.81,Overstrain Failure,1
L,298.72,307.36,1481.5,41.87,220,580.6,3.655,145.12,No Failure,0
M,298.19,304.95,1578.3,23.82,37,1819.7,1.41,150.94,No Failure,0
H,298.82,307.49,1616.9,26.7,235,336.8,3.801,159.53,No Failure,0
L,299.8,310.39,1331.2,52.05,161,668.2,3.679,145.54,No Failure,0
H,299.81,310.7,1527.3,38.2,193,70.8,2.926,133.91,No Failure,0
H,299.58,307.92,1531.4,36.1,89,793.9,2.073,153.21,No Failure,0
L,297.94,308.6,1336.3,51.29,21,487.0,1.974,134.78,No Failure,0
L,301.55,312.17,1475.7,38.48,86,2211.8,2.415,121.58,No Failure,0
M,302.65,314.05,1566.4,28.05,50,838.3,2.323,155.13,No Failure,0
M,296.18,307.13,1656.2,28.72,83,90.7,1.823,136.81,No Failure,0
L,296.89,308.24,1371.0,46.28,109,158.3,2.64,160.56,No Failure,0
M,302.01,312.49,1264.8,60.29,165,1464.1,4.034,152.89,No Failure,0
M,303.14,313.59,1399.2,48.4,55,1446.5,2.15,158.59,No Failure,0
M,295.74,305.4,1581.3,36.18,196,860.3,3.688,165.93,No Failure,0
M,301.63,312.45,1583.6,37.73,36,22.0,1.76,158.56,No Failure,0
L,303.28,311.94,1519.7,40.48,138,966.1,2.897,162.78,No Failure,0
L,298.28,308.14,1725.9,19.8,214,792.4,3.492,142.22,No Failure,0
L,303.16,313.7,1602.7,40.23,174,445.7,3.248,163.3,No Failure,0
H,299.64,311.05,1467.4,45.84,115,2448.6,2.629,156.45,No Failure,0
H,300.63,310.15,1286.0,57.73,88,1511.0,3.03,155.81,No Failure,0
M,298.56,309.53,1405.8,50.91,159,34.8,3.123,162.31,No Failure,0
L,302.0,311.8,1223.1,59.3,124,594.6,3.437,162.88,No Failure,0
M,301.67,312.66,1401.1,56.81,217,443.0,3.986,153.75,Overstrain Failure,1
L,303.45,312.65,1344.2,53.95,40,803.8,1.989,127.82,No Failure,0
L,302.88,313.61,1508.0,40.26,192,56.2,3.763,166.51,No Failure,0
L,299.98,309.89,1464.8,43.45,13,612.2,1.651,144.03,No Failure,0
H,306.22,315.03,1599.1,23.3,236,435.1,3.552,154.07,No Failure,0
L,302.7,312.55,1509.9,41.3,113,1234.9,2.146,158.12,No Failure,0
M,301.08,312.4,1443.5,45.66,2,1094.6,1.366,124.74,No Failure,0
H,298.01,306.99,1465.9,37.17,244,1423.1,4.315,145.96,No Failure,0
M,296.94,305.46,1524.5,24.58,51,621.0,1.843,152.1,No Failure,0
L,297.11,307.51,1405.4,55.83,230,1498.7,4.546,186.11,Overstrain Failure,1
H,298.13,306.45,1358.9,44.06,182,590.3,3.457,160.92,Heat Dissipation Failure,1
M,302.75,314.32,1523.9,57.21,224,275.0,4.192,139.1,Power Failure,1
L,300.97,312.51,1556.5,47.42,156,140.0,3.793,164.4,No Failure,0
M,298.77,309.81,1247.4,53.68,91,274.1,2.897,167.7,No Failure,0
H,299.73,309.72,1463.4,51.63,118,1011.1,3.492,147.13,No Failure,0
L,299.48,311.15,1656.8,33.21,187,414.1,3.183,150.76,No Failure,0
M,301.6,312.95,1488.0,34.91,115,459.0,2.56,156.26,No Failure,0
L,298.24,307.71,1565.9,35.72,234,232.0,3.61,156.34,No Failure,0
L,300.7,312.14,1566.0,30.34,137,79.9,2.929,149.67,No Failure,0
M,300.6,309.69,1420.2,57.65,15,1506.6,1.82,137.12,No Failure,0
L,298.3,308.11,1456.4,40.42,17,1445.5,2.272,130.18,No Failure,0
L,303.18,311.38,1554.5,44.6,111,55.9,2.3,138.51,No Failure,0
L,299.41,309.55,1593.6,26.69,7,1644.8,1.39,143.45,No Failure,0
L,298.01,307.72,1406.0,48.19,93,1008.0,2.507,148.36,No Failure,0
L,301.71,311.25,1591.1,35.91,65,638.0,2.234,158.55,No Failure,0
M,300.11,309.94,1480.2,52.61,210,947.2,3.712,139.65,No Failure,0
L,300.82,310.24,1344.6,33.15,219,1314.6,3.708,139.26,No Failure,0
L,297.63,307.67,1168.0,53.32,144,960.1,3.416,155.86,No Failure,0
H,301.62,312.91,1455.5,49.41,200,353.3,3.941,140.55,Tool Wear Failure,1
H,304.34,313.28,1477.7,35.34,249,90.8,4.515,142.05,No Failure,0
L,297.47,308.34,1267.7,54.18,236,779.6,4.218,148.4,Overstrain Failure,1
L,300.71,310.92,1374.4,51.49,14,1075.6,1.875,147.26,No Failure,0
L,298.43,308.8,1722.8,44.9,109,458.1,2.721,136.29,No Failure,0
L,305.38,315.35,1459.8,30.06,78,590.4,1.735,158.45,No Failure,0
L,302.48,311.76,1515.7,48.0,62,641.0,2.658,163.43,No Failure,0
H,300.56,311.01,1426.2,40.66,138,317.6,2.69,144.66,No Failure,0
M,297.54,308.06,1365.4,40.49,13,555.9,2.047,176.31,No Failure,0
L,298.03,307.23,1439.0,40.74,54,1124.4,1.881,141.26,No Failure,0
H,301.49,310.15,1374.5,39.7,50,865.3,1.585,150.14,No Failure,0
L,297.28,307.36,1428.1,31.34,242,287.1,3.115,134.4,No Failure,0
L,297.34,308.09,1556.0,24.85,229,1251.9,3.842,144.25,No Failure,0
L,300.02,311.02,1539.6,22.78,173,1660.3,3.363,172.02,No Failure,0
L,300.27,311.47,1462.9,42.99,109,162.0,2.854,154.18,No Failure,0
H,300.76,311.13,1709.1,15.76,151,331.6,2.308,150.6,Power Failure,1
L,299.12,308.86,1370.9,47.26,164,242.5,3.024,139.99,No Failure,0
M,301.84,311.84,1516.2,45.06,34,601.8,1.896,133.22,No Failure,0
L,298.28,307.03,1464.4,36.97,50,1081.9,2.305,164.85,No Failure,0
H,301.25,310.57,1404.1,50.27,197,466.8,3.684,154.77,No Failure,0
M,300.43,310.37,1325.6,37.4,229,1171.1,3.388,140.13,No Failure,0
L,301.2,310.93,1473.9,44.19,242,708.7,3.829,139.17,No Failure,0
L,302.36,312.46,1859.3,20.42,62,564.1,1.879,156.57,No Failure,0
H,299.09,307.71,1750.9,17.58,200,483.1,3.507,162.12,Power Failure,1
M,298.68,307.53,1503.3,37.65,169,1070.2,3.426,132.62,No Failure,0
L,296.62,307.4,1361.9,44.23,141,296.7,2.833,149.4,No Failure,0
H,295.96,305.13,1570.9,49.5,38,360.6,2.154,152.85,No Failure,0
L,299.65,308.97,1499.7,38.23,171,736.0,3.572,151.3,No Failure,0
L,299.78,309.88,1419.7,42.47,25,596.9,1.877,148.43,No Failure,0
M,297.83,306.9,1378.7,47.86,133,253.1,2.598,132.53,No Failure,0
L,298.26,309.36,1696.8,38.72,85,541.7,2.212,150.84,No Failure,0
L,303.05,311.79,1442.4,45.87,9,337.4,0.829,159.42,No Failure,0
L,301.75,311.75,1630.9,28.71,93,900.4,2.39,133.01,No Failure,0
L,297.48,306.73,1614.2,23.44,217,403.2,3.827,151.98,No Failure,0
L,299.12,309.27,1536.8,34.66,192,298.2,3.851,155.07,No Failure,0
L,300.81,310.31,1399.8,47.75,58,408.7,2.31,136.64,No Failure,0
H,298.75,308.72,1684.9,32.89,185,104.0,3.037,142.58,No Failure,0
M,298.38,309.6,1451.9,46.51,78,239.8,2.44,139.66,No Failure,0
L,299.32,308.64,1455.5,29.73,103,1201.4,2.464,150.46,No Failure,0
L,302.18,311.49,1582.1,34.17,228,208.8,4.132,136.76,No Failure,0
M,302.36,312.05,1470.3,42.42,128,599.9,3.033,129.67,No Failure,0
L,298.53,310.0,1587.7,33.33,186,657.7,2.819,155.22,No Failure,0
L,300.92,310.83,1510.0,35.02,246,1318.7,4.197,162.64,No Failure,0
M,299.99,311.22,1660.0,13.92,137,463.3,1.871,146.32,Power Failure,1
L,297.98,307.81,1513.3,48.39,122,817.1,3.042,126.48,No Failure,0
M,299.41,310.6,1676.8,38.81,63,1266.0,2.707,135.9,No Failure,0
H,297.47,307.88,1408.3,30.55,150,967.2,2.419,143.85,No Failure,0
H,302.33,312.88,1360.8,58.33,205,1176.9,3.976,152.16,No Failure,0
L,303.1,311.67,1514.5,32.11,237,1142.4,3.789,140.6,No Failure,0
L,299.18,307.59,1459.2,34.84,133,1740.2,2.825,152.69,No Failure,0
L,298.7,309.77,1382.9,30.38,63,389.4,2.281,139.44,No Failure,0
M,302.11,313.17,1444.2,51.04,136,1816.7,2.975,163.9,No Failure,0
H,302.43,314.85,1341.8,54.34,248,294.3,4.566,131.59,Overstrain Failure,1
H,297.77,306.29,1344.4,53.34,47,173.4,2.254,147.16,Heat Dissipation Failure,1
L,299.7,310.19,1502.3,53.24,152,1119.4,3.42,142.84,No Failure,0
H,299.88,308.86,1508.2,34.03,109,357.8,2.147,151.93,No Failure,0
M,298.46,307.72,1322.8,56.72,185,582.3,4.104,133.66,No Failure,0
H,300.77,310.27,1395.4,38.04,89,809.3,2.497,151.35,No Failure,0
M,298.6,308.98,1541.7,24.57,118,410.0,2.647,143.31,No Failure,0
L,298.92,308.26,1666.1,35.74,73,707.6,2.58,152.31,No Failure,0
L,299.8,309.83,1529.0,43.26,239,727.7,3.969,142.98,No Failure,0
H,297.02,307.85,1667.5,33.55,118,203.1,2.575,163.32,No Failure,0
L,295.89,307.02,1412.6,41.47,227,224.1,3.363,149.64,No Failure,0
L,301.84,312.53,1489.6,45.37,210,2017.8,3.859,145.7,No Failure,0
L,298.52,308.97,1561.5,44.11,126,1040.0,3.352,146.2,No Failure,0
L,304.27,314.13,1499.7,46.55,79,1092.1,2.503,146.56,No Failure,0
H,303.94,313.37,1656.6,38.2,140,485.9,2.714,157.4,No Failure,0
L,298.99,309.53,1594.4,32.73,61,127.8,2.33,150.56,No Failure,0
L,304.68,313.63,1617.4,25.3,124,721.9,2.115,146.57,No Failure,0
M,301.88,311.99,1295.1,39.12,220,751.3,3.599,158.7,No Failure,0
M,298.71,307.63,1580.5,34.63,167,1159.7,2.961,175.0,No Failure,0
L,294.84,304.8,1563.3,38.82,193,754.8,3.773,141.85,No Failure,0
L,301.38,310.32,1768.9,19.29,137,1362.1,2.624,152.78,No Failure,0
L,300.06,309.66,1550.0,24.82,141,204.3,2.529,140.3,No Failure,0
L,300.86,310.19,1456.2,45.1,149,237.9,3.038,156.12,No Failure,0
L,299.54,308.75,1487.7,23.65,170,737.9,3.024,165.52,No Failure,0
L,297.71,307.62,1370.0,38.1,70,1013.8,2.322,133.36,No Failure,0
M,299.15,306.72,1612.6,31.69,21,460.2,1.689,153.94,No Failure,0
H,301.41,309.61,1685.5,31.06,54,199.6,1.76,129.93,No Failure,0
H,299.29,310.09,1610.3,40.85,184,818.6,3.78,142.95,No Failure,0
L,299.28,309.43,1537.2,40.29,239,1036.0,4.475,148.85,Tool Wear Failure,1
L,296.96,306.24,1640.4,45.46,222,1454.3,4.354,157.26,No Failure,0
H,300.18,311.16,1552.8,28.98,237,192.6,4.116,137.05,No Failure,0
M,297.78,307.14,1651.6,31.16,118,1202.0,3.317,135.27,No Failure,0
M,301.84,311.26,1291.5,51.23,74,393.5,2.355,141.0,No Failure,0
L,298.53,307.75,1235.1,37.75,210,1260.5,3.464,152.0,Tool Wear Failure,1
L,299.41,311.32,1427.4,43.66,100,2593.3,2.256,132.18,No Failure,0
M,304.33,314.56,1528.9,35.03,142,658.0,2.85,178.78,No Failure,0
M,299.39,309.58,1484.7,44.55,232,394.9,3.64,141.46,No Failure,0
L,299.12,309.59,1682.3,15.11,9,617.3,1.59,139.33,Power Failure,1
H,301.17,309.32,1440.4,51.51,195,971.2,3.847,133.96,No Failure,0
M,296.43,305.84,1693.1,35.45,3,134.3,1.441,155.99,No Failure,0
M,302.5,312.96,1666.3,27.51,149,637.0,2.515,143.42,No Failure,0
L,301.99,311.98,1516.1,29.38,31,409.5,1.315,156.63,No Failure,0
M,301.05,313.25,1295.0,37.36,191,212.2,3.302,154.05,No Failure,0
M,293.25,302.71,1412.1,38.9,241,741.5,4.476,172.67,No Failure,0
L,299.48,310.42,1609.6,41.41,135,1475.7,3.323,135.67,No Failure,0
M,297.45,308.26,1550.1,28.07,239,364.7,3.98,149.21,No Failure,0
M,302.25,312.39,1491.4,48.71,173,919.3,2.853,146.89,No Failure,0
H,302.11,312.43,1599.6,34.76,10,989.1,1.567,125.2,No Failure,0
L,300.78,310.49,1540.9,34.26,90,780.0,2.312,155.28,No Failure,0
H,297.59,305.62,1510.3,37.74,92,62.5,2.267,146.3,No Failure,0
L,302.99,313.34,1387.2,46.63,237,476.3,4.12,158.67,Overstrain Failure,1
L,299.48,309.9,1703.2,39.66,236,243.7,3.684,151.86,Tool Wear Failure,1
L,303.61,314.2,1457.4,34.58,194,1375.1,3.271,149.04,No Failure,0
L,300.53,310.59,1626.8,36.76,138,370.3,2.656,165.73,No Failure,0
L,301.01,311.98,1477.2,52.19,15,1107.0,1.803,141.07,No Failure,0
L,299.08,308.21,1470.9,50.55,198,499.9,2.802,159.67,No Failure,0
M,302.81,314.28,1459.9,43.66,102,585.9,2.716,154.06,No Failure,0
L,301.22,310.23,1354.9,41.49,51,916.8,2.328,169.35,No Failure,0
H,302.89,312.78,1211.6,63.14,211,213.8,3.932,147.07,Overstrain Failure,1
L,300.36,311.04,1393.2,44.64,25,603.7,2.279,176.92,No Failure,0
M,299.91,309.39,1518.8,41.81,157,371.4,2.946,144.47,No Failure,0
H,301.19,311.94,1596.3,37.98,82,1302.5,2.014,155.08,No Failure,0
H,302.89,312.54,1499.7,43.57,205,1814.5,4.037,142.58,No Failure,0
M,302.03,312.15,1767.0,9.55,173,1247.5,2.563,159.94,Power Failure,1
M,300.28,310.1,1511.6,50.28,44,1790.3,2.316,143.51,No Failure,0
L,296.29,305.71,1413.6,27.28,232,167.4,3.227,181.88,No Failure,0
L,301.62,313.87,1358.8,32.82,16,538.9,1.569,152.25,No Failure,0
L,297.12,306.28,1472.7,26.0,195,705.6,3.174,148.9,No Failure,0
L,300.07,307.78,1642.2,32.64,128,280.3,2.619,138.8,No Failure,0
L,299.77,308.96,1346.4,36.6,102,1079.3,2.444,125.83,No Failure,0
L,297.16,307.3,1428.0,48.89,120,1278.5,3.034,153.88,No Failure,0
H,300.75,310.37,1314.9,52.89,93,935.4,2.823,137.03,No Failure,0
H,304.31,315.33,1358.7,59.41,195,398.4,4.093,158.65,No Failure,0
H,299.37,310.36,1479.1,41.02,217,303.5,3.195,117.75,No Failure,0
M,301.53,311.21,1540.1,37.81,212,1355.4,4.126,137.01,No Failure,0
L,304.71,313.03,1401.7,47.8,129,410.7,2.98,150.85,No Failure,0
L,301.73,310.44,1632.0,31.46,234,1703.6,3.613,166.7,No Failure,0
M,298.71,308.68,1709.0,30.34,114,252.1,2.65,148.97,No Failure,0
M,300.47,308.91,1643.2,36.33,115,1486.2,2.622,151.97,No Failure,0
L,300.96,310.59,1470.1,39.66,71,377.6,2.338,136.41,No Failure,0
L,302.87,314.29,1587.5,19.33,201,387.0,3.084,149.76,Power Failure,1
L,302.43,312.77,1432.2,50.67,172,109.0,3.705,144.9,No Failure,0
L,294.46,304.51,1658.6,42.4,144,214.5,2.605,169.59,No Failure,0
L,298.29,307.25,1431.4,47.98,38,967.1,2.211,125.37,No Failure,0
L,299.86,310.04,1701.1,24.3,90,1094.0,2.033,158.68,No Failure,0
M,297.97,307.71,1623.7,33.35,96,5044.3,1.882,141.36,No Failure,0
H,292.6,302.84,1626.7,32.84,143,1028.3,3.218,147.52,No Failure,0
M,298.55,309.28,1630.8,37.97,188,1243.4,3.326,147.5,No Failure,0
M,299.99,310.89,1384.2,39.66,42,375.2,2.317,143.84,No Failure,0
H,298.95,309.08,1343.7,48.7,168,384.8,3.672,136.85,No Failure,0
L,298.01,308.52,1496.4,40.99,143,658.5,2.828,131.29,No Failure,0
M,300.08,309.57,1670.0,32.59,33,616.7,2.131,179.74,No Failure,0
L,300.69,311.82,1435.5,61.88,53,823.6,2.497,148.12,Power Failure,1
M,299.06,308.18,1517.1,37.34,89,144.0,2.235,137.54,No Failure,0
L,302.74,312.54,1662.4,30.93,140,1765.8,2.521,158.46,No Failure,0
H,300.12,311.35,1612.9,21.15,98,1568.9,1.963,160.35,No Failure,0
H,298.26,307.78,1418.4,40.9,184,175.0,3.569,150.29,No Failure,0
L,297.75,306.41,1325.1,46.91,58,406.3,2.097,137.69,No Failure,0
L,299.57,309.16,1578.8,28.6,107,1085.8,2.571,161.22,No Failure,0
L,302.23,313.62,1418.8,46.25,50,1279.4,2.071,139.97,No Failure,0
M,298.35,306.08,1583.6,40.84,57,1938.0,2.472,138.98,No Failure,0
M,301.19,311.29,1692.5,22.27,127,566.3,2.4,136.94,No Failure,0
L,300.19,309.56,1454.8,46.26,50,355.7,2.169,136.75,No Failure,0
H,303.99,313.82,1526.4,37.35,83,301.0,2.336,158.66,No Failure,0
L,300.78,310.43,1552.4,28.74,165,203.5,3.08,143.48,No Failure,0
L,298.6,309.56,1263.3,49.57,151,1651.6,3.312,179.1,No Failure,0
L,301.47,311.53,1318.6,49.38,179,167.6,3.29,153.03,No Failure,0
M,301.54,312.55,1662.6,28.52,160,1649.6,3.542,151.61,No Failure,0
L,299.21,310.49,1464.1,42.93,235,519.8,4.205,152.93,No Failure,0
L,297.67,307.7,1365.7,42.03,238,976.5,4.298,142.98,No Failure,0
L,301.07,310.71,1628.5,39.32,103,887.4,2.97,160.1,No Failure,0
H,300.13,310.5,1694.1,34.84,147,197.8,2.903,139.7,No Failure,0
M,296.97,307.54,1620.3,38.52,24,319.6,2.058,144.17,No Failure,0
H,300.51,309.36,1463.1,49.39,205,1533.8,4.243,160.47,No Failure,0
M,298.73,308.96,1493.0,44.09,146,623.1,3.57,166.3,No Failure,0
M,296.97,306.72,1652.0,20.72,227,2465.3,3.765,174.89,Tool Wear Failure,1
L,299.3,308.88,1686.2,18.57,30,378.9,1.405,144.67,Power Failure,1
M,302.57,311.87,1705.2,21.43,106,880.3,2.693,156.54,No Failure,0
L,302.42,311.79,1672.3,26.42,129,254.9,2.235,128.21,No Failure,0
L,301.89,313.15,1601.3,32.45,43,1205.8,1.687,168.9,No Failure,0
L,300.54,310.17,1241.3,35.47,73,747.2,1.547,147.99,No Failure,0
L,301.19,312.34,1608.9,39.34,69,164.6,2.203,158.48,No Failure,0
H,300.2,310.33,1520.7,39.66,163,937.3,3.099,157.7,No Failure,0
H,297.79,306.66,1381.7,39.51,171,1260.6,3.159,155.68,No Failure,0
M,298.19,308.38,1426.3,51.44,161,722.8,3.373,142.41,No Failure,0
L,298.79,307.6,1661.4,23.23,80,522.9,1.735,141.16,No Failure,0
H,302.8,313.41,1331.9,43.34,32,606.6,2.174,160.97,No Failure,0
M,302.15,311.95,1415.8,43.29,32,1157.4,1.919,143.85,No Failure,0
L,297.84,308.7,1501.5,27.37,198,1244.2,3.23,141.62,No Failure,0
M,300.11,311.54,1369.7,45.34,34,607.0,1.645,148.71,No Failure,0
M,299.19,307.46,1521.5,43.73,211,253.2,3.478,148.38,No Failure,0
L,299.69,309.23,1447.5,39.57,83,1386.2,2.14,144.93,No Failure,0
M,298.93,307.72,1701.8,15.82,154,972.3,2.799,148.27,Power Failure,1
M,302.81,314.97,1489.3,49.64,36,253.3,2.981,153.28,No Failure,0
L,299.96,309.52,1442.8,42.27,205,673.0,3.767,137.89,No Failure,0
L,300.43,309.12,1537.7,44.04,229,606.0,4.205,136.02,No Failure,0
M,300.45,312.69,1893.2,6.09,236,756.8,3.539,156.82,Power Failure,1
M,297.94,307.22,1618.7,34.68,1,509.2,1.015,154.9,No Failure,0
H,300.22,308.6,1668.7,25.66,228,1328.8,3.938,145.91,No Failure,0
H,302.12,310.97,1473.4,52.93,58,912.0,2.514,143.29,No Failure,0
M,302.95,313.09,1623.9,28.95,145,524.9,3.15,159.56,No Failure,0
M,297.7,307.75,1458.1,54.79,232,1381.4,3.908,135.87,Overstrain Failure,1
M,296.96,306.13,1318.1,49.53,161,597.8,3.483,136.39,No Failure,0
M,300.12,309.64,1475.6,42.21,201,1282.8,3.862,140.8,No Failure,0
L,302.22,312.27,1444.5,51.35,58,1447.2,2.38,120.63,No Failure,0
M,300.72,312.04,1568.8,30.56,231,503.6,3.375,173.81,No Failure,0
M,301.36,311.69,1786.4,32.35,158,80.7,2.503,134.35,No Failure,0
M,297.28,306.72,1409.0,49.22,219,758.5,4.186,162.25,Tool Wear Failure,1
H,298.86,308.63,1414.8,30.6,2,972.3,1.605,153.44,No Failure,0
M,295.61,306.38,1611.0,26.74,105,1293.0,2.177,154.54,No Failure,0
L,299.72,311.4,1600.3,36.79,204,129.2,3.819,169.94,No Failure,0
L,295.67,304.57,1492.0,31.18,23,1182.7,1.485,155.46,No Failure,0
L,302.67,313.78,1347.5,58.65,55,233.3,2.226,149.35,No Failure,0
L,303.11,312.8,1431.4,47.75,207,2449.9,3.951,167.85,No Failure,0
L,300.28,308.66,1540.7,34.24,238,715.8,3.342,124.22,Tool Wear Failure,1
L,296.97,305.15,1526.3,29.99,93,1633.5,2.39,165.33,No Failure,0
L,300.75,312.09,1571.6,43.39,39,2056.9,1.548,151.16,No Failure,0
L,303.72,315.17,1600.1,51.88,28,1549.6,1.766,149.01,No Failure,0
M,300.95,310.38,1401.2,42.91,206,1868.5,3.601,147.07,Tool Wear Failure,1
M,302.37,312.16,1458.5,30.49,193,1395.2,3.549,154.27,No Failure,0
L,299.03,307.25,1575.6,25.63,166,1111.6,2.357,144.05,No Failure,0
L,298.26,309.02,1656.9,36.22,6,956.8,1.802,138.46,No Failure,0
L,299.86,309.83,1451.5,43.16,89,2183.9,2.907,150.92,No Failure,0
L,296.15,304.59,1570.6,35.3,54,808.1,2.117,158.49,No Failure,0
L,304.53,314.73,1337.3,50.08,139,1887.6,3.137,148.51,No Failure,0
L,300.28,308.89,1618.4,45.27,164,729.5,3.336,155.8,No Failure,0
L,301.73,312.29,1454.4,42.37,217,877.8,3.385,158.64,Tool Wear Failure,1
H,299.08,307.99,1481.9,45.07,60,1362.8,2.285,157.96,No Failure,0
M,296.91,307.25,1539.5,26.11,141,1583.4,2.824,156.86,No Failure,0
H,302.85,312.2,1459.6,35.02,16,583.9,2.761,157.45,No Failure,0
L,297.75,305.39,1582.9,29.6,45,1176.6,2.226,153.49,No Failure,0
L,300.7,311.69,1478.6,43.84,170,1141.0,3.326,124.44,No Failure,0
H,300.89,311.94,1659.7,29.75,138,292.5,2.473,141.37,No Failure,0
L,300.15,309.63,1341.5,40.82,75,1146.3,2.467,146.75,No Failure,0
M,298.43,308.71,1427.6,38.35,119,1860.9,2.739,159.87,No Failure,0
H,299.7,310.14,1390.1,46.0,229,284.1,4.118,144.2,No Failure,0
M,298.1,308.57,1606.5,28.03,80,433.1,1.847,161.75,No Failure,0
L,301.62,313.34,1362.2,44.52,15,720.3,1.34,167.2,No Failure,0
M,301.14,311.56,1577.0,29.31,25,208.2,1.751,176.37,No Failure,0
L,299.96,309.6,1519.2,30.36,87,1119.4,2.129,157.59,No Failure,0
L,298.86,309.29,1499.2,38.57,135,329.2,2.915,142.02,No Failure,0
L,304.21,313.78,1334.7,51.94,224,214.9,3.752,154.7,Overstrain Failure,1
H,297.4,306.33,1476.3,31.58,137,1240.5,3.129,159.97,No Failure,0
M,296.91,308.13,1667.9,22.22,19,720.6,1.048,132.0,No Failure,0
L,299.84,310.37,1675.8,30.55,47,313.8,2.132,164.34,No Failure,0
L,299.48,307.62,1604.0,36.15,219,461.2,3.692,143.93,No Failure,0
M,302.2,311.51,1450.6,58.69,34,1610.8,2.241,152.44,No Failure,0
H,301.29,312.05,1579.6,43.88,209,811.3,3.816,137.67,No Failure,0
L,300.06,308.5,1545.8,32.47,196,903.4,3.343,162.82,No Failure,0
L,301.0,310.25,1679.7,38.59,33,231.4,1.807,127.74,No Failure,0
H,300.96,313.63,1442.4,55.71,138,642.8,3.282,149.27,No Failure,0
H,304.21,313.88,1433.7,37.6,139,1168.8,2.79,144.01,No Failure,0
H,300.51,311.59,1458.1,37.72,26,252.9,1.905,159.43,No Failure,0
L,298.64,310.14,1546.0,35.95,29,269.8,2.194,144.9,No Failure,0
L,300.4,309.49,1523.6,46.96,48,345.6,2.977,164.95,No Failure,0
L,294.76,305.03,1521.4,34.75,231,1264.1,4.105,146.53,No Failure,0
L,299.93,311.99,1342.8,48.72,15,291.1,2.126,157.3,No Failure,0
H,302.19,312.65,1486.1,50.63,246,697.9,3.648,158.4,No Failure,0
L,301.2,313.57,1350.4,46.13,150,188.6,3.176,154.65,No Failure,0
M,300.6,309.96,1545.3,37.76,86,272.1,2.211,156.49,No Failure,0
H,301.3,313.1,1615.8,26.02,77,1115.5,1.63,130.94,No Failure,0
H,302.21,312.22,1397.1,37.76,240,1408.3,4.264,143.11,No Failure,0
M,302.85,312.52,1713.4,33.31,107,532.7,2.039,144.02,No Failure,0
H,300.89,311.53,1563.8,32.21,68,180.3,1.877,157.96,No Failure,0
L,299.37,309.26,1412.4,37.61,230,703.2,3.327,164.13,No Failure,0
L,295.37,305.29,1466.0,44.79,150,831.3,3.154,153.34,No Failure,0
L,301.96,312.44,1394.1,33.77,187,290.6,3.686,146.36,No Failure,0
H,301.03,309.22,1642.5,26.25,60,578.5,1.558,150.29,No Failure,0
H,300.31,309.51,1654.2,30.41,245,242.0,3.698,153.65,No Failure,0
L,298.62,309.35,1607.9,56.9,5,189.9,2.228,148.99,Power Failure,1
L,301.93,312.92,1464.9,45.49,238,565.1,4.467,142.05,No Failure,0
L,299.49,309.84,1517.3,30.42,87,361.7,2.283,136.11,No Failure,0
L,299.93,310.21,1415.5,52.89,2,1567.0,1.506,137.89,No Failure,0
H,299.89,310.29,1648.8,37.6,110,1281.9,2.556,136.21,No Failure,0
L,300.9,311.86,1362.8,62.78,102,719.4,2.948,152.04,No Failure,0
M,297.7,306.28,1554.0,42.62,48,299.6,1.95,142.37,No Failure,0
M,301.13,310.62,1523.2,45.66,214,1441.6,3.457,157.59,No Failure,0
L,298.56,308.48,1478.6,48.37,129,851.0,3.272,123.33,No Failure,0
L,298.63,308.82,1255.0,54.86,6,867.5,1.853,140.3,No Failure,0
H,301.77,309.66,1404.1,35.61,232,521.7,3.285,147.88,No Failure,0
M,298.01,306.75,1245.9,54.0,118,1296.2,3.232,152.05,No Failure,0
L,301.77,311.75,1442.1,33.76,203,496.8,4.007,150.93,No Failure,0
L,300.2,311.22,1431.5,36.39,26,126.1,1.871,161.72,No Failure,0
H,296.7,306.28,1666.7,40.09,103,210.3,2.324,167.83,No Failure,0
H,302.73,312.06,1362.7,49.2,174,2317.7,4.158,155.49,No Failure,0
H,300.62,311.15,1535.4,36.7,104,369.9,2.565,151.48,No Failure,0
M,300.79,310.46,1346.0,56.51,4,1807.0,2.201,156.44,No Failure,0
H,302.01,312.9,1411.3,53.26,216,383.8,3.908,148.78,No Failure,0
L,303.0,312.78,1503.1,40.4,152,726.3,2.932,164.39,No Failure,0
M,300.4,309.29,1464.2,30.34,142,1515.6,3.045,149.49,No Failure,0
L,301.23,312.66,1473.7,50.01,45,933.0,1.959,147.7,No Failure,0
M,300.74,311.98,1606.5,19.04,104,671.8,2.09,155.95,Power Failure,1
H,299.31,308.36,1376.5,47.41,217,654.3,3.882,141.99,No Failure,0
H,296.83,307.23,1538.3,31.76,69,1152.2,2.506,168.45,No Failure,0
M,300.43,310.1,1472.3,52.56,42,545.0,1.849,131.93,No Failure,0
M,302.76,313.38,1554.7,26.14,234,2263.4,3.981,137.6,No Failure,0
H,301.17,310.29,1561.2,33.38,90,161.2,2.599,163.16,No Failure,0
H,297.87,308.74,1501.2,44.38,121,398.9,3.073,169.58,No Failure,0
M,302.2,313.39,1475.0,46.02,3,355.6,1.96,173.88,No Failure,0
L,299.38,308.43,1568.3,33.74,81,595.0,1.946,143.56,No Failure,0
L,295.82,305.88,1400.2,36.68,232,824.1,3.432,149.0,Tool Wear Failure,1
H,302.04,313.25,1435.2,49.53,224,2714.8,3.485,153.87,Tool Wear Failure,1
M,298.11,307.11,1337.1,50.07,248,470.5,4.163,155.42,Overstrain Failure,1
M,303.56,312.89,1369.7,36.48,170,1101.0,3.32,162.89,No Failure,0
M,302.3,312.96,1506.9,33.93,187,273.4,3.051,155.43,No Failure,0
L,299.54,309.38,1562.8,26.31,221,224.5,3.707,181.14,No Failure,0
L,300.92,309.34,1746.1,42.54,20,1134.8,1.799,163.52,No Failure,0
H,304.85,314.53,1522.8,48.13,75,815.7,2.51,164.62,No Failure,0
L,302.0,313.75,1558.5,41.51,24,323.6,2.051,139.6,No Failure,0
M,300.48,312.54,1537.3,30.75,244,742.5,3.855,161.02,No Failure,0
M,305.78,315.14,1340.4,57.87,149,369.2,3.088,163.94,No Failure,0
H,300.24,309.32,1899.7,18.97,218,1268.1,3.824,161.48,No Failure,0
L,301.16,310.71,1372.5,48.78,150,663.9,3.435,129.9,No Failure,0
M,298.13,309.93,1505.6,42.17,159,131.6,2.895,141.11,No Failure,0
L,296.65,307.49,1628.2,44.69,170,1674.8,3.326,141.25,No Failure,0
L,299.42,310.89,1497.8,32.13,243,1541.4,3.92,148.27,No Failure,0
L,300.08,311.08,1525.7,38.48,217,974.2,3.378,146.76,No Failure,0
L,300.66,309.34,1474.9,42.93,109,327.0,2.979,187.56,No Failure,0
H,297.16,306.21,1426.9,39.14,157,71.6,2.814,144.51,No Failure,0
H,301.32,310.63,1713.2,22.06,125,940.8,2.998,151.02,No Failure,0
L,298.34,307.82,1262.6,57.13,43,1257.7,2.65,158.05,No Failure,0
H,301.22,310.54,1517.8,46.5,149,238.6,3.013,151.81,No Failure,0
M,301.87,311.31,1535.9,40.35,93,989.2,2.214,173.72,No Failure,0
M,299.21,309.85,1572.9,40.99,195,370.7,3.609,156.73,No Failure,0
H,298.07,308.21,1347.8,56.84,219,1070.2,3.704,147.5,No Failure,0
M,303.09,314.31,1594.5,32.57,175,244.7,3.147,147.07,No Failure,0
L,301.75,312.0,1669.8,30.32,43,1155.4,1.827,162.17,No Failure,0
L,300.3,309.63,1305.2,48.5,229,713.5,4.17,166.54,Overstrain Failure,1
L,302.94,313.13,1354.2,44.63,83,190.3,2.814,157.81,No Failure,0
H,300.17,308.66,1633.1,29.9,117,292.5,2.819,144.52,No Failure,0
M,298.76,306.45,1487.0,50.89,158,1201.5,3.684,143.78,No Failure,0
L,298.0,308.64,1488.6,42.95,142,490.2,3.189,158.06,No Failure,0
L,299.78,310.8,1654.6,31.02,192,158.9,3.385,170.19,No Failure,0
H,301.54,311.62,1428.2,44.9,103,663.7,2.527,160.09,No Failure,0
L,302.78,312.39,1586.8,43.41,164,489.0,2.714,146.69,No Failure,0
M,300.05,308.71,1500.5,39.12,197,800.5,3.592,148.74,No Failure,0
M,302.43,313.59,1399.2,43.84,129,1598.4,2.599,126.67,No Failure,0
L,299.57,310.06,1578.1,46.26,179,427.3,3.547,164.44,No Failure,0
L,298.44,308.73,1501.3,49.14,213,270.4,3.233,136.75,No Failure,0
L,297.39,307.38,1450.9,41.07,238,258.7,3.634,164.26,No Failure,0
L,298.99,308.52,1482.9,37.29,131,1656.9,2.625,152.05,No Failure,0
M,297.46,306.35,1535.0,42.39,242,113.2,5.015,175.65,No Failure,0
H,304.02,314.27,1314.7,51.91,114,814.1,2.752,163.48,No Failure,0
L,300.88,310.34,1478.5,46.3,139,580.6,2.982,155.12,No Failure,0
M,299.81,309.38,1511.0,36.73,35,1017.2,1.9,150.99,No Failure,0
L,303.44,315.16,1514.9,40.56,9,796.9,1.935,143.29,No Failure,0
L,297.4,307.35,1184.8,56.66,112,696.1,2.833,151.63,No Failure,0
M,299.73,307.27,1358.4,47.49,146,1341.1,2.621,149.33,Heat Dissipation Failure,1
M,304.0,313.46,1510.7,41.52,122,871.3,2.381,133.0,No Failure,0
M,299.71,308.71,1503.5,51.4,162,668.3,3.345,166.1,No Failure,0
L,304.89,314.75,1531.6,34.57,71,1071.1,2.656,147.35,No Failure,0
M,301.57,310.15,1538.7,43.29,16,618.3,1.521,147.03,No Failure,0
L,302.61,313.05,1216.6,58.76,178,701.1,3.985,129.01,No Failure,0
H,302.67,312.37,1407.3,46.54,45,164.8,2.026,145.59,No Failure,0
M,300.0,309.53,1395.5,56.21,79,1883.2,2.653,159.46,No Failure,0
H,299.02,309.17,1501.1,39.16,216,985.9,3.394,141.39,No Failure,0
L,299.77,309.69,1606.7,35.24,3,975.1,1.646,138.61,No Failure,0
L,298.03,307.89,1384.1,51.6,107,781.8,3.072,147.43,No Failure,0
M,299.87,309.64,1624.0,21.72,158,2099.0,2.307,151.88,No Failure,0
L,299.99,309.97,1544.4,41.8,230,1218.6,3.684,162.58,No Failure,0
M,303.38,313.72,1369.2,50.31,85,82.1,2.618,165.56,No Failure,0
M,301.19,311.4,1373.3,45.63,80,771.2,2.666,149.48,No Failure,0
H,304.73,315.85,1710.0,18.97,50,1092.5,2.39,134.62,Power Failure,1
L,295.68,305.13,1520.9,26.54,245,2154.7,3.581,143.45,No Failure,0
H,297.57,307.8,1636.8,38.86,54,402.9,1.31,162.37,No Failure,0
L,299.29,311.74,1296.2,44.75,168,483.7,3.198,136.75,No Failure,0
L,302.98,312.94,1432.0,45.14,217,811.1,3.975,158.04,No Failure,0
M,299.78,309.78,1646.9,39.94,187,657.6,3.611,178.33,No Failure,0
L,297.06,305.8,1619.4,47.3,129,358.1,2.972,161.58,No Failure,0
H,299.51,308.8,1456.8,44.37,149,249.6,2.852,154.53,No Failure,0
H,297.6,307.5,1609.6,38.71,84,1127.3,2.523,166.36,No Failure,0
H,297.21,307.75,1526.8,45.38,135,425.3,3.085,155.26,No Failure,0
H,304.0,314.65,1507.6,33.53,189,1085.8,3.431,145.58,No Failure,0
M,299.3,309.62,1491.1,46.37,181,559.4,3.316,152.65,No Failure,0
L,300.35,311.15,1490.2,31.53,40,473.6,2.084,137.26,No Failure,0
H,299.81,308.81,1320.4,44.87,50,1119.4,2.254,134.65,No Failure,0
L,299.5,309.99,1508.4,44.63,179,254.9,3.45,148.49,No Failure,0
H,298.32,308.33,1574.6,37.01,121,403.2,3.061,141.62,No Failure,0
L,299.38,309.5,1342.5,46.35,110,778.8,2.72,141.46,No Failure,0
M,300.67,310.31,1363.7,55.43,237,776.9,4.544,137.37,Overstrain Failure,1
L,302.84,311.88,1474.9,29.8,40,1102.5,1.622,146.75,No Failure,0
L,301.89,310.68,1382.1,49.54,223,946.7,3.678,141.45,Overstrain Failure,1
L,297.56,307.88,1373.8,50.86,135,1026.1,3.161,150.38,No Failure,0
L,301.98,312.47,1583.3,37.93,232,772.5,3.261,142.02,No Failure,0
L,300.95,310.82,1390.9,48.01,123,402.7,3.093,141.61,No Failure,0
L,298.75,308.74,1406.8,37.45,200,776.7,3.858,147.56,No Failure,0
L,300.36,309.64,1553.9,52.56,57,753.2,3.145,130.23,No Failure,0
M,301.14,311.65,1763.7,12.61,196,489.0,3.319,139.42,Power Failure,1
L,300.09,310.15,1465.1,54.45,52,1467.1,2.95,164.84,No Failure,0
H,300.96,310.59,1643.7,28.88,231,876.5,3.777,158.18,No Failure,0
L,298.27,309.14,1577.5,40.9,144,151.4,3.477,150.16,No Failure,0
M,303.99,314.63,1604.4,31.86,191,55.3,3.404,131.88,No Failure,0
L,296.14,304.61,1422.1,54.97,228,1904.2,4.605,137.46,Overstrain Failure,1
M,301.16,311.2,1529.8,37.71,22,2918.0,1.126,146.95,No Failure,0
M,300.73,309.78,1503.8,34.58,84,224.4,1.997,154.67,No Failure,0
M,301.29,311.43,1490.2,51.2,143,414.9,3.142,142.5,No Failure,0
L,298.58,305.43,1417.6,47.32,3,270.9,2.041,156.74,No Failure,0
M,302.34,312.54,1537.3,36.66,9,1115.5,1.84,148.07,No Failure,0
L,299.78,310.5,1612.6,30.09,165,83.5,2.77,160.42,No Failure,0
L,297.63,307.52,1631.0,28.74,44,548.0,1.389,155.08,No Failure,0
L,297.81,306.65,1306.7,52.75,124,343.9,3.055,160.61,No Failure,0
M,300.25,312.21,1484.6,44.19,169,1108.0,3.232,150.14,No Failure,0
L,296.81,307.96,1394.3,41.73,194,184.3,3.453,143.71,No Failure,0
M,303.6,313.07,1476.7,44.92,230,1250.0,3.915,160.21,No Failure,0
L,302.1,311.84,1726.1,20.51,5,64.2,1.19,151.9,No Failure,0
L,303.65,311.67,1687.9,36.75,3,287.1,1.855,152.28,No Failure,0
L,303.44,313.92,1575.8,37.02,11,164.3,1.919,155.69,No Failure,0
L,299.3,307.93,1499.2,49.81,189,1032.7,3.554,163.95,No Failure,0
M,298.26,308.93,1519.6,25.31,20,467.1,1.39,155.08,No Failure,0
H,294.64,305.67,1464.1,50.54,114,950.6,3.189,162.69,No Failure,0
M,299.19,309.12,1256.1,57.94,3,315.2,2.071,122.28,No Failure,0
L,303.53,312.47,1745.7,22.81,205,317.8,3.585,156.16,No Failure,0
L,298.34,309.59,1402.7,40.17,204,359.7,3.794,167.06,No Failure,0
H,299.58,309.58,1372.1,44.99,158,1234.1,3.271,162.73,No Failure,0
L,298.89,308.98,1498.1,48.73,243,539.9,4.266,138.15,Overstrain Failure,1
L,300.75,309.82,1824.3,18.35,146,1251.8,2.059,142.12,No Failure,0
H,302.57,312.77,1568.2,43.38,171,1240.3,3.189,170.87,No Failure,0
L,296.92,306.72,1485.6,37.81,106,2014.4,3.058,178.94,No Failure,0
L,297.3,305.98,1433.6,37.17,245,224.3,4.306,155.9,No Failure,0
L,302.97,314.31,1296.0,60.69,87,1441.2,2.808,192.45,Random Failure,1
M,301.47,313.23,1528.6,37.84,60,1082.7,1.824,147.59,No Failure,0
L,299.48,310.5,1457.0,44.5,125,476.8,3.137,165.09,No Failure,0
M,303.41,314.28,1417.0,38.8,43,855.6,1.425,139.37,No Failure,0
L,297.27,309.04,1596.5,42.41,168,385.2,3.472,155.91,No Failure,0
L,301.86,310.81,1573.5,45.53,146,219.1,3.185,135.38,No Failure,0
L,299.86,308.8,1598.2,48.93,94,1742.1,2.637,157.73,No Failure,0
H,301.21,310.8,1412.7,32.23,4,202.5,1.802,142.78,No Failure,0
L,295.23,305.52,1415.0,41.53,121,263.7,3.112,138.74,No Failure,0
M,299.48,309.19,1507.5,41.88,133,698.7,3.199,168.04,No Failure,0
L,301.47,310.45,1632.3,23.52,148,1010.2,3.218,157.0,No Failure,0
L,299.87,309.88,1535.8,30.46,11,1290.4,1.353,140.63,No Failure,0
L,302.51,312.42,1351.7,48.91,0,57.9,1.618,142.15,No Failure,0
M,302.44,313.28,1447.1,35.38,195,561.9,3.478,131.82,No Failure,0
L,298.08,308.13,1473.4,66.12,53,549.7,3.194,142.44,Power Failure,1
H,301.65,309.74,1294.5,49.63,223,932.3,3.529,141.88,Heat Dissipation Failure,1
H,298.01,308.4,1323.7,44.52,46,95.6,1.992,154.8,No Failure,0
M,300.11,311.69,1272.2,55.1,91,1279.0,2.627,152.45,No Failure,0
M,301.31,311.34,1455.5,47.73,218,245.0,4.083,138.6,No Failure,0
M,298.33,309.32,1460.7,41.84,30,735.7,1.594,138.08,No Failure,0
M,301.57,311.07,1650.4,25.86,224,954.1,3.577,171.68,No Failure,0
L,298.99,309.56,1383.2,46.65,4,241.8,2.287,160.53,No Failure,0
H,298.84,308.09,1396.2,53.97,44,860.2,1.949,161.17,No Failure,0
H,301.41,311.17,1555.1,34.07,74,1059.6,1.963,149.6,No Failure,0
L,298.33,308.09,1787.8,21.74,174,323.7,3.013,135.92,No Failure,0
H,298.23,308.7,1745.7,29.31,146,429.2,3.121,154.61,No Failure,0
H,302.08,311.26,1345.7,57.59,104,360.3,3.049,142.65,No Failure,0
L,300.22,308.75,1570.5,40.8,140,903.6,3.304,182.68,No Failure,0
H,297.09,307.56,1397.8,54.6,137,906.6,3.545,140.86,No Failure,0
L,301.71,312.14,1567.8,40.19,198,1580.4,3.244,166.96,No Failure,0
L,299.19,309.3,1574.4,35.03,102,910.6,2.478,146.74,No Failure,0
L,297.19,308.13,1395.5,61.35,232,1121.4,3.745,149.96,Overstrain Failure,1
M,294.99,304.78,1606.5,36.28,117,781.5,2.854,167.3,No Failure,0
L,301.81,312.09,1558.1,37.51,211,143.0,4.299,136.81,Tool Wear Failure,1
H,298.28,307.93,1475.5,44.61,172,1481.6,3.235,165.05,No Failure,0
L,297.51,307.25,1617.1,37.1,101,392.1,2.457,144.5,No Failure,0
L,301.28,311.62,1425.6,47.78,72,1229.0,2.265,158.11,No Failure,0
M,301.61,313.88,1412.5,44.46,126,420.7,3.396,161.61,No Failure,0
L,298.43,309.17,1321.3,44.86,5,916.8,1.94,159.58,No Failure,0
M,301.83,312.37,1587.6,33.83,84,1907.8,2.228,135.2,No Failure,0
L,304.11,314.88,1695.3,23.38,125,1127.2,2.106,144.35,No Failure,0
H,302.69,310.35,1411.4,31.68,91,872.3,2.26,152.01,No Failure,0
M,302.38,312.7,1504.3,32.56,24,438.3,1.372,138.12,No Failure,0
L,300.63,311.54,1544.2,42.93,148,381.2,3.107,154.71,No Failure,0
L,299.11,309.2,1552.3,31.85,239,113.1,3.87,162.64,No Failure,0
L,299.89,309.85,1622.2,25.35,108,118.2,2.129,144.05,No Failure,0
H,300.88,309.94,1673.9,28.53,85,875.3,2.104,161.03,No Failure,0
M,297.48,307.05,1459.3,43.88,175,936.7,3.723,150.08,No Failure,0
L,298.46,307.63,1479.6,46.87,5,1183.8,1.598,153.23,No Failure,0
L,297.14,308.14,1443.2,34.93,224,1013.4,4.214,158.19,No Failure,0
H,300.47,311.97,1563.6,36.0,120,220.7,2.876,164.3,No Failure,0
L,300.17,312.1,1330.4,46.14,189,837.5,3.718,138.2,No Failure,0
M,298.69,307.84,1370.1,41.65,80,2665.1,2.576,161.2,No Failure,0
M,301.64,310.97,1359.8,51.86,51,1590.0,1.679,160.76,No Failure,0
L,297.91,307.16,1562.0,38.42,171,989.5,3.56,151.99,No Failure,0
M,298.62,307.6,1571.2,31.69,72,932.6,2.506,137.57,No Failure,0
L,301.56,310.56,1342.1,50.86,176,553.9,3.742,156.35,No Failure,0
L,301.86,311.34,1603.9,36.89,174,416.1,2.862,155.28,No Failure,0
H,298.41,309.28,1591.8,32.11,174,1296.2,3.32,147.71,No Failure,0
M,300.46,309.75,1522.6,48.93,197,519.3,3.439,159.31,No Failure,0
H,298.44,309.5,1303.9,54.49,97,1013.8,3.074,142.03,No Failure,0
M,299.61,310.97,1614.4,41.83,245,379.1,4.271,157.74,No Failure,0
L,300.29,310.57,1722.7,29.96,214,1569.8,3.43,150.75,No Failure,0
M,301.12,312.35,1459.3,55.35,116,899.3,3.143,159.59,No Failure,0
M,300.64,309.27,1513.8,43.77,11,811.1,1.877,134.29,No Failure,0
L,300.55,309.99,1527.1,42.2,10,551.3,2.128,116.88,No Failure,0
L,297.84,308.03,1562.1,35.96,117,854.1,2.836,134.51,No Failure,0
M,300.78,311.0,1286.0,51.3,7,15.0,1.606,150.88,No Failure,0
M,301.1,312.53,1534.8,28.92,236,1170.9,3.211,174.14,Tool Wear Failure,1
L,301.38,310.38,1586.9,27.96,105,935.2,2.824,154.42,No Failure,0
H,298.56,308.02,1255.7,58.95,104,716.1,2.626,167.8,No Failure,0
L,301.83,311.75,1698.1,31.38,131,182.8,2.392,159.51,No Failure,0
L,297.37,306.85,1468.3,49.6,245,958.1,4.106,125.62,Overstrain Failure,1
L,299.14,308.1,1550.1,53.78,149,486.5,3.235,151.29,No Failure,0
H,299.45,308.97,1554.3,42.1,177,867.8,2.941,142.43,No Failure,0
L,297.48,307.23,1444.8,31.19,139,140.2,2.834,139.23,No Failure,0
L,299.42,310.87,1567.2,46.3,102,134.4,2.373,150.64,No Failure,0
L,300.44,309.42,1348.1,53.92,22,2253.0,2.217,154.62,No Failure,0
M,296.35,307.16,1595.4,43.42,170,850.0,3.516,129.11,No Failure,0
M,299.21,310.48,1695.4,32.54,124,1822.5,3.022,139.83,No Failure,0
L,296.5,305.99,1597.2,43.06,236,43.0,4.159,142.95,No Failure,0
H,304.08,314.34,1707.4,26.15,34,818.2,1.858,148.35,No Failure,0
L,300.42,311.0,1616.9,30.26,212,1396.7,3.082,158.88,No Failure,0
L,300.25,310.66,1519.8,37.41,167,760.6,2.972,141.46,No Failure,0
M,300.46,310.55,1664.7,40.62,48,751.4,2.047,155.76,No Failure,0
M,301.21,310.53,1620.7,27.98,129,697.7,2.907,174.48,No Failure,0
L,301.96,312.62,1445.3,42.5,203,138.4,3.665,150.38,No Failure,0
M,296.87,306.5,1498.0,45.22,176,1680.9,3.382,154.3,No Failure,0
L,302.62,312.65,1620.6,37.85,56,1148.2,2.293,147.13,No Failure,0
M,302.49,312.67,1772.7,18.42,172,287.9,2.313,141.08,Power Failure,1
M,299.87,310.72,1393.9,41.04,24,470.1,1.554,143.64,No Failure,0
H,299.76,311.69,1452.0,58.15,34,337.1,2.356,159.15,No Failure,0
L,293.79,303.06,1525.4,44.58,100,1824.7,2.702,136.77,No Failure,0
M,297.51,307.56,1467.7,40.16,15,2888.2,1.895,141.95,No Failure,0
M,301.04,309.55,1455.6,36.28,148,222.8,3.085,142.69,No Failure,0
L,302.4,313.88,1582.5,45.77,45,101.2,2.285,155.62,No Failure,0
L,301.46,311.5,1620.9,42.08,78,447.8,2.247,146.23,No Failure,0
H,299.85,309.55,1584.7,47.07,147,495.7,3.612,145.7,No Failure,0
L,303.85,313.9,1470.0,29.04,211,104.5,3.174,146.08,No Failure,0
M,302.01,312.11,1471.4,41.21,35,566.3,1.903,152.52,No Failure,0
L,299.21,308.48,1542.0,35.39,81,843.7,2.327,165.6,No Failure,0
H,304.36,315.55,1605.5,43.72,107,36.5,2.936,166.8,No Failure,0
L,297.81,308.45,1728.3,20.54,30,1262.3,1.231,135.89,No Failure,0
H,297.06,307.84,1511.3,36.07,49,182.4,1.986,151.34,No Failure,0
M,299.16,308.48,1471.2,45.42,124,64.0,3.261,159.65,No Failure,0
L,298.48,307.75,1507.9,47.04,97,1588.7,2.709,172.33,No Failure,0
M,299.27,309.16,1569.7,39.7,158,607.3,3.223,136.57,No Failure,0
M,301.6,312.4,1824.1,18.4,217,1319.3,3.223,152.26,No Failure,0
L,299.93,310.43,1579.8,46.41,69,1213.1,2.419,161.5,No Failure,0
L,299.98,309.21,1485.5,55.84,43,192.5,2.338,143.08,No Failure,0
M,300.12,310.79,1498.3,31.61,223,267.0,3.785,143.76,No Failure,0
M,295.38,304.4,1470.8,35.74,87,265.0,2.015,144.6,No Failure,0
L,296.97,306.31,1346.3,48.07,15,1027.8,1.87,154.43,No Failure,0
H,299.23,309.39,1471.4,48.33,229,223.7,4.099,146.64,No Failure,0
L,298.31,307.14,1370.0,50.97,149,296.1,3.549,155.65,No Failure,0
L,299.54,308.57,1472.4,50.15,243,14.2,4.434,142.77,Overstrain Failure,1
M,302.81,314.36,1689.2,24.68,210,795.0,3.812,164.49,No Failure,0
L,299.85,311.22,1560.5,35.21,157,288.6,3.081,155.81,No Failure,0
L,297.36,309.65,1531.5,46.26,202,735.1,3.355,128.64,No Failure,0
M,298.41,308.86,1451.5,39.14,34,959.8,1.9,157.48,No Failure,0
L,303.42,314.07,1340.4,43.66,162,360.6,2.807,131.9,No Failure,0
L,303.06,312.91,1449.6,38.7,40,411.7,1.486,143.19,No Failure,0
M,301.19,310.84,1613.0,35.64,10,1179.4,1.422,149.07,No Failure,0
M,296.88,307.75,1687.7,37.58,206,53.1,3.682,143.96,No Failure,0
H,300.61,311.98,1725.7,28.78,20,834.7,1.254,158.4,No Failure,0
M,300.77,311.55,1542.8,32.77,3,735.0,1.884,174.22,No Failure,0
L,300.05,309.21,1594.8,39.33,120,866.4,2.853,125.27,No Failure,0
L,298.86,309.25,1382.2,39.51,92,69.0,2.882,143.06,No Failure,0
M,299.27,308.5,1597.2,45.68,236,1702.2,4.595,152.22,No Failure,0
L,298.72,308.4,1573.5,37.15,171,973.3,3.549,148.16,No Failure,0
L,297.71,309.35,1440.7,56.76,19,1339.2,1.981,127.05,No Failure,0
H,302.73,311.53,1233.2,52.3,38,1521.2,1.911,164.87,No Failure,0
M,301.76,313.93,1585.6,34.98,213,2158.2,3.345,151.74,No Failure,0
M,299.43,309.98,1654.1,41.98,199,701.1,3.671,159.14,No Failure,0
L,300.7,310.24,1433.7,52.13,203,956.1,3.74,156.76,Tool Wear Failure,1
L,300.78,310.85,1547.2,33.59,67,58.6,1.831,146.53,No Failure,0
L,304.69,314.0,1541.1,32.52,238,440.3,4.008,134.59,Tool Wear Failure,1
M,301.75,311.2,1335.5,52.99,120,551.3,3.213,151.07,No Failure,0
L,301.67,311.74,1457.1,46.91,37,1109.6,1.832,133.84,No Failure,0
L,300.08,309.75,1309.0,50.74,219,100.1,3.837,162.83,Overstrain Failure,1
L,299.13,308.2,1519.7,43.15,26,1615.5,1.481,164.17,No Failure,0
M,302.77,312.54,1624.8,37.45,30,535.9,1.874,154.96,No Failure,0
M,301.3,309.99,1573.2,26.58,94,2986.8,2.134,147.87,No Failure,0
L,298.34,307.07,1528.1,41.37,205,401.1,3.971,162.66,No Failure,0
L,300.91,309.63,1400.2,52.32,129,336.0,3.13,165.03,No Failure,0
L,301.67,313.35,1440.5,52.44,38,145.4,1.998,157.25,No Failure,0
L,295.81,306.21,1500.8,50.71,214,1235.5,3.956,165.8,Tool Wear Failure,1
M,298.16,308.75,1478.8,47.87,129,656.3,2.955,166.25,No Failure,0
L,300.73,310.74,1405.1,62.11,230,684.5,4.109,168.44,Power Failure,1
M,296.15,306.66,1675.6,24.48,151,493.0,2.749,165.76,No Failure,0
M,296.47,307.64,1563.7,42.31,80,1276.3,2.042,118.58,No Failure,0
H,299.46,309.87,1607.9,30.63,31,807.2,1.758,155.84,No Failure,0
H,300.98,312.62,1410.1,55.52,205,231.4,4.019,151.77,No Failure,0
L,301.08,311.04,1611.0,34.47,25,447.1,2.051,159.84,No Failure,0
L,303.16,313.76,1417.3,50.09,209,2174.9,3.932,131.96,No Failure,0
L,300.16,310.87,1580.9,35.51,187,862.5,3.074,135.96,No Failure,0
M,299.25,308.32,1390.7,44.2,103,633.2,1.784,172.03,No Failure,0
L,297.39,307.43,1350.0,38.91,143,1770.3,2.669,157.85,No Failure,0
L,299.23,307.39,1513.9,39.86,114,1253.2,2.826,153.91,No Failure,0
L,301.42,311.29,1405.9,43.34,10,864.7,2.126,143.52,No Failure,0
L,301.51,311.23,1604.6,49.2,220,719.1,4.006,137.85,No Failure,0
M,300.53,310.19,1441.0,38.91,189,1168.9,3.215,141.45,No Failure,0
M,301.09,310.69,1501.7,48.91,219,237.3,4.034,141.53,No Failure,0
M,302.55,313.06,1357.1,50.38,145,1045.3,2.527,158.32,No Failure,0
H,300.15,309.26,1535.3,35.83,240,807.6,3.923,153.86,No Failure,0
L,302.73,314.59,1252.7,58.85,15,1533.0,2.302,139.39,No Failure,0
L,298.55,309.11,1335.5,47.45,153,492.3,3.038,161.15,No Failure,0
L,299.85,309.05,1564.2,35.69,227,665.6,4.074,116.26,Tool Wear Failure,1
M,299.04,309.69,1419.1,46.14,121,561.7,3.354,116.28,No Failure,0
M,301.59,312.58,1487.7,50.38,117,269.5,3.145,159.23,No Failure,0
L,297.97,308.34,1569.1,45.9,206,364.2,3.889,170.64,No Failure,0
H,299.36,308.35,1344.3,42.02,89,523.7,1.486,116.68,No Failure,0
L,296.28,308.52,1874.5,5.49,20,224.5,1.2,144.11,Power Failure,1
L,301.19,311.83,1490.9,30.33,68,533.8,2.376,171.51,No Failure,0
M,302.49,311.25,1415.7,46.79,218,555.2,3.878,130.77,No Failure,0
H,301.82,312.03,1452.8,30.13,76,139.1,2.407,161.32,No Failure,0
M,301.63,311.4,1335.4,45.14,54,232.2,2.284,145.97,No Failure,0
H,301.68,311.69,1254.2,48.85,108,2680.7,2.87,161.73,No Failure,0
L,301.4,310.21,1472.6,38.87,117,937.5,2.892,164.62,No Failure,0
M,301.23,311.28,1646.7,22.35,236,803.8,3.551,154.5,No Failure,0
H,301.36,310.53,1525.5,32.63,171,900.9,2.933,139.67,No Failure,0
M,298.69,308.34,1284.1,46.85,195,446.9,3.611,138.19,No Failure,0
L,299.6,309.99,1223.3,52.57,6,1232.5,1.805,144.03,No Failure,0
H,300.14,309.66,1667.4,19.18,214,1556.0,3.438,129.88,Power Failure,1
L,299.33,309.04,1564.5,40.81,97,739.3,2.318,158.96,No Failure,0
L,296.87,307.69,1639.7,25.32,23,1016.6,1.885,127.04,No Failure,0
H,297.53,306.64,1660.9,40.9,73,274.8,2.445,167.89,No Failure,0
H,300.46,309.81,1509.1,38.43,162,1459.1,3.548,140.39,No Failure,0
H,301.81,310.56,1339.6,63.6,17,936.4,2.166,146.94,No Failure,0
H,300.02,309.2,1541.2,34.61,188,1179.3,2.975,142.88,No Failure,0
L,305.53,315.66,1345.8,50.49,42,617.9,1.86,170.33,No Failure,0
H,298.16,308.8,1404.5,50.09,210,758.0,3.707,156.36,No Failure,0
L,300.89,310.08,1591.1,38.05,39,911.1,1.633,162.67,No Failure,0
M,302.58,313.19,1569.5,41.19,221,1307.5,3.363,143.67,No Failure,0
L,302.13,312.24,1532.1,40.0,187,226.8,3.526,158.59,No Failure,0
H,301.31,309.93,1701.9,32.56,48,1419.0,2.033,159.21,No Failure,0
M,302.14,312.32,1607.6,31.7,101,1901.8,2.376,150.77,No Failure,0
H,300.11,311.31,1562.2,35.9,21,594.7,2.149,152.8,No Failure,0
L,303.33,311.43,1726.3,28.62,11,673.0,1.474,153.65,No Failure,0
L,302.57,314.57,1475.7,35.0,89,1605.4,2.291,153.08,No Failure,0
L,298.3,307.69,1644.2,38.05,55,2675.5,2.022,159.65,No Failure,0
L,300.64,308.99,1399.4,41.62,193,268.8,3.787,139.66,No Failure,0
M,296.91,307.04,1440.6,44.44,180,760.7,3.08,114.37,No Failure,0
L,303.04,313.87,1350.4,38.04,74,158.7,1.751,141.59,No Failure,0
M,300.45,310.17,1584.1,32.31,55,260.7,2.06,142.05,No Failure,0
L,302.7,313.01,1585.3,44.26,221,1129.0,3.958,152.95,No Failure,0
L,299.78,311.9,1352.3,47.91,109,706.2,3.026,151.06,No Failure,0
M,296.29,306.49,1513.4,35.14,162,1066.3,3.115,142.89,No Failure,0
L,305.27,318.26,1558.7,30.17,164,850.9,3.571,127.28,No Failure,0
L,300.26,311.53,1516.3,35.54,172,684.2,3.478,142.49,No Failure,0
L,298.0,308.05,1420.2,38.18,240,1461.2,3.273,154.06,No Failure,0
L,302.29,312.58,1411.8,51.45,176,1705.6,3.177,164.74,No Failure,0
M,304.07,313.75,1585.8,46.94,15,620.0,1.328,141.4,No Failure,0
L,299.6,309.84,1455.2,39.97,100,282.9,2.623,148.8,No Failure,0
L,299.8,310.36,1368.7,59.01,55,942.7,2.587,146.48,No Failure,0
M,300.48,310.07,1522.8,39.65,60,247.4,2.706,136.93,No Failure,0
M,297.78,306.4,1351.3,54.14,55,123.3,2.211,159.83,No Failure,0
M,298.62,309.94,1427.3,52.21,212,326.7,3.695,154.44,Tool Wear Failure,1
L,303.56,314.54,1373.7,51.51,220,310.3,4.106,181.04,Overstrain Failure,1
H,299.74,308.32,1511.9,43.21,50,1133.7,1.855,135.85,No Failure,0
L,298.32,308.5,1484.3,41.17,137,2016.9,2.917,148.03,No Failure,0
L,299.1,310.12,1373.1,40.05,112,1706.1,2.998,150.76,No Failure,0
H,302.15,313.07,1270.1,48.5,187,484.0,3.873,140.17,No Failure,0
M,296.05,305.35,1370.7,32.11,216,753.9,3.922,163.88,No Failure,0
M,300.51,311.49,1484.1,37.37,114,561.0,2.296,145.4,No Failure,0
H,304.92,314.94,1441.4,56.67,104,1480.6,3.141,141.62,No Failure,0
L,304.06,314.45,1384.4,46.23,118,921.9,2.908,160.55,No Failure,0
H,301.15,310.23,1401.4,49.54,123,1222.1,3.731,137.96,No Failure,0
M,302.63,308.38,1538.8,27.79,243,323.4,4.002,153.1,No Failure,0
L,302.61,311.84,1459.4,35.68,31,3098.2,1.826,139.45,No Failure,0
L,299.75,310.28,1671.5,43.34,41,162.4,2.385,145.8,No Failure,0
L,301.85,311.64,1431.5,39.59,98,253.9,2.747,149.81,No Failure,0
H,303.58,314.23,1476.3,27.75,99,1225.1,2.573,157.16,No Failure,0
L,297.47,308.58,1358.7,47.6,122,159.0,3.126,150.13,No Failure,0
L,301.15,310.82,1420.5,50.77,246,2022.7,4.163,143.26,Overstrain Failure,1
M,300.72,310.29,1471.2,37.15,146,1667.3,2.888,154.59,No Failure,0
M,300.21,308.02,1462.1,47.96,65,1106.8,2.62,139.11,No Failure,0
L,300.03,308.48,1271.9,60.29,66,361.4,2.48,162.84,Heat Dissipation Failure,1
H,300.46,309.12,1325.1,55.25,27,1224.4,2.229,184.22,No Failure,0
M,300.63,311.19,1455.6,37.59,4,607.9,1.745,150.85,No Failure,0
H,302.24,311.92,1580.1,28.96,74,300.5,1.95,156.31,No Failure,0
L,300.95,310.42,1545.8,42.3,175,618.3,3.533,135.42,No Failure,0
L,299.64,309.0,1386.0,63.47,208,601.8,4.161,149.11,Power Failure,1
M,298.32,307.54,1519.6,53.38,174,660.1,3.496,158.08,No Failure,0
L,299.06,309.98,1382.4,39.94,248,1060.2,4.313,154.87,No Failure,0
M,300.52,310.62,1281.4,55.62,62,463.6,2.158,141.49,No Failure,0
L,298.59,309.58,1323.8,51.69,155,537.2,3.007,143.83,No Failure,0
M,301.89,309.7,1651.7,21.01,193,655.3,3.167,146.53,No Failure,0
H,300.86,311.39,1318.1,50.62,247,1565.9,3.949,146.53,No Failure,0
H,302.29,311.8,1428.5,41.19,72,2248.9,2.734,140.41,No Failure,0
H,298.72,308.44,1630.9,31.33,44,296.8,1.77,163.84,No Failure,0
H,298.34,309.69,1589.0,40.91,244,561.6,3.643,160.82,No Failure,0
L,302.27,311.88,1529.2,44.14,157,869.7,3.208,134.89,No Failure,0
L,300.26,310.75,1592.4,32.06,195,166.5,3.928,174.55,No Failure,0
H,299.59,308.58,1450.0,38.8,148,581.0,2.794,159.83,No Failure,0
H,301.4,311.43,1528.4,36.69,35,1157.7,1.701,143.37,No Failure,0
H,301.32,309.73,1539.0,47.95,32,797.5,2.249,147.28,No Failure,0
M,297.49,307.43,1583.7,36.99,79,264.2,2.754,148.16,No Failure,0
L,302.77,313.15,1715.6,23.0,153,4783.4,2.493,135.98,No Failure,0
H,299.18,310.29,1621.4,35.53,239,1232.1,3.676,129.02,No Failure,0
H,303.4,312.58,1546.2,30.54,134,1122.5,2.288,142.61,No Failure,0
M,297.33,306.8,1660.6,27.06,130,427.9,2.638,161.16,No Failure,0
H,300.63,309.99,1371.4,51.8,189,1821.4,3.802,130.38,No Failure,0
M,299.63,309.37,1489.3,48.04,171,802.6,3.746,148.11,No Failure,0
H,296.05,305.09,1687.8,30.33,207,234.2,3.607,145.63,No Failure,0
L,301.32,309.16,1741.4,27.31,75,803.5,2.129,143.82,No Failure,0
H,296.15,305.11,1561.7,38.97,56,1025.9,2.219,145.71,No Failure,0
L,299.42,309.37,1641.3,26.77,168,70.8,3.196,158.4,No Failure,0
L,302.21,312.06,1644.3,37.58,27,200.9,1.469,139.33,No Failure,0
L,298.94,309.49,1416.5,40.71,194,931.7,3.632,144.92,No Failure,0
L,298.19,309.03,1605.8,43.04,231,465.9,3.474,155.54,No Failure,0
L,301.6,311.15,1484.6,43.4,163,1696.7,3.642,139.43,No Failure,0
H,299.5,307.92,1574.9,32.19,185,886.4,3.837,158.77,No Failure,0
M,299.19,309.59,1453.8,40.71,133,767.5,2.771,165.18,No Failure,0
H,302.55,312.54,1292.0,52.81,90,648.8,2.853,143.14,No Failure,0
L,297.67,307.41,1800.2,19.03,55,1539.7,1.975,163.71,No Failure,0
L,299.08,310.3,1510.3,43.26,134,1050.0,3.474,140.65,No Failure,0
M,301.73,312.18,1561.0,28.22,226,1001.0,3.587,131.12,No Failure,0
M,297.54,307.66,1419.2,54.04,205,1608.3,3.721,169.94,Tool Wear Failure,1
M,303.55,313.71,1404.3,48.17,92,1785.2,2.826,150.39,No Failure,0
H,299.57,310.42,1283.8,47.85,40,230.2,2.555,152.43,No Failure,0
H,301.75,311.06,1552.2,31.47,247,3605.6,3.925,142.77,No Failure,0
M,301.74,310.86,1352.3,42.64,0,100.3,2.06,138.51,No Failure,0
H,299.7,309.46,1491.4,43.75,45,807.3,2.43,149.76,No Failure,0
M,299.04,307.86,1832.4,16.29,136,242.7,2.708,175.41,Power Failure,1
M,299.91,309.87,1430.6,41.47,209,1186.2,3.712,145.19,No Failure,0
L,301.43,311.52,1522.1,46.13,23,1303.4,1.881,162.7,No Failure,0
L,298.03,307.96,1555.5,25.86,61,242.7,2.444,175.21,No Failure,0
L,297.59,307.23,1450.0,46.02,240,1500.3,3.86,148.26,Overstrain Failure,1
M,302.97,314.62,1413.0,41.0,17,18.3,1.946,150.94,No Failure,0
M,298.53,309.47,1445.2,53.81,50,1209.6,2.511,146.33,No Failure,0
L,300.71,310.61,1654.2,35.87,8,136.0,1.703,143.23,No Failure,0
M,299.6,309.69,1503.1,41.78,184,1719.8,3.151,143.52,No Failure,0
L,299.68,311.06,1520.9,43.41,82,580.2,2.512,121.27,No Failure,0
L,302.86,312.28,1772.6,11.92,177,377.5,2.65,144.47,Power Failure,1
H,299.83,308.86,1506.0,36.45,4,1868.1,1.85,140.93,No Failure,0
L,299.29,309.51,1610.8,40.86,41,1207.9,2.104,150.86,No Failure,0
L,299.46,309.87,1641.9,16.43,28,586.4,1.855,179.47,Power Failure,1
L,298.99,309.48,1304.5,46.74,6,783.8,2.227,155.44,No Failure,0
L,298.66,309.49,1410.2,40.86,2,1966.2,1.519,153.33,No Failure,0
M,299.0,308.27,1549.0,40.8,57,572.5,2.618,144.9,No Failure,0
H,303.33,311.92,1407.5,47.21,214,240.1,3.7,157.36,No Failure,0
M,301.42,310.84,1541.2,35.89,135,824.7,3.269,150.21,No Failure,0
M,299.31,309.89,1475.1,40.43,189,493.6,3.147,139.97,No Failure,0
L,301.96,311.04,1447.1,48.65,31,1025.4,2.53,155.32,No Failure,0
M,296.83,304.89,1594.0,40.55,224,986.7,3.64,138.53,Tool Wear Failure,1
L,302.75,312.9,1784.8,21.56,235,726.8,3.481,145.7,No Failure,0
L,302.59,312.02,1408.6,40.52,149,361.1,3.049,147.82,No Failure,0
H,304.47,312.75,1578.8,40.64,195,652.8,3.385,146.72,No Failure,0
L,302.02,312.1,1445.7,49.01,103,908.3,3.22,169.36,No Failure,0
L,300.87,310.49,1417.4,36.57,56,416.1,1.58,161.78,No Failure,0
L,302.58,314.26,1622.7,30.22,219,576.2,3.749,135.99,No Failure,0
H,298.75,308.84,1744.3,30.25,28,1320.0,1.867,138.63,No Failure,0
L,299.21,309.8,1318.2,54.43,96,461.8,2.535,152.9,No Failure,0
L,299.87,309.85,1456.3,42.89,16,513.6,1.683,167.28,No Failure,0
H,302.74,312.14,1244.1,53.92,76,389.3,2.34,145.92,No Failure,0
L,298.29,307.8,1366.6,55.36,204,535.7,3.851,134.0,Overstrain Failure,1
H,298.08,309.16,1573.9,32.56,185,224.6,3.574,152.95,No Failure,0
L,300.47,311.22,1743.2,31.8,220,745.0,3.523,146.15,Tool Wear Failure,1
M,301.44,309.95,1426.1,38.72,204,531.9,3.701,174.27,No Failure,0
H,298.59,307.35,1537.6,46.14,131,965.2,3.002,140.12,No Failure,0
M,301.34,310.15,1639.2,25.98,241,731.2,4.332,137.93,No Failure,0
M,302.74,313.8,1664.7,44.55,141,561.2,3.14,144.6,No Failure,0
L,302.4,310.67,1483.4,44.04,162,1356.2,3.044,138.12,No Failure,0
M,300.71,311.49,1585.4,28.75,105,2034.4,2.497,154.43,No Failure,0
H,299.82,310.22,1663.4,29.1,74,529.5,2.331,146.93,No Failure,0
M,303.47,313.62,1508.4,44.44,199,1205.7,3.517,162.08,No Failure,0
H,300.03,309.56,1418.4,60.73,229,617.7,4.692,180.82,Power Failure,1
M,301.88,313.07,1574.1,37.05,218,371.9,3.235,146.53,No Failure,0
M,303.92,314.03,1340.8,43.3,184,960.8,3.378,133.89,No Failure,0
L,301.67,310.23,1595.4,33.95,78,915.9,2.265,144.25,No Failure,0
M,298.01,306.79,1526.0,42.36,205,1068.8,3.991,140.92,No Failure,0
H,297.52,305.88,1483.5,33.75,225,767.7,4.149,158.19,No Failure,0
M,299.4,310.61,1546.8,37.41,114,674.0,3.105,156.75,No Failure,0
L,301.42,312.84,1168.0,64.49,60,658.2,2.738,156.85,No Failure,0
M,300.89,311.98,1514.4,41.07,164,1280.5,3.601,148.77,No Failure,0
M,304.41,314.27,1686.8,24.36,55,949.9,2.037,146.17,No Failure,0
H,300.87,309.44,1534.9,46.43,243,880.6,4.198,161.37,No Failure,0
L,299.35,308.29,1472.7,51.29,212,783.5,3.796,163.3,No Failure,0
L,297.73,306.74,1366.2,46.76,164,464.5,3.446,172.08,No Failure,0
L,302.36,312.32,1382.3,38.23,130,755.5,3.245,162.98,No Failure,0
L,299.99,311.38,1658.1,30.83,44,1345.1,1.883,152.64,No Failure,0
H,296.99,308.37,1607.9,31.07,13,471.4,1.438,139.4,No Failure,0
L,300.04,309.56,1559.6,38.1,4,402.4,1.949,162.05,No Failure,0
M,298.01,305.77,1680.7,36.33,25,225.2,1.645,150.21,No Failure,0
L,299.15,307.98,1400.0,34.42,105,1202.8,2.706,153.46,No Failure,0
L,300.01,311.2,1565.1,52.15,72,2468.1,2.68,150.27,No Failure,0
H,298.19,308.42,1375.7,49.21,87,2289.6,2.926,124.51,No Failure,0
L,299.02,308.67,1472.9,52.67,44,138.8,2.535,160.74,No Failure,0
L,298.51,308.09,1561.9,32.12,180,430.3,3.442,141.92,No Failure,0
L,298.57,307.81,1542.6,30.79,249,818.7,3.809,153.9,No Failure,0
H,297.98,306.78,1358.0,40.77,0,1445.1,1.461,155.28,No Failure,0
H,299.03,311.11,1406.3,44.15,179,139.2,3.571,145.22,No Failure,0
L,298.21,309.93,1536.3,40.72,223,261.6,3.916,160.95,No Failure,0
M,301.17,310.35,1504.2,43.47,109,561.4,3.502,173.94,No Failure,0
L,300.4,308.65,1458.9,55.85,142,387.2,3.444,147.31,No Failure,0
M,302.39,312.56,1455.2,37.82,201,400.6,3.595,145.65,No Failure,0
L,303.77,313.63,1502.6,48.07,159,665.5,3.183,149.74,No Failure,0
H,301.35,311.98,1464.5,45.18,73,972.7,2.129,156.7,No Failure,0
H,300.9,311.75,1549.3,40.95,78,360.5,1.948,142.33,No Failure,0
L,301.48,310.31,1485.3,47.61,7,773.6,1.502,143.81,No Failure,0
L,300.93,312.21,1519.0,32.32,200,778.5,3.361,149.31,No Failure,0
L,300.1,309.75,1600.2,30.31,91,607.4,2.607,141.62,No Failure,0
L,299.94,310.55,1506.9,44.33,218,255.9,3.994,142.42,No Failure,0
L,297.96,307.7,1701.8,23.62,89,274.7,1.87,156.28,No Failure,0
L,301.68,312.6,1594.5,45.12,129,503.0,2.812,141.25,No Failure,0
H,299.94,307.58,1533.2,28.72,35,583.3,1.692,153.31,No Failure,0
L,302.9,313.64,1273.6,55.18,17,1414.1,1.971,138.05,No Failure,0
H,301.83,311.0,1647.5,36.04,157,1460.2,2.836,151.73,No Failure,0
L,298.75,308.82,1268.0,54.53,181,953.6,2.963,140.43,No Failure,0
M,302.49,313.74,1609.9,37.89,96,187.1,2.2,148.88,No Failure,0
L,294.88,304.08,1438.5,37.46,158,1268.4,2.828,166.6,No Failure,0
H,303.86,312.9,1374.1,48.66,74,320.2,2.856,140.76,No Failure,0
L,297.32,306.95,1469.4,42.93,172,995.4,3.799,139.05,No Failure,0
L,300.99,310.56,1374.7,39.33,151,296.4,2.535,153.12,No Failure,0
M,300.85,309.8,1445.0,35.96,212,881.0,3.866,146.21,No Failure,0
M,302.25,312.35,1381.0,36.05,180,1007.7,3.687,184.88,No Failure,0
M,299.34,309.5,1371.6,63.58,219,587.3,4.031,131.49,Power Failure,1
L,295.71,306.17,1633.0,23.25,247,516.2,3.247,150.03,No Failure,0
L,299.35,308.53,1597.5,27.97,90,552.9,2.752,181.01,No Failure,0
H,299.56,308.62,1400.4,51.77,221,1114.7,3.989,153.6,Tool Wear Failure,1
M,295.9,305.78,1410.3,51.02,113,712.6,3.333,153.51,No Failure,0
M,300.09,309.85,1530.4,30.77,3,192.9,1.471,131.51,No Failure,0
L,297.85,307.62,1726.3,22.48,239,571.6,4.082,145.76,No Failure,0
L,301.3,310.59,1239.5,52.72,37,1169.5,2.363,150.97,No Failure,0
H,299.51,309.84,1453.9,29.53,29,1455.9,1.573,124.83,No Failure,0
M,303.92,312.98,1661.5,35.09,136,1359.6,2.717,161.12,No Failure,0
L,299.49,309.37,1516.3,40.96,173,638.5,3.175,137.61,No Failure,0
H,300.86,310.55,1403.6,29.27,115,263.9,2.475,164.92,No Failure,0
M,299.57,309.54,1454.8,49.24,153,639.4,3.295,127.15,No Failure,0
L,296.75,307.94,1355.3,40.21,218,1990.1,3.895,157.26,No Failure,0
L,299.59,308.28,1687.6,31.18,142,272.8,2.726,161.19,No Failure,0
M,301.51,309.12,1646.3,32.06,203,144.4,3.999,136.67,Tool Wear Failure,1
L,301.2,310.61,1585.0,52.97,150,354.8,3.845,159.89,No Failure,0
M,299.41,308.26,1495.4,37.21,132,1131.9,2.951,147.77,No Failure,0
M,297.09,304.07,1341.3,46.14,126,433.4,3.539,136.62,Heat Dissipation Failure,1
L,301.29,313.04,1452.1,39.9,237,1137.7,4.407,137.16,Tool Wear Failure,1
H,300.84,311.4,1593.8,22.45,87,2456.6,2.032,148.5,No Failure,0
L,301.69,312.35,1475.0,47.47,89,849.3,2.784,151.72,No Failure,0
L,299.45,309.17,1249.3,50.74,197,282.5,3.77,158.13,No Failure,0
M,296.63,307.05,1352.1,58.42,163,1220.7,4.035,148.48,No Failure,0
M,301.07,310.64,1560.7,20.99,35,3096.2,1.314,158.21,Power Failure,1
L,299.98,310.8,1706.5,8.42,174,348.2,2.287,152.57,Power Failure,1
M,302.78,312.97,1573.3,46.39,7,265.7,1.796,150.24,No Failure,0
H,300.06,310.02,1638.2,34.01,127,1084.5,2.498,134.49,No Failure,0
H,299.91,309.95,1680.1,25.7,80,777.6,1.87,138.09,No Failure,0
H,300.83,312.3,1548.7,41.08,53,1275.4,2.101,151.22,No Failure,0
L,298.81,308.97,1512.1,35.51,156,3396.1,2.941,157.09,No Failure,0
L,298.71,307.68,1597.7,27.24,38,189.9,1.641,164.81,No Failure,0
M,299.8,310.14,1365.1,39.17,89,722.0,2.414,156.97,No Failure,0
L,298.16,308.65,1343.6,45.67,40,138.4,2.2,158.8,No Failure,0
M,299.54,309.4,1497.4,41.75,31,340.0,1.753,161.8,No Failure,0
L,303.88,313.83,1384.6,41.83,96,66.9,2.432,147.58,No Failure,0
L,302.09,311.02,1526.6,44.43,155,914.2,3.505,161.63,No Failure,0
L,300.62,310.71,1630.8,23.09,167,466.6,3.289,158.52,No Failure,0
L,303.1,311.89,1477.3,39.49,230,714.8,4.43,159.26,No Failure,0
L,298.35,308.1,1426.2,42.4,77,781.5,2.433,152.82,No Failure,0
M,304.98,314.31,1570.8,36.22,89,604.7,2.757,156.21,No Failure,0
M,299.08,310.06,1627.4,31.71,215,213.4,3.495,152.39,No Failure,0
L,304.01,315.56,1480.5,32.54,45,291.4,2.044,131.76,No Failure,0
L,304.0,312.85,1476.3,37.07,148,490.8,3.055,167.41,No Failure,0
H,296.49,306.49,1409.9,49.14,185,409.2,4.159,162.25,No Failure,0
L,302.93,312.62,1406.7,55.27,113,1388.2,2.852,152.62,No Failure,0
M,299.43,309.9,1421.9,53.23,214,295.7,3.761,159.39,No Failure,0
M,298.86,308.96,1615.7,24.39,80,127.8,2.104,143.86,No Failure,0
M,301.05,310.66,1638.9,30.61,26,922.6,1.095,141.78,No Failure,0
H,297.98,308.08,1435.2,46.57,28,901.8,2.035,145.34,No Failure,0
M,301.0,310.79,1270.2,53.01,133,462.0,2.457,148.11,No Failure,0
H,298.12,309.71,1697.7,30.33,137,493.5,2.516,150.56,No Failure,0
H,300.35,309.56,1573.5,41.83,130,1053.4,2.936,134.12,No Failure,0
L,302.67,312.93,1466.6,28.68,94,271.1,1.82,126.63,No Failure,0
L,300.77,311.28,1493.9,42.76,117,769.7,2.903,134.85,No Failure,0
L,299.28,309.72,1668.5,33.57,240,796.5,3.217,140.32,No Failure,0
L,301.08,310.78,1458.0,41.83,118,916.1,2.795,165.12,No Failure,0
M,297.19,308.56,1666.4,27.88,185,1209.9,3.429,127.05,No Failure,0
L,298.32,306.23,1730.7,23.66,213,425.6,3.754,158.16,No Failure,0
L,299.14,308.05,1276.3,70.98,33,946.8,3.009,137.57,Power Failure,1
L,301.57,312.24,1687.3,40.69,62,730.2,1.97,145.33,No Failure,0
M,300.81,309.93,1387.7,61.35,139,266.4,3.295,152.42,No Failure,0
M,301.07,310.13,1388.5,55.09,187,1512.6,3.564,150.73,No Failure,0
H,299.95,309.48,1615.8,23.64,218,604.6,3.71,158.0,No Failure,0
L,298.42,307.64,1466.8,43.62,181,585.5,3.545,116.65,No Failure,0
L,302.98,313.61,1552.8,27.06,234,699.8,3.678,174.39,Tool Wear Failure,1
H,298.6,309.51,1423.5,37.04,248,777.6,4.002,160.94,No Failure,0
M,300.84,310.93,1569.9,21.15,232,1360.3,3.714,141.79,Power Failure,1
M,299.78,310.83,1613.1,24.26,154,842.0,2.569,158.72,No Failure,0
M,301.13,309.74,1640.7,31.45,204,1191.7,3.707,165.49,No Failure,0
L,298.79,308.86,1573.0,34.54,238,440.4,3.97,188.73,Tool Wear Failure,1
H,302.11,313.45,1512.1,40.39,69,239.4,2.612,160.71,No Failure,0
M,302.76,313.73,1773.7,29.64,139,376.5,2.675,148.0,No Failure,0
M,301.98,313.42,1639.5,41.49,158,547.4,3.225,147.32,No Failure,0
M,300.32,309.73,1327.0,51.36,91,327.6,3.066,136.2,No Failure,0
L,299.13,310.05,1541.5,42.74,177,765.5,3.079,164.01,No Failure,0
L,305.64,315.22,1398.5,39.33,178,1141.3,3.731,156.15,No Failure,0
M,298.02,308.61,1496.8,43.42,208,905.0,3.671,157.32,No Failure,0
M,301.76,313.07,1491.2,25.65,56,1415.1,2.108,154.28,No Failure,0
L,300.67,309.87,1369.2,49.52,221,475.1,4.244,119.62,No Failure,0
L,299.87,308.02,1652.0,28.02,240,1366.0,3.707,138.42,No Failure,0
H,300.37,312.22,1334.9,55.52,132,1040.9,3.24,116.39,No Failure,0
L,298.98,309.47,1341.2,47.71,110,714.1,2.448,155.32,No Failure,0
L,300.85,310.75,1393.6,45.57,80,244.3,1.974,141.7,No Failure,0
M,300.63,310.47,1367.1,46.0,187,688.2,3.622,149.01,No Failure,0
H,305.36,313.26,1537.3,39.98,131,671.1,3.262,147.35,No Failure,0
M,302.14,312.35,1671.2,32.14,158,2245.8,2.969,172.52,No Failure,0
H,301.03,310.5,1557.6,30.58,230,859.1,3.088,143.45,No Failure,0
L,301.15,311.2,1452.5,57.51,176,191.5,3.568,144.74,No Failure,0
H,303.68,313.71,1440.1,41.03,131,1305.0,2.782,138.25,No Failure,0
H,298.06,304.68,1580.1,28.85,40,819.3,1.671,137.58,No Failure,0
M,299.63,310.12,1619.2,45.17,35,1126.4,1.747,145.57,No Failure,0
M,296.19,306.37,1456.6,43.43,180,990.0,3.251,144.18,No Failure,0
L,301.12,311.44,1622.6,36.71,108,1313.3,2.165,153.3,No Failure,0
L,301.7,311.51,1507.0,31.02,3,1419.2,2.068,130.24,No Failure,0
L,298.01,308.06,1439.3,47.36,190,2193.1,4.149,135.63,No Failure,0
L,302.87,313.04,1347.1,49.46,184,1322.2,3.342,153.35,No Failure,0
H,298.56,308.84,1480.2,43.22,243,495.9,4.109,134.57,No Failure,0
L,299.32,309.79,1515.8,40.72,65,236.4,2.085,148.62,No Failure,0
M,300.24,310.52,1630.7,32.18,105,276.9,2.446,152.7,No Failure,0
L,303.19,315.04,1409.5,44.8,153,360.9,3.345,147.41,No Failure,0
L,298.28,307.56,1535.7,33.65,199,520.8,3.52,146.37,No Failure,0
L,300.58,310.21,1708.8,27.28,52,317.4,2.16,151.78,No Failure,0
L,301.55,313.24,1301.1,51.26,68,656.8,2.352,139.32,No Failure,0
M,301.14,310.98,1359.6,29.7,160,360.7,2.998,172.48,No Failure,0
H,301.21,312.14,1592.9,21.03,90,800.8,1.379,141.28,No Failure,0
L,301.52,311.66,1450.2,53.09,241,808.3,4.32,161.52,Overstrain Failure,1
H,298.89,308.66,1647.0,22.56,74,521.2,1.365,158.82,No Failure,0
M,303.38,314.36,1445.1,36.1,7,2289.1,1.213,125.29,No Failure,0
M,299.78,310.3,1594.1,29.04,169,1165.4,3.452,135.6,No Failure,0
L,299.51,307.98,1524.9,32.76,189,889.2,3.73,154.27,No Failure,0
L,302.7,312.87,1181.2,62.24,229,1683.6,4.033,176.08,Overstrain Failure,1
H,298.74,307.74,1477.5,38.98,65,643.3,2.745,159.29,No Failure,0
M,300.64,311.91,1538.2,43.6,204,947.5,3.929,165.82,No Failure,0
L,298.55,310.31,1411.8,47.9,241,1542.7,4.312,146.97,Overstrain Failure,1
H,305.04,316.91,1415.6,33.53,148,2892.5,2.602,169.22,No Failure,0
L,304.62,314.97,1569.3,50.75,62,335.4,2.981,164.45,No Failure,0
M,299.78,309.32,1380.5,43.76,133,359.6,3.224,111.04,No Failure,0
L,301.04,311.36,1473.3,47.54,166,1799.7,3.173,144.5,No Failure,0
H,300.01,309.07,1633.1,32.75,212,835.9,2.879,142.12,No Failure,0
L,299.3,311.65,1502.4,44.44,119,669.2,2.53,136.97,No Failure,0
L,300.24,311.43,1479.8,39.91,234,870.5,3.985,152.57,No Failure,0
M,299.92,310.22,1246.1,51.3,77,1889.7,2.532,168.82,No Failure,0
L,296.96,307.96,1648.7,34.6,194,1179.8,3.881,147.87,No Failure,0
H,300.53,310.03,1232.4,60.32,180,876.5,3.486,141.51,No Failure,0
M,299.92,308.81,1560.4,43.39,164,348.8,3.4,153.24,No Failure,0
L,300.62,308.41,1610.0,38.75,164,698.9,3.529,154.72,No Failure,0
L,299.84,309.93,1409.5,37.58,199,1086.1,3.147,154.0,No Failure,0
H,299.28,309.07,1389.3,39.93,24,799.5,2.022,134.4,No Failure,0
M,301.75,312.27,1514.9,33.71,121,2324.7,2.68,165.26,No Failure,0
H,301.07,311.08,1529.4,46.67,236,953.0,3.928,130.93,No Failure,0
L,302.79,313.27,1447.2,39.88,106,660.3,1.999,136.72,No Failure,0
H,300.99,311.8,1353.0,59.44,31,1273.9,2.435,159.28,No Failure,0
M,299.6,308.14,1489.5,35.67,240,2458.5,3.711,165.42,No Failure,0
M,301.23,312.1,1580.4,38.79,187,1738.9,3.332,144.17,No Failure,0
L,296.04,305.63,1477.6,35.66,137,195.3,3.303,142.56,No Failure,0
L,304.21,314.72,1285.6,58.69,237,1003.4,4.334,142.49,Overstrain Failure,1
H,300.55,311.57,1522.7,25.54,143,1147.8,2.814,136.47,No Failure,0
H,304.37,315.4,1396.8,40.94,214,1897.2,4.344,142.89,No Failure,0
L,298.26,308.39,1570.7,43.13,29,308.2,2.003,138.85,No Failure,0
H,297.76,307.94,1558.0,28.72,110,1100.1,2.235,138.85,No Failure,0
L,300.73,311.62,1203.0,66.43,128,326.0,3.789,145.96,No Failure,0
L,300.73,309.22,1424.1,30.69,132,117.5,2.755,151.16,No Failure,0
L,300.68,309.72,1473.0,40.34,94,465.0,2.392,158.93,No Failure,0
L,300.37,310.09,1291.4,56.84,7,1039.6,1.738,149.2,No Failure,0
L,298.74,307.41,1439.1,36.25,69,1804.5,2.129,149.76,No Failure,0
L,297.03,306.76,1418.8,41.44,201,442.9,3.923,146.65,No Failure,0
L,300.57,310.24,1538.5,36.55,241,444.8,3.773,139.13,No Failure,0
M,297.43,307.52,1399.8,39.47,19,903.2,1.83,148.42,No Failure,0
H,297.25,307.19,1385.9,50.81,232,912.7,3.884,156.08,No Failure,0
M,299.24,310.31,1613.4,35.78,244,789.5,4.383,155.6,No Failure,0
L,300.86,311.43,1662.5,13.46,244,272.4,3.096,141.78,Power Failure,1
M,303.98,313.9,1406.9,39.67,63,386.8,1.929,148.46,No Failure,0
L,301.96,311.63,1589.9,40.63,87,2046.4,2.285,159.44,No Failure,0
M,302.87,312.82,1476.4,41.95,48,1551.9,1.711,153.82,No Failure,0
M,301.31,311.28,1498.9,38.17,162,608.2,3.341,141.41,No Failure,0
L,300.73,313.25,1615.9,31.37,38,1040.9,2.012,134.4,No Failure,0
L,305.01,313.55,1511.8,37.55,76,1147.8,2.505,119.88,No Failure,0
H,297.35,306.43,1365.1,57.65,139,769.8,3.55,165.83,No Failure,0
H,299.17,308.1,1362.0,39.58,111,128.5,2.255,177.54,No Failure,0
M,299.33,309.6,1372.2,46.53,99,1150.3,2.798,158.86,No Failure,0
H,301.79,312.02,1750.3,29.66,66,142.8,2.467,139.68,No Failure,0
H,298.04,307.47,1429.7,37.09,57,324.1,2.01,146.2,No Failure,0
L,301.53,312.42,1586.2,29.99,146,1526.4,3.183,142.38,No Failure,0
M,301.16,311.53,1553.3,52.94,44,483.7,2.251,146.15,No Failure,0
L,301.63,312.56,1686.3,24.44,72,637.9,1.972,153.77,No Failure,0
L,301.59,312.79,1496.3,43.72,17,284.3,1.482,155.46,No Failure,0
L,303.08,310.95,1400.6,43.41,73,287.1,2.255,138.54,No Failure,0
H,299.9,310.59,1421.8,42.76,72,1195.9,2.76,153.87,No Failure,0
M,301.06,309.77,1659.8,16.55,105,879.9,1.99,117.84,Power Failure,1
L,298.53,308.78,1692.2,19.77,67,868.3,2.434,167.38,No Failure,0
L,298.07,308.0,1605.2,41.17,5,1203.8,1.624,133.52,No Failure,0
L,303.53,313.5,1584.4,30.77,90,369.1,2.72,150.71,No Failure,0
M,298.38,307.17,1500.1,33.57,224,600.2,3.715,156.04,Tool Wear Failure,1
H,301.28,312.31,1525.3,35.75,144,362.7,2.261,152.58,No Failure,0
L,301.06,309.77,1631.1,29.47,55,478.0,1.721,156.17,No Failure,0
L,302.35,313.1,1628.3,27.75,235,405.8,3.488,165.66,No Failure,0
M,296.68,305.25,1477.6,40.0,157,1062.5,2.963,142.64,No Failure,0
L,301.78,311.76,1551.7,20.94,168,1815.8,2.522,152.71,Power Failure,1
M,299.88,311.69,1637.4,34.94,17,349.8,1.373,142.37,No Failure,0
L,298.8,311.16,1529.8,33.33,66,1183.0,2.309,163.63,No Failure,0
L,299.5,307.88,1524.0,39.76,95,1701.2,3.333,148.19,No Failure,0
L,302.07,311.37,1248.1,63.87,171,418.4,3.849,148.45,No Failure,0
H,301.46,310.94,1515.4,30.18,10,560.8,1.399,147.31,No Failure,0
L,299.74,312.0,1512.3,44.06,56,711.7,1.5,154.05,No Failure,0
L,297.72,307.65,1368.4,42.21,249,1672.8,4.728,148.87,No Failure,0
M,297.86,308.94,1350.5,45.6,72,1500.7,2.752,148.83,No Failure,0
H,301.51,311.81,1652.8,37.87,217,10.4,3.59,145.29,No Failure,0
L,297.44,306.25,1459.0,54.41,42,633.2,2.401,146.8,No Failure,0
L,299.76,307.9,1482.7,46.85,213,900.3,3.725,151.1,No Failure,0
M,305.36,314.75,1347.4,47.01,97,1011.7,2.357,162.08,No Failure,0
L,300.92,313.24,1633.0,25.86,51,1062.6,1.708,154.17,No Failure,0
M,301.48,311.74,1485.7,40.96,164,964.4,3.517,144.18,No Failure,0
L,297.88,308.93,1501.0,34.9,142,1703.8,3.028,145.18,No Failure,0
L,297.55,306.13,1560.9,31.38,33,357.3,1.692,169.02,No Failure,0
L,301.59,311.27,1421.3,33.74,216,886.4,3.83,131.56,Tool Wear Failure,1
M,299.44,310.21,1318.2,39.44,188,1073.4,3.372,133.77,No Failure,0
L,302.35,311.26,1490.2,44.57,94,493.6,3.004,140.87,No Failure,0
L,300.29,310.22,1436.0,49.82,226,670.1,3.742,157.6,Overstrain Failure,1
L,307.11,316.23,1447.9,49.35,8,86.8,1.759,139.29,No Failure,0
M,299.06,309.88,1545.8,42.93,242,407.6,4.317,138.93,No Failure,0
L,300.78,311.18,1541.6,40.56,105,200.1,2.877,161.43,No Failure,0
M,298.41,309.1,1659.6,36.76,201,758.9,3.343,132.47,No Failure,0
M,302.26,313.14,1626.0,37.52,223,560.3,3.518,158.28,No Failure,0
L,301.08,310.85,1567.7,32.2,209,644.6,3.688,164.8,No Failure,0
H,298.28,309.28,1548.5,35.72,27,1182.4,2.214,158.73,No Failure,0
H,299.57,308.98,1491.9,43.54,100,424.2,2.941,152.57,No Failure,0
L,302.94,313.57,1238.7,55.4,21,1356.9,1.763,158.52,No Failure,0
L,302.7,310.73,1594.8,38.5,60,1142.3,1.968,181.45,No Failure,0
L,297.37,306.62,1617.3,31.92,149,558.9,2.603,150.44,No Failure,0
L,299.27,311.58,1273.3,49.69,173,618.6,3.949,150.48,No Failure,0
M,303.84,314.45,1799.7,19.98,56,1455.6,1.741,175.57,No Failure,0
H,299.87,310.48,1378.0,50.43,14,535.6,1.857,143.14,No Failure,0
H,300.57,309.74,1603.4,25.67,97,742.4,2.366,146.99,No Failure,0
L,302.25,311.16,1434.5,46.57,146,603.1,3.333,172.0,No Failure,0
L,297.54,307.27,1522.6,35.24,99,1634.6,2.377,161.5,No Failure,0
L,298.32,308.25,1689.8,43.21,238,911.8,4.129,135.02,No Failure,0
M,299.55,311.47,1309.8,60.83,174,860.9,3.787,151.42,No Failure,0
L,302.61,313.63,1537.8,31.62,159,1250.7,3.515,158.77,No Failure,0
H,302.24,312.35,1581.8,29.99,7,290.4,1.48,149.12,No Failure,0
H,301.64,311.71,1417.4,40.78,232,730.9,4.057,148.61,No Failure,0
L,299.92,310.68,1404.2,55.25,164,936.1,3.356,134.29,No Failure,0
M,302.46,311.14,1411.8,41.79,245,335.9,3.901,157.81,No Failure,0
M,299.89,307.97,1541.5,40.45,122,1518.8,2.967,175.17,No Failure,0
H,301.36,312.1,1392.6,41.69,169,938.8,3.05,154.88,No Failure,0
L,302.02,312.1,1527.5,29.95,128,702.3,2.779,161.57,No Failure,0
L,303.59,312.28,1395.2,41.79,215,328.3,3.714,139.53,No Failure,0
M,300.09,307.99,1483.5,36.07,176,476.9,3.466,137.27,No Failure,0
L,299.47,310.37,1233.4,53.22,97,374.1,2.248,140.58,No Failure,0
M,302.79,312.27,1216.1,47.98,160,912.4,3.793,153.63,No Failure,0
L,302.94,313.34,1576.9,26.76,27,1888.1,1.11,151.45,No Failure,0
M,299.11,308.85,1384.4,37.17,169,668.8,3.771,130.6,No Failure,0
H,297.99,307.96,1613.8,45.28,115,1683.3,2.879,145.84,No Failure,0
L,302.64,312.05,1546.2,30.18,74,1555.6,2.298,150.58,No Failure,0
L,296.92,306.84,1650.1,29.21,213,771.6,3.501,154.15,No Failure,0
M,296.81,307.39,1564.8,35.38,213,508.7,3.662,150.86,No Failure,0
L,299.66,309.39,1376.8,43.44,13,397.8,1.513,160.61,No Failure,0
M,300.2,309.87,1379.2,50.37,153,107.7,3.524,133.62,No Failure,0
M,297.88,308.49,1548.1,42.32,11,1005.5,1.89,172.04,No Failure,0
L,300.44,311.12,1363.8,64.62,115,1212.3,3.37,125.82,Power Failure,1
H,300.53,309.4,1632.1,33.23,238,834.6,4.294,163.03,No Failure,0
M,299.04,309.01,1381.7,47.4,125,640.0,2.578,166.22,No Failure,0
M,304.07,313.54,1641.3,28.91,34,2042.8,1.743,138.31,No Failure,0
L,300.86,310.87,1316.7,56.11,61,1114.6,2.086,173.08,No Failure,0
L,302.26,313.69,1482.2,53.59,7,925.2,2.292,148.34,No Failure,0
L,297.09,307.45,1531.3,47.12,197,209.5,3.932,147.99,No Failure,0
H,297.07,309.23,1515.2,22.64,223,744.0,3.412,160.88,No Failure,0
H,300.92,311.14,1468.7,47.02,69,666.3,2.697,151.63,No Failure,0
H,303.71,313.54,1466.9,31.81,69,615.6,2.276,144.42,No Failure,0
L,297.98,307.96,1538.2,44.54,144,1053.7,2.685,146.03,No Failure,0
M,300.29,310.43,1514.8,25.45,198,734.4,3.486,152.54,No Failure,0
M,297.53,307.85,1507.4,42.7,233,2141.4,3.727,142.96,No Failure,0
M,298.56,307.57,1594.8,36.46,241,649.1,3.987,156.57,No Failure,0
L,300.39,310.15,1568.3,32.22,137,750.5,3.097,144.06,No Failure,0
H,299.01,308.29,1530.1,45.93,161,1721.9,3.343,144.71,No Failure,0
L,297.39,308.42,1530.5,39.49,9,219.9,1.66,144.93,No Failure,0
L,297.34,305.42,1657.4,37.95,16,282.6,2.145,126.26,No Failure,0
H,296.23,306.38,1341.9,47.37,242,279.4,4.221,146.64,No Failure,0
L,300.95,309.43,1313.1,59.04,60,1495.5,2.503,155.05,Heat Dissipation Failure,1
L,301.2,311.63,1305.2,42.76,141,800.2,2.59,170.1,No Failure,0
M,301.19,310.79,1617.8,21.94,71,2445.2,1.956,168.24,No Failure,0
H,298.18,306.36,1517.8,24.42,45,1001.2,1.948,150.19,No Failure,0
L,302.01,312.95,1369.7,40.69,202,739.0,4.082,149.88,No Failure,0
M,301.41,308.9,1277.9,50.26,124,180.1,2.576,141.84,Heat Dissipation Failure,1
L,300.01,309.98,1446.6,41.35,27,288.5,2.032,159.18,No Failure,0
L,299.69,310.38,1481.9,45.12,92,503.2,2.829,134.96,No Failure,0
L,298.7,310.08,1547.7,39.41,107,2665.8,2.531,139.44,No Failure,0
M,300.38,308.77,1513.2,49.62,104,741.2,3.33,131.97,No Failure,0
L,303.23,312.72,1535.7,46.17,192,1617.4,3.392,148.71,No Failure,0
L,302.28,313.36,1480.0,29.8,120,607.9,3.146,152.38,No Failure,0
M,299.49,310.64,1397.3,44.48,152,95.6,3.251,136.24,No Failure,0
M,301.08,312.36,1640.8,24.57,206,333.3,3.583,138.56,No Failure,0
M,297.8,310.36,1482.9,44.48,232,699.4,3.888,156.85,No Failure,0
H,301.46,310.95,1646.8,37.17,60,840.4,1.683,147.08,No Failure,0
L,298.34,308.71,1461.2,41.61,157,1337.6,3.171,138.68,No Failure,0
L,301.38,311.03,1543.2,43.24,165,259.2,3.509,142.59,No Failure,0
L,305.94,313.96,1464.6,42.82,169,629.8,3.184,158.39,No Failure,0
M,298.86,308.77,1418.8,54.17,179,653.5,3.589,157.04,No Failure,0
L,305.85,313.85,1532.2,40.34,26,216.9,1.892,148.38,No Failure,0
L,300.98,310.46,1482.9,41.89,245,233.7,3.632,137.24,No Failure,0
L,298.5,307.03,1305.8,53.3,183,296.4,3.611,134.75,Heat Dissipation Failure,1
L,298.41,308.85,1373.2,58.97,78,612.0,2.822,128.56,No Failure,0
H,304.73,313.95,1559.3,39.82,100,271.0,2.438,139.25,No Failure,0
M,300.99,309.2,1550.6,34.88,50,732.6,2.37,157.52,No Failure,0
L,298.87,309.73,1288.3,35.37,153,1391.4,3.105,140.66,No Failure,0
M,299.59,308.99,1448.0,44.51,233,256.8,3.38,137.75,No Failure,0
M,300.86,310.43,1577.3,37.97,102,2070.6,2.426,138.83,No Failure,0
L,299.98,309.0,1551.8,22.51,237,624.7,3.412,144.64,Tool Wear Failure,1
L,300.69,311.84,1506.1,51.23,183,1269.1,3.398,162.53,No Failure,0
M,303.55,313.82,1379.6,48.15,194,725.8,4.164,138.96,No Failure,0
L,297.74,307.13,1379.5,51.47,15,447.7,2.167,142.78,No Failure,0
M,301.29,309.38,1411.0,53.44,96,358.8,2.715,135.76,No Failure,0
M,299.85,312.36,1401.8,41.91,122,552.3,2.717,161.11,No Failure,0
M,299.0,310.98,1561.2,42.61,242,485.5,3.977,149.46,No Failure,0
H,302.14,313.59,1533.3,50.07,200,713.2,3.626,133.12,No Failure,0
M,297.08,306.37,1498.2,27.85,145,221.2,2.598,137.29,No Failure,0
M,295.27,304.77,1511.5,36.48,213,130.7,3.811,154.78,No Failure,0
L,300.45,310.85,1675.1,39.41,54,330.1,1.509,162.89,No Failure,0
M,299.72,308.83,1525.2,49.22,38,695.0,2.32,142.43,No Failure,0
H,297.29,306.3,1397.9,34.61,206,233.5,3.095,157.94,No Failure,0
H,296.58,308.04,1662.0,32.88,197,1631.7,3.581,154.46,No Failure,0
H,303.86,313.81,1226.6,35.69,120,527.6,3.034,172.57,No Failure,0
L,300.93,309.81,1517.7,44.7,79,1217.2,2.171,138.08,No Failure,0
M,300.04,310.99,1428.4,39.32,14,360.7,1.507,171.5,No Failure,0
H,304.39,313.82,1657.5,25.49,35,183.6,1.952,159.31,No Failure,0
M,302.04,310.06,1622.5,27.46,194,7.5,3.195,139.08,No Failure,0
M,303.54,312.4,1501.1,41.37,153,470.5,2.923,157.96,No Failure,0
M,297.64,307.12,1539.1,41.7,204,346.1,3.457,140.76,No Failure,0
M,297.57,307.79,1453.2,40.28,12,349.5,2.45,152.74,No Failure,0
L,301.23,311.41,1483.8,35.29,213,155.5,3.487,157.07,No Failure,0
L,300.83,312.06,1520.7,47.88,138,631.9,3.29,142.5,No Failure,0
H,302.5,312.26,1471.0,43.69,40,648.3,2.269,171.84,No Failure,0
H,296.74,306.27,1421.9,43.35,239,973.5,4.526,149.83,No Failure,0
H,301.41,312.65,1454.3,43.7,84,601.1,3.094,150.58,No Failure,0
L,301.98,312.96,1348.4,55.97,89,1058.3,2.245,159.73,No Failure,0
L,301.87,311.66,1550.8,29.76,197,2672.9,3.801,158.88,No Failure,0
L,299.19,309.48,1573.6,35.79,117,971.3,2.728,160.71,No Failure,0
H,301.04,310.56,1448.6,36.64,190,775.8,3.125,158.54,No Failure,0
M,298.45,307.29,1536.3,52.58,143,788.1,3.575,175.85,No Failure,0
H,299.41,311.61,1550.0,36.26,221,432.0,3.465,152.96,No Failure,0
L,297.91,307.37,1398.1,32.08,64,341.0,2.47,152.38,No Failure,0
M,298.48,308.78,1533.2,38.94,136,521.8,2.825,166.08,No Failure,0
M,299.52,308.0,1407.9,41.05,48,345.4,2.424,150.11,No Failure,0
L,299.02,309.75,1401.8,51.96,77,422.3,2.832,136.07,No Failure,0
H,298.48,307.28,1516.7,36.2,247,324.9,3.632,144.08,No Failure,0
M,297.4,309.08,1616.0,33.13,102,540.1,2.06,144.13,No Failure,0
L,303.92,315.72,1632.8,30.9,175,513.5,3.219,170.37,No Failure,0
L,299.0,309.56,1547.5,36.56,73,591.2,2.115,140.76,No Failure,0
H,300.66,310.77,1466.8,65.64,9,791.8,2.401,135.7,Power Failure,1
M,296.48,306.29,1404.2,43.82,160,302.0,3.206,160.42,No Failure,0
M,302.72,312.67,1575.0,45.98,54,407.0,1.999,174.61,No Failure,0
M,300.33,310.74,1625.4,40.0,123,200.1,2.934,132.89,No Failure,0
L,299.11,309.2,1519.4,41.37,191,1016.1,2.915,175.23,No Failure,0
M,299.13,310.11,1478.4,47.87,141,2315.0,2.769,138.57,No Failure,0
H,301.74,310.82,1540.6,45.63,14,777.4,1.542,128.08,No Failure,0
L,294.09,305.62,1443.6,43.49,168,1014.3,2.631,132.1,No Failure,0
M,298.35,307.93,1453.2,40.16,101,287.2,2.722,150.73,No Failure,0
L,299.76,309.02,1487.3,36.48,59,1809.9,1.863,144.89,No Failure,0
L,299.74,310.1,1492.4,44.24,171,1209.0,3.465,148.92,No Failure,0
L,305.01,315.44,1451.1,40.84,223,109.0,4.071,143.39,No Failure,0
H,299.32,307.59,1264.4,61.33,56,588.5,2.967,134.12,Heat Dissipation Failure,1
L,301.98,311.5,1322.7,50.51,11,691.5,2.16,158.05,No Failure,0
L,303.62,311.45,1465.4,33.26,210,700.1,3.085,143.48,No Failure,0
M,301.34,310.67,1536.0,28.3,61,263.8,1.705,163.5,No Failure,0
L,298.65,308.02,1476.3,36.02,75,318.5,1.749,158.12,No Failure,0
M,297.43,307.73,1596.3,29.17,31,305.1,1.418,145.66,No Failure,0
H,301.49,310.7,1466.8,35.42,19,952.8,2.138,143.64,No Failure,0
L,303.29,312.74,1621.8,30.3,102,669.7,2.516,124.34,No Failure,0
L,301.09,312.4,1703.3,36.73,150,723.5,3.333,159.97,No Failure,0
H,302.47,314.53,1637.7,36.85,236,375.9,3.496,152.14,Tool Wear Failure,1
L,305.18,314.26,1392.7,41.47,117,302.7,2.738,155.66,No Failure,0
L,301.67,312.69,1489.6,37.93,206,98.4,3.798,138.94,No Failure,0
H,297.8,308.19,1457.8,30.98,231,197.8,3.427,150.06,No Failure,0
H,300.1,308.36,1420.4,52.15,123,181.8,3.006,135.02,No Failure,0
M,302.74,311.95,1490.5,44.03,138,2535.9,3.344,137.52,No Failure,0
M,299.5,306.47,1559.2,34.56,100,98.2,2.791,165.77,No Failure,0
H,303.01,313.33,1476.4,31.14,191,796.5,3.491,145.69,No Failure,0
M,299.87,308.79,1558.9,25.33,9,1036.1,1.385,148.16,No Failure,0
M,300.67,310.8,1709.3,24.6,235,115.7,3.675,132.14,Tool Wear Failure,1
H,299.3,311.87,1451.9,50.47,122,1003.3,2.694,138.22,No Failure,0
M,300.32,311.91,1346.6,49.41,31,609.1,2.662,136.2,No Failure,0
M,300.42,309.66,1431.2,34.16,63,413.7,1.727,146.27,No Failure,0
L,296.78,305.77,1384.2,53.66,137,2158.3,3.632,142.3,No Failure,0
M,299.12,310.41,1439.6,46.17,0,102.3,1.146,145.78,No Failure,0
M,297.53,306.53,1368.0,42.03,194,768.1,3.499,156.28,No Failure,0
L,299.19,310.18,1403.3,48.62,211,1293.9,3.996,167.14,No Failure,0
L,298.41,311.15,1406.9,46.18,145,601.3,2.955,155.47,No Failure,0
H,302.02,312.7,1434.8,41.54,180,1902.8,2.98,137.36,No Failure,0
L,302.05,313.23,1480.7,37.6,22,360.5,1.524,134.16,No Failure,0
L,301.12,312.19,1533.3,38.93,234,577.3,3.843,137.77,No Failure,0
L,297.46,306.91,1636.7,23.92,102,1861.5,2.348,151.73,No Failure,0
L,299.8,310.09,1677.0,31.99,117,3857.5,2.573,162.03,No Failure,0
M,297.31,306.35,1373.8,58.0,68,1536.5,2.677,161.46,No Failure,0
L,299.71,311.0,1638.6,31.73,124,836.1,2.774,174.84,No Failure,0
L,301.29,310.21,1528.9,21.49,5,102.2,1.481,148.65,Power Failure,1
H,301.98,312.69,1441.3,49.04,140,397.2,3.042,143.49,No Failure,0
L,300.95,312.08,1446.6,42.49,69,318.0,2.441,149.22,No Failure,0
L,302.52,312.03,1540.8,43.05,220,1582.5,3.508,128.07,No Failure,0
H,300.52,309.8,1535.5,38.42,46,938.8,1.545,149.77,No Failure,0
M,299.53,309.36,1568.9,49.11,51,558.7,2.152,145.6,No Failure,0
M,301.75,310.85,1293.8,55.3,160,852.4,4.437,135.46,No Failure,0
H,301.81,311.97,1477.7,34.79,17,672.0,1.662,165.37,No Failure,0
H,298.95,308.03,1480.1,46.33,163,734.2,3.609,141.04,No Failure,0
L,300.76,309.91,1398.8,51.18,166,1254.0,3.84,144.01,No Failure,0
M,299.41,309.96,1461.3,34.22,131,206.9,2.701,131.28,No Failure,0
M,295.98,306.6,1412.8,55.1,127,628.6,3.618,151.78,No Failure,0
L,300.88,310.59,1366.2,51.15,194,132.5,3.912,173.33,No Failure,0
H,297.41,305.76,1639.9,27.58,148,753.5,3.159,152.4,No Failure,0
L,300.66,311.83,1219.4,55.95,200,1338.2,3.978,163.08,Overstrain Failure,1
H,296.93,306.48,1568.8,28.1,221,851.2,3.648,142.02,No Failure,0
M,298.56,310.62,1569.1,33.13,70,414.5,2.59,157.87,No Failure,0
M,299.13,309.0,1460.5,46.84,226,627.4,3.85,140.87,No Failure,0
L,302.4,312.54,1479.6,50.41,142,207.7,3.328,137.24,No Failure,0
H,298.93,308.5,1470.1,40.99,94,856.0,2.589,155.1,No Failure,0
M,297.85,308.09,1590.7,33.7,206,176.7,3.576,166.82,Tool Wear Failure,1
L,300.73,314.21,1514.6,37.4,172,578.8,3.478,139.53,No Failure,0
L,299.57,309.22,1596.3,36.22,178,455.2,3.406,153.73,No Failure,0
M,301.58,312.86,1294.3,48.41,123,851.4,2.981,126.3,No Failure,0
L,297.98,308.07,1298.1,35.94,12,624.9,2.148,136.93,No Failure,0
M,300.42,311.6,1665.0,33.48,138,603.6,2.971,181.18,No Failure,0
M,304.94,313.01,1567.0,25.23,192,74.3,3.038,144.25,No Failure,0
L,299.52,311.47,1394.2,34.06,203,685.8,3.519,142.44,No Failure,0
M,300.37,310.71,1495.0,38.82,18,628.2,1.763,157.49,No Failure,0
L,296.68,306.41,1543.8,28.7,69,525.7,1.904,137.13,No Failure,0
H,298.29,309.2,1672.8,22.55,180,717.2,2.922,157.34,No Failure,0
H,300.92,311.06,1465.9,49.8,22,254.9,1.987,157.47,No Failure,0
L,299.34,308.19,1542.5,30.0,219,720.0,3.745,145.88,No Failure,0
M,301.23,308.81,1688.4,26.91,170,719.2,2.703,167.35,No Failure,0
M,300.85,312.68,1265.5,55.7,196,213.2,4.049,130.9,No Failure,0
H,297.36,307.14,1220.6,48.49,76,769.4,2.472,145.5,No Failure,0
L,302.03,311.42,1431.2,50.25,151,1280.2,2.993,165.84,No Failure,0
M,297.51,306.98,1436.4,45.05,74,690.3,2.6,161.19,No Failure,0
H,298.47,309.93,1224.6,53.11,30,206.5,2.259,144.4,No Failure,0
L,300.46,309.97,1484.2,48.83,31,996.5,2.263,141.86,No Failure,0
M,303.13,313.78,1374.7,36.56,41,201.4,2.277,152.75,No Failure,0
L,297.99,307.66,1575.1,29.35,237,305.9,4.311,126.23,No Failure,0
M,300.3,309.04,1671.7,27.17,23,216.4,1.602,150.19,No Failure,0
L,300.31,311.21,1534.3,38.6,208,566.3,3.575,153.33,No Failure,0
H,301.31,312.42,1606.0,29.0,131,1886.7,2.659,140.78,No Failure,0
L,302.37,311.69,1521.1,32.02,182,448.2,3.16,149.86,No Failure,0
L,299.19,309.15,1527.3,38.48,166,367.2,3.071,150.02,No Failure,0
H,302.02,312.12,1433.9,53.98,135,2712.5,3.24,132.08,No Failure,0
H,302.66,313.11,1562.8,24.89,230,512.2,3.145,149.17,No Failure,0
M,303.57,315.54,1395.8,40.3,7,314.4,1.933,133.0,No Failure,0
M,301.0,310.68,1671.1,27.49,128,213.1,2.742,142.04,No Failure,0
L,300.31,309.98,1711.2,34.44,242,575.7,4.37,143.76,No Failure,0
M,299.05,308.88,1560.1,49.3,151,518.2,3.044,168.17,No Failure,0
L,297.08,306.14,1331.5,31.52,49,1554.1,2.357,160.29,No Failure,0
L,299.44,307.72,1633.7,37.37,60,537.6,2.438,168.37,No Failure,0
H,300.22,310.36,1431.6,41.41,178,53.1,3.129,142.73,No Failure,0
M,299.78,310.31,1606.0,47.01,156,360.6,2.978,146.54,No Failure,0
L,301.2,311.2,1450.4,34.52,136,205.3,2.957,153.15,No Failure,0
L,297.09,307.03,1297.6,52.61,10,412.2,2.133,151.15,No Failure,0
H,299.64,308.74,1531.1,35.55,70,482.6,2.454,163.39,No Failure,0
L,303.99,314.24,1425.1,44.84,110,341.3,2.615,158.09,No Failure,0
L,301.99,312.16,1483.5,38.1,114,321.9,3.428,161.0,No Failure,0
L,301.23,311.71,1525.6,47.41,148,295.9,2.898,146.58,No Failure,0
L,300.78,311.11,1449.1,60.28,144,642.5,3.802,159.13,Power Failure,1
L,299.27,309.66,1437.3,37.22,116,537.3,2.19,144.17,No Failure,0
H,296.49,307.81,1648.9,39.84,175,493.6,3.118,178.72,No Failure,0
L,300.91,311.49,1423.8,35.68,165,1878.4,3.435,146.28,No Failure,0
M,295.1,305.58,1492.5,34.14,186,746.0,3.874,151.72,No Failure,0
M,299.35,307.61,1784.0,33.01,78,862.0,2.583,159.23,No Failure,0
M,299.99,311.05,1534.8,39.81,8,663.8,1.634,178.84,No Failure,0
M,299.11,308.81,1503.0,32.23,249,183.5,3.595,162.91,No Failure,0
M,304.34,314.42,1583.5,32.53,217,67.3,4.009,139.8,No Failure,0
M,303.65,312.38,1816.7,8.34,62,346.5,1.54,162.84,Power Failure,1
M,302.07,314.16,1419.6,53.85,179,556.9,4.109,130.9,No Failure,0
M,298.15,305.68,1483.7,56.44,79,671.5,3.069,143.73,No Failure,0
M,303.84,315.33,1370.2,46.49,195,277.2,3.845,140.75,No Failure,0
M,301.24,311.66,1511.1,31.26,41,1234.5,1.599,144.94,No Failure,0
L,298.12,306.21,1521.0,27.37,86,236.0,1.989,159.31,No Failure,0
M,300.07,312.1,1550.4,24.35,136,540.8,2.836,163.18,No Failure,0
M,301.92,312.43,1452.7,46.39,173,774.2,3.514,165.03,No Failure,0
L,298.8,306.44,1303.0,52.65,71,713.5,3.139,143.93,Heat Dissipation Failure,1
H,300.28,309.86,1512.9,41.66,153,2590.2,3.358,132.64,No Failure,0
L,300.63,311.17,1488.3,48.58,102,910.6,2.961,155.83,No Failure,0
L,297.8,309.51,1354.4,44.45,84,674.1,3.007,152.66,No Failure,0
H,299.46,309.05,1505.0,32.29,207,1343.3,3.338,128.3,No Failure,0
L,297.95,305.3,1373.3,50.09,42,1109.8,2.392,145.66,Heat Dissipation Failure,1
L,301.74,313.2,1404.6,49.46,182,178.7,3.367,137.64,No Failure,0
L,298.18,308.68,1564.4,30.1,145,522.8,3.136,124.32,No Failure,0
H,300.58,308.35,1516.9,48.07,168,1041.2,3.931,151.87,No Failure,0
L,297.22,307.56,1600.0,38.52,192,842.5,3.563,142.22,No Failure,0
M,297.73,308.18,1448.1,37.39,201,477.9,3.067,142.49,No Failure,0
M,297.64,307.31,1531.0,43.91,86,1477.8,2.858,150.88,No Failure,0
M,299.42,308.59,1595.0,43.6,101,2157.2,3.152,126.61,No Failure,0
H,300.36,309.75,1537.8,48.89,216,393.4,3.731,136.55,No Failure,0
H,300.73,310.4,1586.4,31.51,130,2659.9,2.546,152.84,No Failure,0
L,296.46,306.81,1449.9,45.66,217,1138.6,4.194,156.54,No Failure,0
H,299.66,310.45,1466.5,28.4,246,733.4,3.568,166.2,No Failure,0
M,298.5,306.35,1477.1,38.21,190,1239.2,3.147,152.48,Random Failure,1
L,301.07,311.32,1374.5,38.88,206,241.5,3.384,156.91,No Failure,0
L,299.46,309.95,1525.0,49.7,31,1144.1,1.987,151.09,No Failure,0
M,299.84,310.01,1475.5,40.09,187,707.2,3.713,160.48,No Failure,0
L,298.51,308.11,1513.2,37.38,128,1370.4,2.892,136.18,No Failure,0
M,303.45,314.87,1330.4,54.26,132,1104.0,3.509,141.49,No Failure,0
L,297.43,308.78,1407.4,35.71,245,1730.1,4.153,148.69,No Failure,0
M,299.2,308.83,1601.8,35.29,64,268.5,2.568,149.83,No Failure,0
L,300.22,310.13,1695.3,21.24,64,1030.9,2.197,135.02,No Failure,0
H,299.5,310.27,1601.4,37.83,48,394.3,1.722,130.77,No Failure,0
L,298.47,309.75,1417.5,30.6,9,995.1,1.416,138.91,No Failure,0
L,296.38,305.56,1638.7,37.49,41,809.2,2.361,141.07,No Failure,0
L,298.62,307.57,1469.5,42.4,129,472.7,3.077,153.93,No Failure,0
L,298.08,308.36,1656.8,29.15,91,421.6,2.153,125.03,No Failure,0
M,303.36,312.23,1328.6,31.77,66,181.7,2.0,177.49,No Failure,0
M,304.53,312.58,1664.9,24.01,249,1257.2,4.048,139.32,No Failure,0
L,299.9,309.08,1534.2,34.9,185,887.2,3.255,130.34,No Failure,0
H,297.19,307.61,1555.7,30.56,47,587.8,2.238,133.62,No Failure,0
L,301.48,313.03,1319.6,61.44,235,832.0,4.333,148.14,Overstrain Failure,1
L,298.04,307.33,1326.0,55.04,159,1997.0,3.952,138.51,No Failure,0
M,298.9,308.78,1265.5,53.42,107,561.1,3.303,147.56,No Failure,0
M,298.74,308.9,1489.8,27.05,91,505.5,2.094,145.01,No Failure,0
M,299.0,308.35,1516.6,38.23,199,438.3,3.799,151.08,No Failure,0
L,299.29,308.56,1714.3,27.97,107,1024.5,2.029,148.45,No Failure,0
L,297.37,307.71,1452.2,58.43,178,344.7,3.776,154.76,No Failure,0
M,298.6,307.4,1454.2,48.31,118,595.8,2.95,169.7,No Failure,0
L,302.04,311.27,1540.2,29.47,167,393.2,2.557,145.06,No Failure,0
L,299.93,309.73,1656.1,43.69,188,913.1,3.03,137.28,No Failure,0
H,300.25,310.57,1679.9,25.17,8,714.8,1.747,160.91,No Failure,0
M,295.54,304.02,1564.4,38.64,31,1060.6,1.875,154.53,No Failure,0
L,301.9,311.76,1394.1,38.24,181,157.2,3.424,148.5,No Failure,0
L,298.63,307.34,1463.8,47.4,72,416.8,2.382,152.07,No Failure,0
M,302.25,311.56,1309.6,49.88,194,656.7,4.118,143.24,No Failure,0
L,300.31,311.1,1685.7,40.2,94,1032.9,2.095,165.99,No Failure,0
L,298.88,308.8,1442.2,37.76,18,628.4,1.989,161.16,No Failure,0
L,296.64,308.31,1704.2,7.65,109,643.8,2.637,152.99,Power Failure,1
M,304.35,314.28,1316.6,55.62,227,1312.8,3.942,145.98,Overstrain Failure,1
M,301.61,312.57,1519.3,33.42,246,435.3,3.639,128.76,No Failure,0
L,301.73,312.52,1552.2,41.02,115,879.2,2.887,159.27,No Failure,0
L,303.64,313.62,1319.5,62.59,163,1073.2,3.877,151.01,No Failure,0
M,300.45,309.13,1599.3,28.06,192,328.0,2.897,161.66,No Failure,0
M,302.7,312.6,1563.0,40.21,102,536.3,2.517,132.85,No Failure,0
M,299.04,308.51,1323.7,44.97,174,983.6,3.895,148.03,No Failure,0
L,301.48,310.9,1479.9,50.92,218,542.0,4.573,147.09,Overstrain Failure,1
M,298.74,308.9,1512.0,40.01,199,862.9,3.542,127.48,No Failure,0
H,298.99,307.54,1342.7,51.76,139,539.7,3.265,131.88,Heat Dissipation Failure,1
M,300.19,309.32,1545.1,35.84,5,1783.6,1.663,153.16,No Failure,0
L,297.47,306.45,1466.7,45.44,177,813.7,2.644,181.1,No Failure,0
M,300.66,310.4,1230.7,44.14,160,349.9,3.057,165.41,No Failure,0
L,299.38,308.61,1631.0,39.09,118,728.3,2.747,128.09,No Failure,0
L,296.02,305.32,1582.9,43.24,79,464.7,3.158,152.26,No Failure,0
L,299.08,309.22,1452.4,31.25,116,708.4,2.713,141.41,No Failure,0
H,299.31,308.86,1455.9,37.01,93,1343.8,2.908,157.78,No Failure,0
L,301.71,311.71,1724.8,27.13,35,487.2,1.636,151.35,No Failure,0
H,300.57,309.45,1595.1,35.58,33,543.8,1.977,142.37,No Failure,0
M,302.89,312.07,1443.9,51.38,82,114.9,2.36,159.94,No Failure,0
M,301.04,313.08,1505.6,44.2,142,749.8,2.66,150.71,Random Failure,1
L,298.89,308.19,1509.0,43.08,4,510.6,1.362,152.99,No Failure,0
M,299.88,307.78,1532.1,24.01,180,1099.1,2.946,149.94,No Failure,0
L,299.3,309.65,1423.6,43.2,6,270.0,1.693,150.09,No Failure,0
L,300.98,310.27,1594.8,39.37,60,986.6,1.993,151.12,No Failure,0
L,300.12,310.36,1516.1,45.37,228,925.6,3.277,165.84,No Failure,0
L,298.74,308.65,1414.9,53.83,39,740.8,2.461,160.69,No Failure,0
M,300.02,310.57,1474.4,35.91,60,1759.3,1.845,164.12,No Failure,0
L,300.92,310.82,1614.3,36.84,237,2398.6,3.892,125.57,No Failure,0
L,297.99,307.76,1339.6,49.18,17,1385.7,1.706,155.17,No Failure,0
H,300.63,311.78,1681.5,33.97,60,86.7,2.352,137.39,No Failure,0
L,296.84,304.62,1427.7,40.87,138,361.4,2.442,152.21,No Failure,0
L,302.21,310.89,1581.3,20.03,82,234.0,2.261,164.18,Power Failure,1
L,301.05,310.23,1527.4,36.92,147,302.7,2.84,137.06,No Failure,0
L,303.26,311.57,1414.7,53.05,220,1445.9,3.926,152.81,Overstrain Failure,1
M,297.77,307.29,1481.9,43.35,114,2088.9,2.781,143.37,No Failure,0
L,302.27,311.69,1309.0,48.99,104,1411.2,2.76,162.03,No Failure,0
L,301.87,312.85,1461.4,49.56,77,863.4,2.941,152.59,No Failure,0
M,299.64,309.55,1480.2,53.49,82,247.9,2.845,146.22,No Failure,0
L,299.25,309.03,1520.5,36.53,144,616.6,3.331,147.04,No Failure,0
H,297.83,307.45,1285.5,49.42,17,1142.4,2.068,153.44,No Failure,0
H,297.31,306.26,1301.2,62.48,36,2357.4,2.328,170.75,No Failure,0
L,298.5,309.39,1400.1,39.74,197,1566.9,3.489,153.17,No Failure,0
L,297.49,308.7,1431.7,26.8,110,472.0,1.916,156.02,No Failure,0
L,303.19,311.98,1498.3,34.05,183,520.9,3.84,161.61,No Failure,0
L,297.0,308.62,1608.7,44.68,213,582.8,3.743,147.93,No Failure,0
L,300.3,309.63,1625.5,23.38,68,1090.9,1.372,138.17,No Failure,0
M,300.87,310.12,1536.4,32.38,94,316.3,2.037,151.33,No Failure,0
L,300.71,311.19,1590.3,36.7,152,656.9,2.541,160.96,No Failure,0
L,300.89,311.45,1546.2,41.1,173,879.2,3.093,149.12,No Failure,0
L,301.89,311.82,1224.4,57.97,14,1063.6,2.224,137.51,No Failure,0
H,299.11,308.76,1613.2,46.88,141,722.8,2.486,158.12,No Failure,0
H,300.18,311.35,1606.9,28.86,58,629.6,2.31,171.31,No Failure,0
L,299.41,308.79,1293.6,76.0,113,1124.2,3.219,150.72,Power Failure,1
M,302.61,312.54,1447.8,39.83,202,870.1,3.509,140.35,No Failure,0
L,304.2,315.89,1458.5,23.2,39,1304.9,1.589,162.67,No Failure,0
M,297.61,306.28,1572.6,29.62,236,473.9,3.38,161.13,No Failure,0
M,295.94,305.48,1483.4,29.68,85,2432.9,2.416,157.07,No Failure,0
H,301.14,312.16,1713.2,26.52,192,1422.4,2.785,152.93,No Failure,0
L,302.14,312.67,1331.4,45.13,45,1404.8,2.572,152.22,No Failure,0
L,303.91,314.81,1715.7,13.33,180,522.8,2.505,168.67,Power Failure,1
H,301.48,310.15,1475.4,49.82,210,307.8,3.842,158.8,Tool Wear Failure,1
L,302.79,313.11,1473.1,48.14,166,205.6,3.174,149.34,No Failure,0
L,303.32,313.03,1491.4,35.44,232,3237.3,4.114,154.99,No Failure,0
M,302.93,315.2,1266.5,49.16,18,1565.6,1.579,148.08,No Failure,0
M,301.76,312.57,1451.8,29.07,229,474.3,4.05,147.61,No Failure,0
M,297.44,307.41,1499.2,31.58,138,303.8,3.413,147.3,No Failure,0
M,299.98,310.27,1329.1,45.5,62,1034.4,1.871,158.56,No Failure,0
M,300.6,310.65,1510.0,37.9,168,588.5,2.628,147.65,No Failure,0
L,299.8,310.5,1481.4,33.75,121,1148.3,2.561,149.57,No Failure,0
M,299.92,309.07,1392.7,38.86,190,448.2,3.479,152.71,No Failure,0
M,303.13,314.5,1266.5,53.19,182,804.6,3.575,159.46,No Failure,0
H,298.49,307.16,1254.3,52.8,177,1158.9,3.5,165.19,No Failure,0
L,301.6,311.8,1460.8,44.26,210,2441.6,3.951,142.6,No Failure,0
L,300.63,309.81,1462.4,36.45,82,924.1,2.415,156.59,No Failure,0
M,298.28,308.33,1460.6,45.21,57,390.1,1.754,157.17,No Failure,0
L,297.85,308.83,1562.0,31.38,144,28.9,2.609,152.19,No Failure,0
L,296.6,304.89,1388.2,51.69,58,628.5,2.773,129.45,No Failure,0
H,300.97,310.8,1482.2,49.5,201,805.9,3.809,149.73,No Failure,0
M,299.87,308.43,1212.9,59.32,228,1036.8,4.216,152.44,Heat Dissipation Failure,1
L,298.35,308.07,1622.9,31.98,123,2281.0,2.252,165.63,No Failure,0
L,296.25,304.81,1609.4,30.74,197,871.4,3.572,164.71,No Failure,0
L,300.87,311.03,1438.1,45.51,103,1663.6,2.703,157.83,No Failure,0
M,299.65,309.23,1449.2,37.26,219,1187.2,3.697,178.92,Tool Wear Failure,1
L,298.57,309.32,1423.6,49.99,22,540.1,2.281,156.72,No Failure,0
L,298.07,309.3,1435.0,53.18,246,802.1,3.975,144.37,Overstrain Failure,1
L,299.52,309.53,1237.8,57.03,136,1722.9,3.621,161.51,No Failure,0
L,300.94,311.83,1550.2,40.58,239,157.2,4.06,148.5,No Failure,0
L,299.34,310.72,1586.1,48.8,177,780.2,3.861,155.22,No Failure,0
L,297.62,306.7,1535.5,34.83,182,212.3,3.199,139.06,No Failure,0
M,299.88,311.32,1599.9,42.17,88,353.1,2.877,143.69,No Failure,0
L,302.09,312.05,1547.0,39.47,166,1799.9,2.37,132.37,No Failure,0
L,300.08,309.1,1532.3,38.93,188,293.3,3.014,150.28,No Failure,0
L,300.14,310.44,1291.0,58.24,183,145.9,3.486,142.22,No Failure,0
L,299.35,309.28,1576.7,26.58,248,740.4,3.552,177.47,No Failure,0
L,298.22,306.81,1412.1,39.95,14,1033.0,2.037,164.92,No Failure,0
L,298.15,307.05,1580.6,40.54,51,105.9,1.505,144.67,No Failure,0
L,296.68,308.31,1381.5,46.43,107,2453.0,3.035,141.04,No Failure,0
L,302.36,312.64,1746.4,29.03,155,602.8,2.893,141.78,No Failure,0
M,300.92,312.41,1563.4,37.01,147,1120.5,2.64,140.43,No Failure,0
L,300.16,309.75,1583.1,34.04,83,315.8,2.805,138.81,No Failure,0
M,300.59,309.79,1561.0,17.48,33,1098.7,1.042,149.21,Power Failure,1
M,300.68,309.0,1466.9,51.62,60,668.8,2.671,142.19,No Failure,0
L,298.53,309.5,1597.8,25.3,194,864.1,3.609,137.53,No Failure,0
L,299.35,309.76,1577.5,23.97,139,1244.9,2.076,165.14,No Failure,0
L,299.05,308.64,1365.2,49.48,3,1088.7,1.475,143.43,No Failure,0
L,305.02,314.23,1415.1,36.65,95,251.9,2.857,143.2,No Failure,0
M,302.04,313.17,1524.9,37.0,99,198.3,2.551,169.75,No Failure,0
L,300.34,310.16,1507.5,37.19,154,1207.1,3.253,172.36,No Failure,0
H,302.73,312.57,1295.8,50.74,203,575.7,3.836,160.88,No Failure,0
L,302.48,311.88,1590.5,34.48,165,818.4,3.343,152.77,No Failure,0
M,297.24,306.83,1644.0,45.95,247,854.9,3.797,141.54,No Failure,0
M,299.55,310.1,1463.1,28.59,103,1471.4,2.596,162.67,No Failure,0
M,299.97,308.55,1463.4,43.3,205,609.2,3.637,143.75,No Failure,0
H,301.22,311.3,1577.0,49.03,3,895.8,1.718,132.8,No Failure,0
H,299.55,310.51,1317.6,54.05,76,743.2,2.204,144.94,No Failure,0
L,299.8,309.72,1663.5,24.51,228,327.1,3.075,136.71,No Failure,0
L,299.08,310.13,1559.1,37.03,13,709.9,1.599,140.32,No Failure,0
L,302.1,313.44,1431.4,55.98,240,353.9,4.659,166.8,Overstrain Failure,1
L,297.11,308.02,1591.2,49.22,128,898.6,3.096,167.55,No Failure,0
M,299.15,308.61,1354.8,38.01,68,882.4,1.919,141.62,No Failure,0
L,296.31,306.28,1516.9,40.04,5,300.5,1.57,142.02,No Failure,0
L,297.94,308.29,1431.1,42.97,215,50.5,3.698,139.64,No Failure,0
M,300.63,310.16,1526.3,36.27,43,703.2,1.68,171.07,No Failure,0
L,300.67,310.17,1460.3,45.47,228,823.2,4.086,168.64,No Failure,0
M,299.37,308.81,1434.3,44.91,248,489.1,3.859,142.19,No Failure,0
L,302.25,314.79,1491.3,28.85,55,1826.9,1.694,163.2,No Failure,0
M,302.71,312.44,1447.5,35.1,174,829.6,2.886,153.12,No Failure,0
M,299.86,310.93,1727.6,35.46,121,403.2,2.464,155.08,No Failure,0
L,300.5,309.63,1396.1,37.44,143,281.7,3.412,157.55,No Failure,0
M,299.09,310.8,1588.8,42.7,20,307.5,1.615,147.45,No Failure,0
L,301.25,310.88,1392.4,41.8,110,311.9,2.565,146.4,No Failure,0
M,297.61,307.66,1566.2,32.8,110,187.6,2.769,169.87,No Failure,0
M,303.59,311.76,1569.9,53.4,139,1172.5,3.543,150.16,No Failure,0
L,302.28,313.4,1571.1,40.05,76,1347.9,2.183,154.86,No Failure,0
M,297.6,308.94,1253.5,54.64,108,1677.6,3.323,172.61,No Failure,0
H,298.42,307.23,1354.5,54.4,40,160.3,1.967,156.45,No Failure,0
M,300.84,312.02,1582.4,29.41,82,1658.2,2.386,151.23,No Failure,0
M,299.32,307.99,1632.0,35.1,138,596.8,2.834,145.43,No Failure,0
M,301.09,311.72,1537.6,35.83,155,911.0,3.171,141.58,No Failure,0
L,299.28,308.99,1460.6,43.13,32,1064.9,2.139,153.5,No Failure,0
M,303.05,314.39,1596.7,47.26,153,673.5,3.23,142.72,No Failure,0
H,300.02,310.27,1630.5,41.47,88,1730.3,2.642,146.68,No Failure,0
L,304.84,315.77,1607.0,34.49,60,2328.1,2.3,128.59,No Failure,0
L,301.21,312.44,1311.5,56.52,215,1348.2,3.57,155.51,Overstrain Failure,1
L,297.3,307.01,1296.5,35.62,194,1323.5,3.165,140.6,No Failure,0
L,304.17,314.14,1325.5,47.42,169,1580.9,3.688,173.78,No Failure,0
L,302.2,311.09,1364.0,39.63,105,645.7,2.042,140.75,No Failure,0
L,300.76,310.46,1499.7,39.35,201,328.2,3.233,146.07,No Failure,0
M,301.29,313.22,1530.5,46.74,104,55.0,3.214,149.59,No Failure,0
L,297.62,308.38,1554.4,55.43,58,814.1,2.354,145.65,Power Failure,1
L,296.39,305.35,1590.2,43.05,119,504.5,2.888,128.85,No Failure,0
M,299.92,311.55,1475.2,35.11,140,367.5,3.002,151.12,No Failure,0
L,302.76,313.15,1404.5,54.8,155,103.4,3.56,156.19,No Failure,0
L,300.79,311.62,1496.7,44.94,73,195.6,2.254,146.63,No Failure,0
M,303.42,313.91,1346.0,41.7,137,1660.4,2.876,147.47,No Failure,0
H,302.64,313.06,1339.2,50.28,113,1457.1,3.559,146.4,No Failure,0
M,300.04,308.04,1435.5,43.22,59,2068.9,1.836,140.53,No Failure,0
L,302.37,313.47,1495.1,64.57,152,142.3,3.382,142.93,Power Failure,1
L,303.05,310.79,1534.6,40.02,76,481.3,1.99,168.61,No Failure,0
H,299.84,310.86,1289.7,51.5,95,427.6,2.699,155.95,No Failure,0
M,299.57,309.67,1426.4,44.42,241,1037.1,3.799,160.4,No Failure,0
M,300.28,311.12,1505.3,44.39,132,387.3,3.367,144.13,No Failure,0
M,295.18,305.33,1506.4,36.38,137,339.7,3.352,161.81,No Failure,0
L,300.56,311.6,1496.5,36.43,147,357.3,2.965,164.36,No Failure,0
L,301.44,311.46,1526.1,44.97,33,670.9,1.701,145.93,No Failure,0
M,300.29,310.57,1695.6,31.32,32,826.4,2.271,181.28,No Failure,0
H,300.69,311.09,1655.5,34.24,107,559.2,2.304,139.27,No Failure,0
L,299.91,311.79,1471.8,40.15,5,459.5,1.697,136.45,No Failure,0
M,296.01,306.61,1385.9,52.4,73,1627.0,2.665,140.69,No Failure,0
L,303.33,312.01,1465.7,40.81,22,248.1,1.518,144.83,No Failure,0
H,299.26,308.7,1589.9,40.65,157,441.5,3.034,159.29,No Failure,0
L,298.76,309.36,1549.7,29.41,220,905.7,4.121,142.14,Tool Wear Failure,1
M,302.72,313.98,1191.2,56.96,7,682.7,2.068,126.75,No Failure,0
L,301.96,311.24,1454.9,51.07,246,1183.6,4.406,143.61,Overstrain Failure,1
M,300.55,312.79,1450.1,52.2,120,279.2,3.265,146.45,No Failure,0
M,301.54,311.71,1579.7,25.47,36,58.9,1.775,154.96,No Failure,0
L,297.69,308.11,1638.7,43.52,78,557.3,2.73,120.18,No Failure,0
H,299.84,308.58,1526.3,30.62,88,1411.9,2.432,146.28,No Failure,0
H,302.59,313.71,1565.9,47.72,87,1310.7,2.561,149.54,No Failure,0
H,298.65,308.2,1353.8,43.22,83,941.5,3.42,150.76,No Failure,0
L,298.0,307.26,1483.4,45.19,240,418.6,3.905,158.79,Tool Wear Failure,1
M,300.16,309.84,1484.5,32.83,148,539.2,2.8,138.88,No Failure,0
M,300.2,311.59,1576.6,29.6,44,870.9,2.227,148.45,No Failure,0
M,301.3,311.76,1619.8,33.59,76,785.3,2.448,151.1,No Failure,0
L,297.24,306.35,1424.1,43.08,87,1266.2,2.389,146.69,No Failure,0
M,294.9,304.37,1456.6,37.58,239,65.2,3.777,155.0,Tool Wear Failure,1
L,301.84,313.25,1459.7,42.53,217,698.1,3.802,138.83,No Failure,0
L,297.83,307.6,1920.3,29.76,45,1162.1,1.922,155.81,No Failure,0
L,298.78,309.34,1518.7,39.93,175,484.9,3.332,147.1,No Failure,0
L,295.63,306.44,1401.3,53.95,120,403.0,2.907,159.31,No Failure,0
L,302.05,308.63,1512.6,43.32,55,373.6,2.404,163.89,No Failure,0
L,300.7,311.97,1314.0,43.95,55,1052.5,2.233,160.48,No Failure,0
M,300.62,309.77,1550.6,44.03,163,547.3,3.56,134.36,No Failure,0
M,300.61,310.25,1605.0,34.88,100,2216.6,2.528,142.27,No Failure,0
L,295.88,307.42,1208.9,56.32,3,555.5,1.488,152.83,No Failure,0
M,298.03,309.48,1687.8,43.57,50,2108.5,2.305,145.92,No Failure,0
H,299.1,309.59,1486.1,41.77,0,1842.6,1.916,142.53,No Failure,0
H,298.5,309.23,1344.5,46.87,22,163.3,2.065,160.31,No Failure,0
H,299.46,310.43,1453.0,49.41,44,338.5,1.742,137.13,No Failure,0
H,300.49,311.92,1517.9,27.54,225,1400.6,3.678,130.48,No Failure,0
M,302.01,313.57,1350.6,40.56,84,183.4,2.301,138.42,No Failure,0
H,297.04,307.15,1296.7,62.35,145,501.7,3.506,154.2,No Failure,0
H,299.98,309.24,1347.1,56.55,229,325.6,4.362,167.45,No Failure,0
L,301.42,311.17,1366.8,38.94,167,1348.6,3.168,172.19,No Failure,0
H,298.15,308.28,1371.5,47.28,237,1675.1,4.298,146.94,Tool Wear Failure,1
M,299.61,309.56,1433.2,36.73,101,1583.6,2.682,138.47,No Failure,0
M,300.93,309.92,1439.5,43.54,8,898.6,1.85,150.31,No Failure,0
H,300.02,310.46,1595.0,35.42,39,1069.3,1.784,151.88,No Failure,0
L,301.35,309.78,1550.7,35.25,234,2163.2,4.138,129.54,No Failure,0
L,300.19,310.27,1544.4,34.08,242,577.2,4.337,127.92,No Failure,0
M,299.38,309.53,1201.2,56.82,152,711.1,3.447,134.5,No Failure,0
M,297.65,307.77,1535.9,35.2,84,147.3,2.195,164.67,No Failure,0
H,300.49,311.35,1310.7,51.42,38,98.4,2.084,146.93,No Failure,0
H,300.2,310.92,1379.9,35.68,184,1216.2,3.589,143.47,No Failure,0
M,298.01,310.24,1622.7,34.54,93,3015.4,2.448,156.03,No Failure,0
H,301.16,310.65,1349.1,43.89,225,979.5,3.854,162.92,No Failure,0
L,302.54,312.82,1612.4,27.01,172,471.1,2.837,141.0,Random Failure,1
H,298.68,308.9,1403.0,46.65,140,1946.7,3.249,151.59,No Failure,0
L,298.54,308.71,1425.1,38.64,209,1276.0,3.845,152.65,No Failure,0
M,298.47,307.21,1653.8,34.49,102,956.8,2.486,160.42,No Failure,0
L,296.64,305.46,1507.2,32.35,158,1220.8,3.108,149.88,No Failure,0
M,304.01,314.02,1294.4,59.71,64,858.5,2.782,132.49,No Failure,0
L,299.1,307.53,1436.6,39.66,247,1428.2,4.338,149.68,No Failure,0
L,298.28,307.95,1521.9,39.24,12,230.8,1.44,154.17,No Failure,0
M,297.75,307.1,1415.8,48.73,59,872.4,2.149,148.42,No Failure,0
M,299.22,308.93,1504.2,31.58,18,494.9,1.489,141.93,No Failure,0
L,298.61,309.74,1326.2,51.34,237,69.7,4.204,134.18,Overstrain Failure,1
M,302.88,311.8,1499.1,39.64,167,944.0,3.122,163.42,No Failure,0
L,297.5,308.37,1552.2,26.16,64,1108.3,1.877,158.64,No Failure,0
L,296.92,306.35,1697.6,34.7,230,1735.4,4.008,150.41,No Failure,0
L,301.1,310.66,1540.3,29.05,182,400.2,2.765,137.65,No Failure,0
M,299.79,310.25,1523.6,40.81,189,709.9,3.267,158.25,No Failure,0
M,299.55,309.28,1555.3,32.06,132,1111.6,2.554,143.24,No Failure,0
M,301.12,310.23,1546.3,30.96,76,473.7,2.552,128.92,No Failure,0
H,300.27,309.9,1557.6,42.92,232,51.7,3.999,160.84,No Failure,0
M,299.91,308.13,1548.7,40.44,28,185.6,1.954,125.44,No Failure,0
M,297.19,307.57,1453.8,52.09,58,766.5,2.168,147.08,No Failure,0
H,296.66,303.56,1456.3,51.65,50,807.9,2.183,159.24,No Failure,0
L,298.6,309.49,1349.8,40.61,190,457.8,2.738,151.81,No Failure,0
L,297.83,308.45,1499.7,45.0,214,386.9,3.853,158.38,Tool Wear Failure,1
L,300.54,312.14,1590.3,25.92,210,492.9,3.213,162.87,No Failure,0
M,296.4,308.58,1398.2,46.96,62,375.6,1.87,138.5,No Failure,0
M,299.11,310.04,1778.6,44.11,134,564.8,3.108,149.98,No Failure,0
L,299.65,309.03,1291.0,49.54,135,2225.4,2.856,149.27,No Failure,0
H,299.92,312.09,1516.3,36.94,241,2210.8,3.972,148.76,No Failure,0
H,300.8,309.6,1508.4,37.02,248,775.7,4.1,157.99,No Failure,0
L,299.35,307.44,1515.9,37.09,79,271.4,3.158,157.63,No Failure,0
L,298.67,310.52,1294.0,54.35,249,751.3,4.253,161.98,Overstrain Failure,1
L,302.49,313.09,1497.6,42.83,222,361.6,3.928,138.02,Tool Wear Failure,1
L,299.36,307.48,1518.5,25.04,53,595.5,1.81,153.67,No Failure,0
H,302.84,311.48,1474.0,46.44,183,1350.0,3.323,136.99,No Failure,0
M,299.35,309.9,1551.2,35.37,239,434.8,3.952,154.97,No Failure,0
L,299.97,309.1,1391.3,50.85,63,1043.2,2.672,169.47,No Failure,0
L,299.72,309.0,1450.4,45.39,77,488.1,2.635,168.03,No Failure,0
L,300.46,312.43,1543.3,52.4,220,1360.9,4.249,134.35,Overstrain Failure,1
L,299.16,311.31,1468.9,50.39,208,708.7,3.643,136.56,No Failure,0
L,300.19,310.34,1440.6,49.37,203,1361.6,3.834,155.09,No Failure,0
M,303.06,312.91,1447.5,51.34,58,311.2,1.923,143.12,No Failure,0
M,302.1,313.0,1438.4,48.15,64,1142.3,1.879,165.0,No Failure,0
H,302.11,311.55,1605.2,33.06,9,648.8,2.055,159.02,No Failure,0
L,297.32,305.09,1537.0,28.56,181,803.3,3.209,156.0,No Failure,0
M,297.64,304.88,1765.4,31.7,200,1245.0,3.617,137.31,Tool Wear Failure,1
L,300.44,310.36,1458.5,47.31,203,538.8,3.96,159.45,No Failure,0
L,301.54,312.42,1932.2,17.77,114,1029.8,2.28,156.94,No Failure,0
H,298.96,308.98,1700.7,39.85,21,369.3,2.201,149.24,No Failure,0
M,298.6,309.41,1475.9,37.34,246,1736.0,3.959,132.4,No Failure,0
L,302.79,313.7,1423.6,52.24,215,1802.5,3.342,167.83,Overstrain Failure,1
L,301.37,312.76,1542.3,38.83,88,736.3,2.503,136.25,No Failure,0
M,302.12,312.3,1613.5,36.31,181,2050.1,3.611,132.05,No Failure,0
H,299.12,309.39,1406.5,53.16,91,1546.4,2.344,155.76,No Failure,0
M,298.96,308.92,1616.0,39.08,213,230.1,3.621,162.28,No Failure,0
L,301.9,311.64,1362.0,37.47,141,741.2,3.286,141.09,No Failure,0
L,299.47,307.9,1484.2,35.11,249,943.0,4.252,138.59,No Failure,0
L,298.78,309.95,1460.0,42.86,198,555.9,3.592,153.88,No Failure,0
L,298.17,307.79,1466.5,36.69,162,1081.6,2.916,172.67,No Failure,0
M,298.98,308.54,1370.4,36.72,5,719.4,1.576,170.63,No Failure,0
M,301.75,311.21,1463.5,54.5,109,558.7,3.046,161.06,No Failure,0
L,296.98,305.64,1396.5,40.49,158,1315.6,3.406,153.61,No Failure,0
M,301.26,311.17,1475.2,35.52,125,2717.2,2.711,147.36,No Failure,0
M,298.58,309.1,1647.5,30.05,60,455.0,2.46,146.91,No Failure,0
M,299.58,308.87,1594.3,41.99,149,1436.2,3.193,146.27,Random Failure,1
L,299.71,310.75,1493.9,34.4,56,85.1,1.935,152.1,No Failure,0
L,299.56,309.19,1436.2,36.32,238,402.6,3.733,144.42,No Failure,0
L,299.43,307.89,1494.9,31.48,21,330.3,1.376,146.67,No Failure,0
L,299.11,310.48,1584.6,41.97,67,139.4,2.609,142.51,No Failure,0
L,298.86,309.06,1709.7,26.97,2,2187.4,1.292,147.88,No Failure,0
L,302.64,313.5,1497.4,44.11,53,1272.9,1.348,148.83,No Failure,0
L,300.05,310.94,1565.9,34.54,75,656.6,2.117,152.89,No Failure,0
L,299.75,308.8,1324.0,47.17,236,205.6,4.465,156.52,Overstrain Failure,1
H,298.71,308.19,1503.0,44.85,161,299.8,3.161,185.21,No Failure,0
M,299.18,310.22,1562.4,41.04,36,1372.8,1.569,164.85,No Failure,0
L,298.72,310.55,1447.2,48.46,106,1336.3,2.679,163.66,No Failure,0
H,301.53,311.59,1393.6,55.57,38,130.7,2.46,165.81,No Failure,0
L,298.49,307.87,1305.7,52.68,29,560.7,2.062,156.0,No Failure,0
L,295.51,307.19,1710.0,26.89,147,267.3,2.519,130.86,No Failure,0
H,300.12,309.49,1426.1,33.95,122,257.2,2.865,156.33,No Failure,0
L,299.44,309.77,1537.1,35.17,44,494.2,2.28,146.18,No Failure,0
L,298.83,308.4,1490.1,46.39,205,590.2,4.207,143.47,No Failure,0
L,301.82,312.09,1644.5,34.78,243,1041.5,3.977,131.99,No Failure,0
M,294.53,303.59,1639.7,34.39,209,926.6,3.516,133.24,No Failure,0
M,303.15,312.78,1661.3,32.66,220,406.3,3.774,147.65,No Failure,0
L,302.11,311.48,1448.9,42.99,145,904.8,3.478,153.42,No Failure,0
L,298.74,309.41,1658.4,46.35,57,2577.0,2.6,150.33,No Failure,0
L,299.1,309.26,1694.8,27.88,137,272.8,2.697,144.87,No Failure,0
M,301.01,311.89,1509.4,34.86,46,1582.7,1.664,156.03,No Failure,0
L,301.06,310.24,1625.6,21.05,91,365.1,2.196,158.57,No Failure,0
H,298.73,308.52,1759.8,16.08,99,574.3,2.1,156.47,Power Failure,1
M,296.77,307.39,1419.2,44.85,122,388.2,3.046,157.01,No Failure,0
L,304.23,315.09,1359.8,43.15,203,294.7,3.358,159.28,No Failure,0
M,301.91,310.47,1493.6,41.72,192,127.8,3.35,128.43,No Failure,0
L,300.31,310.63,1168.5,55.87,169,814.2,3.864,154.49,No Failure,0
L,300.35,309.54,1666.3,23.24,108,347.3,2.394,143.14,No Failure,0
L,301.24,312.15,1723.8,19.2,8,511.4,0.904,172.01,Power Failure,1
L,301.48,313.34,1565.9,28.77,210,653.1,3.861,163.6,Tool Wear Failure,1
M,295.83,303.22,1773.1,18.8,49,428.6,1.571,153.48,Power Failure,1
H,299.3,308.64,1625.8,33.87,153,69.6,3.114,147.62,No Failure,0
L,299.09,309.35,1361.7,45.83,36,1885.8,1.924,124.07,No Failure,0
L,299.68,309.67,1480.3,42.97,101,339.1,2.744,136.2,No Failure,0
M,301.54,312.48,1371.1,50.28,40,653.6,2.591,144.28,No Failure,0
L,296.42,306.5,1441.3,43.71,230,343.7,4.362,154.46,No Failure,0
L,297.3,306.77,1635.5,35.96,100,315.0,2.976,145.34,No Failure,0
H,298.64,307.62,1598.4,34.74,221,863.3,3.555,167.68,No Failure,0
H,300.31,309.12,1400.4,44.37,110,541.8,2.975,142.94,No Failure,0
H,301.66,310.92,1642.6,24.7,99,383.9,1.776,177.78,No Failure,0
L,303.26,312.7,1686.2,8.22,94,806.5,1.996,135.19,Power Failure,1
L,299.43,309.81,1425.2,43.9,185,554.6,4.077,158.56,No Failure,0
L,301.66,311.5,1619.8,42.34,193,671.7,3.207,148.67,No Failure,0
H,301.42,310.77,1603.7,55.69,232,215.7,3.978,146.23,Power Failure,1
L,301.08,310.07,1604.4,46.96,13,287.6,1.82,149.21,No Failure,0
L,299.95,309.25,1500.2,43.09,147,675.7,3.053,140.37,No Failure,0
L,299.2,308.64,1541.5,36.88,61,948.3,2.389,153.2,No Failure,0
M,297.87,307.12,1656.6,31.89,234,526.3,3.999,140.92,No Failure,0
M,297.74,308.41,1531.6,37.2,64,408.1,1.569,152.6,No Failure,0
M,300.69,312.06,1295.3,49.55,19,900.9,1.663,154.72,No Failure,0
L,299.89,308.72,1626.6,44.64,90,297.6,2.542,151.72,No Failure,0
M,299.17,310.29,1318.4,49.34,234,2706.0,3.951,143.79,No Failure,0
L,301.33,312.02,1600.2,41.07,148,426.6,3.206,166.63,No Failure,0
L,299.6,309.78,1640.3,31.0,170,2810.2,3.239,129.13,No Failure,0
L,298.17,309.7,1574.5,51.61,149,223.6,2.644,155.63,No Failure,0
M,299.47,309.3,1492.0,50.7,39,1185.5,2.107,170.56,No Failure,0
L,301.64,312.04,1432.3,41.86,227,524.6,3.649,163.2,Tool Wear Failure,1
H,297.95,308.08,1553.2,45.56,30,494.6,2.044,136.71,No Failure,0
L,300.42,310.47,1427.2,45.01,77,1288.6,2.668,141.41,No Failure,0
L,299.89,310.35,1449.5,35.32,182,618.4,3.261,148.74,No Failure,0
M,298.48,308.52,1356.0,37.4,231,1294.9,3.472,136.21,No Failure,0
M,299.41,309.88,1561.6,30.9,62,1439.3,2.433,141.57,No Failure,0
L,296.86,306.19,1369.1,37.36,240,2233.0,3.71,132.26,No Failure,0
M,300.22,309.58,1546.8,50.31,8,463.0,1.728,158.08,No Failure,0
L,297.27,306.6,1291.3,48.41,126,519.9,2.457,162.9,No Failure,0
L,302.14,311.78,1421.1,45.58,50,653.6,2.371,141.77,No Failure,0
M,299.82,310.83,1392.9,49.59,219,1562.9,3.986,145.81,No Failure,0
M,298.86,308.39,1544.7,36.35,26,878.2,1.934,138.36,No Failure,0
L,302.32,312.97,1515.8,28.27,144,505.7,2.563,156.73,No Failure,0
L,297.94,308.2,1614.7,38.43,42,164.8,2.184,141.34,No Failure,0
M,298.5,308.06,1520.9,39.22,26,521.0,2.269,138.58,No Failure,0
L,296.34,307.65,1444.3,46.76,132,251.0,2.368,158.66,No Failure,0
H,302.62,313.36,1400.6,45.11,69,1556.4,2.526,164.26,No Failure,0
M,303.75,313.75,1468.6,50.11,133,686.9,2.693,151.36,No Failure,0
H,296.65,306.57,1786.9,19.85,73,467.1,2.062,129.86,No Failure,0
L,298.37,308.46,1806.4,32.02,112,90.1,2.882,163.35,No Failure,0
H,300.14,308.61,1422.6,39.09,53,65.8,1.801,130.71,No Failure,0
L,298.97,308.14,1449.4,44.79,186,488.4,3.313,134.89,No Failure,0
L,299.94,310.4,1168.0,60.94,226,594.9,4.32,145.28,Overstrain Failure,1
L,299.76,308.18,1639.4,30.23,3,1325.0,1.43,153.28,No Failure,0
L,300.82,310.07,1433.9,32.9,105,234.5,2.098,144.65,No Failure,0
H,298.08,307.69,1558.7,35.77,222,387.1,3.565,165.57,No Failure,0
M,300.39,313.29,1670.8,32.54,235,2321.3,3.569,152.97,No Failure,0
M,297.77,308.44,1534.0,31.12,247,1750.6,3.824,150.5,No Failure,0
M,299.18,310.27,1412.4,40.46,18,519.6,2.316,133.9,No Failure,0
M,296.53,305.72,1539.9,49.84,236,455.6,4.204,165.99,Tool Wear Failure,1
M,299.19,309.55,1554.4,41.19,19,1077.6,1.491,148.19,No Failure,0
H,298.85,307.09,1467.1,31.4,66,900.3,2.17,137.77,No Failure,0
M,301.89,311.56,1528.3,38.04,117,307.4,2.654,142.22,No Failure,0
M,299.88,310.39,1506.3,29.61,219,752.7,4.014,166.53,No Failure,0
L,300.25,308.83,1516.8,49.83,109,585.0,2.753,153.0,No Failure,0
H,299.96,310.35,1393.4,54.71,185,294.6,3.653,147.43,No Failure,0
L,295.74,306.22,1765.1,24.05,141,492.7,3.025,143.39,No Failure,0
L,296.01,305.4,1397.8,42.29,121,708.3,2.602,155.9,No Failure,0
H,299.36,308.53,1582.7,32.22,28,246.7,1.367,132.99,No Failure,0
L,300.56,309.84,1493.9,40.63,247,1267.8,4.164,151.75,No Failure,0
L,299.53,309.18,1529.8,39.14,23,814.1,1.864,144.1,No Failure,0
L,298.27,307.96,1556.3,26.59,56,504.6,1.493,133.07,No Failure,0
L,299.52,310.03,1200.7,52.09,213,1400.4,3.375,145.8,Overstrain Failure,1
H,299.35,308.81,1573.3,38.48,146,1603.3,3.126,132.39,No Failure,0
H,301.56,313.16,1542.4,35.3,79,1496.1,2.39,142.86,No Failure,0
L,301.45,313.04,1415.9,41.16,53,376.7,2.316,123.58,No Failure,0
H,298.89,309.13,1524.5,31.29,37,188.6,2.098,142.03,No Failure,0
M,299.9,309.56,1409.5,38.16,63,1289.1,2.223,135.37,No Failure,0
H,300.55,310.02,1479.7,21.63,200,326.7,3.186,149.09,Power Failure,1
L,300.85,311.17,1782.1,16.43,207,215.7,3.414,147.74,Power Failure,1
L,303.31,313.8,1629.0,30.3,169,471.7,3.127,153.02,No Failure,0
L,299.94,309.74,1421.0,34.68,159,906.3,2.635,164.3,No Failure,0
L,302.34,311.94,1867.8,22.43,72,223.1,2.039,164.67,No Failure,0
M,297.68,308.03,1438.4,35.03,178,631.6,3.476,145.43,No Failure,0
L,298.72,308.79,1607.0,34.66,236,377.7,3.58,149.95,No Failure,0
M,295.73,305.16,1505.3,39.38,89,742.3,2.991,137.82,No Failure,0
M,300.3,310.42,1337.2,46.14,139,640.6,3.018,147.77,No Failure,0
L,301.3,310.69,1394.5,57.12,230,299.6,4.565,166.26,Overstrain Failure,1
L,294.89,304.14,1449.1,44.28,37,523.5,1.761,138.91,No Failure,0
M,300.38,310.37,1521.4,30.16,113,56.0,2.781,173.47,No Failure,0
H,301.21,310.63,1565.4,46.66,177,624.7,3.916,126.12,No Failure,0
L,301.09,310.36,1444.1,54.01,81,794.6,2.45,151.97,No Failure,0
H,297.61,308.65,1654.3,28.8,21,825.0,1.673,139.74,No Failure,0
H,301.55,311.15,1565.8,29.35,46,2280.3,1.776,122.21,No Failure,0
M,300.02,311.86,1645.4,25.79,220,1565.2,3.208,161.15,No Failure,0
L,301.18,311.81,1542.7,34.36,66,526.1,2.181,150.9,No Failure,0
M,299.75,308.93,1515.1,43.73,217,1211.1,3.748,155.07,No Failure,0
H,300.76,311.92,1293.9,54.83,197,580.8,3.788,140.77,No Failure,0
L,302.22,311.5,1215.0,48.92,156,734.9,2.988,159.35,No Failure,0
H,299.59,311.57,1591.2,43.86,83,1482.8,2.764,144.59,No Failure,0
H,300.57,310.79,1495.0,40.46,104,256.5,2.523,161.45,No Failure,0
L,302.5,313.04,1520.1,43.92,80,464.2,2.39,144.05,No Failure,0
M,299.73,309.76,1402.4,44.5,94,672.6,2.317,161.41,No Failure,0
M,297.75,308.02,1375.6,53.03,96,629.2,3.144,154.84,No Failure,0
M,301.35,311.12,1638.5,39.79,98,343.9,2.183,168.22,No Failure,0
H,302.87,311.94,1511.8,42.62,81,299.8,1.981,154.9,No Failure,0
L,302.58,312.92,1731.1,35.92,98,414.6,2.54,163.55,No Failure,0
L,301.43,312.45,1571.2,41.13,130,266.1,2.774,153.99,No Failure,0
L,295.31,304.12,1460.4,37.44,131,314.3,3.047,160.79,No Failure,0
H,298.73,310.27,1634.9,28.1,244,887.2,4.267,151.13,No Failure,0
L,298.83,309.43,1581.5,48.73,42,881.0,2.58,151.04,No Failure,0
H,300.09,309.65,1400.8,54.88,237,396.0,4.555,165.61,Overstrain Failure,1
L,303.38,312.92,1561.1,39.63,211,714.0,3.429,151.07,No Failure,0
L,297.84,309.7,1600.6,43.32,233,775.9,4.31,131.29,No Failure,0
H,304.48,315.42,1220.0,48.62,200,2298.5,3.636,154.69,No Failure,0
M,299.24,310.38,1574.6,38.57,150,194.8,2.729,166.17,No Failure,0
L,298.47,308.22,1606.0,41.9,106,160.0,2.861,150.84,No Failure,0
L,301.69,312.25,1448.3,37.83,246,845.7,3.887,149.78,No Failure,0
L,301.85,312.2,1638.0,34.5,207,1320.1,3.513,143.94,No Failure,0
L,301.3,311.13,1457.8,45.22,91,682.9,2.817,143.04,No Failure,0
L,298.46,308.57,1306.7,45.13,71,1586.3,2.646,139.8,No Failure,0
M,301.0,312.11,1497.4,49.23,49,1093.7,2.183,147.43,No Failure,0
L,297.93,309.53,1499.4,39.97,171,1013.6,3.35,133.48,No Failure,0
L,298.41,308.15,1589.3,28.0,226,649.2,3.897,126.4,No Failure,0
L,299.81,308.5,1469.5,51.08,220,140.9,3.804,149.05,Overstrain Failure,1
L,298.36,310.0,1473.3,32.65,204,630.6,3.017,159.57,No Failure,0
H,302.11,313.76,1629.6,32.48,211,1215.5,3.412,131.21,No Failure,0
L,298.84,309.24,1460.5,34.68,97,1042.9,2.366,176.75,No Failure,0
L,299.56,311.35,1775.6,22.56,200,1039.3,3.212,160.77,No Failure,0
M,298.24,308.57,1619.9,37.82,60,961.7,2.835,152.71,No Failure,0
H,302.08,311.17,1588.9,46.19,140,717.9,2.906,168.91,No Failure,0
M,298.67,307.36,1576.5,35.66,92,478.8,2.384,145.08,No Failure,0
H,302.28,310.96,1354.8,53.38,62,681.8,2.229,150.42,No Failure,0
H,302.14,312.14,1333.0,52.76,108,2102.1,3.006,130.94,No Failure,0
M,299.11,308.64,1358.6,48.89,189,637.3,3.825,151.35,No Failure,0
H,300.06,309.48,1639.3,20.65,208,911.2,3.517,157.1,No Failure,0
L,299.05,308.95,1323.5,54.34,149,928.6,3.452,146.76,No Failure,0
H,301.09,311.95,1548.2,37.63,97,265.7,2.551,147.29,No Failure,0
H,299.61,309.06,1293.2,56.78,158,2387.8,2.788,136.03,No Failure,0
H,299.17,308.45,1492.3,33.96,120,291.8,2.894,168.25,No Failure,0
L,300.09,309.61,1476.9,38.6,86,731.5,2.845,128.26,No Failure,0
M,296.84,307.76,1423.0,40.9,46,781.0,1.843,170.5,No Failure,0
L,299.85,309.78,1543.8,30.68,113,64.0,2.284,140.54,No Failure,0
M,301.3,311.58,1682.2,23.8,183,206.9,2.777,129.79,No Failure,0
L,300.28,311.83,1612.3,16.02,143,450.8,2.736,147.39,Power Failure,1
M,301.9,314.75,1168.0,69.53,156,1326.5,3.412,147.71,No Failure,0
M,299.25,309.89,1617.4,23.31,188,76.6,3.109,151.28,No Failure,0
L,299.08,309.62,1529.9,23.45,36,911.5,1.183,142.02,No Failure,0
L,297.77,306.58,1574.5,45.72,207,386.3,3.909,168.74,No Failure,0
L,299.19,309.56,1551.0,25.76,70,1026.2,1.885,157.85,No Failure,0
M,303.93,313.99,1633.1,23.9,68,774.3,2.022,150.91,No Failure,0
M,300.55,311.44,1770.8,11.26,77,385.7,1.538,146.41,Power Failure,1
M,298.83,308.44,1363.0,42.93,194,458.4,3.385,180.68,No Failure,0
L,297.99,308.19,1509.6,29.3,153,353.9,2.744,146.39,No Failure,0
H,296.8,307.41,1391.8,46.43,13,1242.0,1.604,148.76,No Failure,0
M,298.34,310.24,1576.5,39.24,5,247.2,1.365,145.2,No Failure,0
L,301.52,313.08,1658.0,40.86,170,156.0,2.933,164.2,No Failure,0
L,299.15,310.41,1703.3,35.47,145,999.8,3.101,150.99,No Failure,0
L,298.08,308.81,1636.7,37.24,85,909.2,2.485,139.18,No Failure,0
L,298.3,307.87,1460.0,31.05,64,415.1,1.934,156.05,No Failure,0
L,301.3,312.03,1485.1,32.0,186,517.1,3.526,157.91,No Failure,0
L,299.84,309.07,1712.5,29.05,227,2079.0,4.094,142.32,No Failure,0
L,298.75,308.54,1516.2,55.14,217,1787.8,3.86,156.74,Overstrain Failure,1
L,299.38,311.16,1603.3,36.04,205,484.8,3.634,175.81,No Failure,0
L,304.41,314.95,1753.7,17.35,8,2285.1,1.29,168.72,Power Failure,1
H,302.44,312.67,1440.7,42.59,139,676.6,2.849,164.18,No Failure,0
M,302.94,313.29,1718.8,31.96,70,919.3,1.749,151.91,No Failure,0
L,296.5,306.4,1437.8,39.56,74,1124.9,3.066,151.29,No Failure,0
M,299.7,307.54,1376.6,37.3,219,1422.8,3.839,163.75,Heat Dissipation Failure,1
M,298.71,307.45,1452.9,54.9,65,929.3,2.557,128.9,No Failure,0
L,301.09,311.7,1478.2,36.16,167,394.6,3.291,148.08,No Failure,0
L,302.12,311.2,1317.8,48.16,14,107.8,2.631,141.24,No Failure,0
L,300.65,310.55,1522.2,47.11,182,1518.6,3.497,142.42,No Failure,0
M,298.26,307.03,1444.8,26.33,95,216.8,2.291,154.45,No Failure,0
L,298.68,307.96,1525.9,41.88,27,286.4,1.925,156.67,No Failure,0
L,301.24,311.24,1520.5,32.42,37,996.6,2.146,140.25,No Failure,0
M,301.44,312.36,1740.8,27.91,91,511.1,2.349,129.92,No Failure,0
H,300.28,311.41,1637.5,27.95,157,810.7,2.463,163.06,No Failure,0
L,300.26,309.52,1530.9,48.21,207,827.4,3.305,153.41,No Failure,0
M,300.1,310.41,1191.0,66.43,215,494.8,4.589,147.55,Overstrain Failure,1
L,300.54,309.11,1412.0,31.95,204,321.2,3.553,138.36,No Failure,0
M,301.43,311.49,1450.1,42.16,19,1314.5,1.733,153.99,No Failure,0
M,301.26,312.21,1530.2,43.1,199,1070.7,3.415,140.08,No Failure,0
M,300.05,309.98,1548.8,34.7,223,588.9,4.248,143.74,No Failure,0
L,299.9,311.22,1491.0,54.08,152,104.4,3.471,160.57,No Failure,0
L,299.83,310.66,1373.4,61.97,100,489.1,3.196,156.85,No Failure,0
H,298.44,308.68,1453.4,34.02,208,524.3,3.805,155.45,No Failure,0
L,298.41,308.16,1403.1,57.34,7,1653.3,2.146,162.27,No Failure,0
H,301.09,310.55,1559.2,34.53,2,1803.6,1.377,136.69,No Failure,0
L,298.57,307.12,1692.0,30.3,20,771.7,1.546,160.91,No Failure,0
L,301.63,310.33,1427.8,38.61,175,821.3,3.516,160.85,No Failure,0
L,299.9,310.89,1370.8,48.69,0,232.1,2.04,164.26,No Failure,0
L,301.64,313.15,1544.1,38.96,23,1045.8,2.126,154.55,No Failure,0
H,301.27,310.19,1568.2,47.38,148,92.4,2.988,150.98,No Failure,0
L,301.69,311.75,1463.9,42.27,146,342.5,3.16,157.17,No Failure,0
M,299.05,307.47,1445.5,53.53,67,460.8,2.299,163.54,No Failure,0
M,300.82,309.84,1460.7,45.31,210,806.9,3.77,150.52,No Failure,0
H,301.48,311.74,1373.7,55.31,117,213.1,2.999,160.94,No Failure,0
M,296.9,306.38,1672.3,31.42,154,695.9,2.966,111.2,No Failure,0
H,303.4,311.49,1526.2,37.97,182,197.1,3.656,129.34,No Failure,0
H,304.53,316.25,1460.3,39.98,172,1816.5,3.065,162.18,No Failure,0
L,301.89,311.85,1523.2,31.46,104,385.1,3.058,154.18,No Failure,0
H,301.61,310.51,1552.9,29.93,141,1047.4,3.183,155.24,No Failure,0
H,301.18,311.31,1407.1,43.82,49,542.4,1.682,144.66,No Failure,0
L,299.35,309.27,1425.4,46.65,166,480.0,3.485,129.42,No Failure,0
M,299.78,310.2,1496.3,41.13,209,1069.8,3.363,164.45,No Failure,0
L,301.93,311.59,1441.1,50.59,168,380.9,3.596,158.67,No Failure,0
M,298.05,308.37,1499.6,28.97,51,417.6,1.458,165.1,No Failure,0
L,297.88,308.82,1493.4,36.09,243,519.5,4.296,125.2,No Failure,0
M,299.21,307.89,1560.9,28.2,181,738.0,3.532,162.51,No Failure,0
L,301.31,310.62,1420.1,41.39,236,525.3,3.843,161.5,No Failure,0
M,298.27,309.11,1408.8,44.88,171,396.5,3.456,156.87,No Failure,0
L,299.55,309.0,1473.7,53.42,165,432.5,3.132,151.05,No Failure,0
M,299.79,309.7,1716.9,28.23,200,655.7,3.194,142.31,No Failure,0
L,297.98,307.51,1442.0,43.72,212,506.8,3.741,156.8,No Failure,0
M,295.12,304.71,1321.1,54.36,111,2265.6,2.521,144.81,No Failure,0
L,297.95,307.45,1572.8,29.98,160,635.3,3.483,158.59,No Failure,0
L,300.52,309.26,1606.5,27.64,232,669.1,3.707,144.56,Tool Wear Failure,1
L,300.97,311.43,1680.2,25.26,194,640.4,3.612,146.98,No Failure,0
H,300.99,312.05,1414.4,46.24,30,637.3,1.964,139.81,No Failure,0
L,301.22,311.04,1509.3,32.75,227,310.4,3.508,149.72,No Failure,0
M,298.75,309.7,1682.4,44.78,134,699.2,3.058,150.45,No Failure,0
L,298.32,307.83,1400.9,37.84,44,956.8,2.275,165.1,No Failure,0
M,300.75,310.2,1437.0,58.01,176,291.1,3.51,151.55,No Failure,0
L,299.58,309.99,1571.0,47.88,242,675.0,4.247,116.36,Overstrain Failure,1
L,301.81,312.24,1541.5,31.96,216,1156.8,3.415,180.01,No Failure,0
L,300.76,310.65,1563.8,36.98,40,370.8,1.292,143.0,No Failure,0
L,302.57,313.24,1286.1,47.88,162,505.5,3.262,130.13,No Failure,0
L,299.07,307.78,1587.7,29.31,41,986.4,1.827,163.04,No Failure,0
L,302.14,311.83,1509.8,51.82,165,1052.2,3.48,160.38,No Failure,0
M,304.07,315.03,1530.9,37.5,118,580.2,2.637,146.11,No Failure,0
H,300.11,311.07,1438.7,48.09,240,1214.8,4.182,135.4,No Failure,0
L,301.0,311.83,1671.8,38.04,5,131.0,1.409,153.15,No Failure,0
H,298.14,309.16,1615.6,34.76,102,282.7,2.656,145.23,No Failure,0
L,301.79,311.42,1618.7,33.13,194,279.4,3.26,150.55,No Failure,0
L,302.26,310.55,1288.5,57.32,133,163.7,3.514,150.85,Heat Dissipation Failure,1
L,299.01,308.75,1303.6,37.05,121,442.2,2.326,127.06,No Failure,0
L,301.17,311.81,1287.1,70.81,168,641.8,3.913,143.21,Power Failure,1
L,300.56,311.36,1488.4,41.52,73,831.8,2.498,144.48,No Failure,0
H,300.78,310.26,1636.7,31.49,67,221.0,2.465,148.95,No Failure,0
M,301.62,310.66,1638.0,24.15,88,467.9,1.993,150.29,No Failure,0
M,301.04,310.17,1405.4,52.33,96,449.7,3.147,130.3,No Failure,0
L,299.72,309.18,1518.3,38.06,62,1681.3,2.302,142.56,No Failure,0
L,301.67,309.77,1334.3,48.23,172,497.3,3.992,146.79,Heat Dissipation Failure,1
M,302.22,311.7,1168.0,63.22,87,1239.6,2.482,147.06,No Failure,0
L,298.89,308.94,1366.8,46.69,98,848.8,2.773,162.53,No Failure,0
L,300.0,309.9,1373.8,43.37,45,1431.4,2.095,158.49,No Failure,0
L,296.46,306.13,1397.8,52.26,227,993.6,4.152,183.31,Overstrain Failure,1
L,301.17,310.48,1288.7,48.04,34,709.1,2.35,137.15,No Failure,0
M,302.45,311.87,1558.2,27.37,142,419.1,3.174,161.03,No Failure,0
L,299.49,308.93,1567.0,53.33,234,685.8,4.293,154.08,Overstrain Failure,1
L,300.27,310.97,1497.0,39.54,173,916.1,2.827,146.18,No Failure,0
H,299.56,309.56,1381.0,55.41,244,744.5,4.222,154.22,Overstrain Failure,1
H,299.23,312.4,1460.8,45.07,40,617.9,3.036,164.17,No Failure,0
L,300.46,310.13,1423.8,51.92,122,1785.1,2.76,146.54,No Failure,0
L,298.43,308.87,1470.6,37.75,242,187.6,4.017,162.36,No Failure,0
M,299.53,309.22,1606.5,24.83,17,341.4,1.673,153.61,No Failure,0
L,298.19,307.86,1406.1,45.64,248,767.7,4.48,150.95,Overstrain Failure,1
L,301.18,312.74,1287.5,49.77,25,247.5,1.852,178.4,No Failure,0
L,300.48,311.48,1650.1,34.43,167,583.8,3.579,139.22,No Failure,0
L,299.14,307.38,1436.9,37.97,202,1222.4,3.933,158.41,No Failure,0
H,300.07,309.05,1821.2,17.86,52,267.1,1.796,163.37,Power Failure,1
M,299.56,309.42,1443.6,38.45,208,489.1,3.362,155.52,No Failure,0
H,302.29,311.77,1477.8,27.5,135,341.6,2.519,146.7,No Failure,0
M,299.12,307.61,1632.9,45.17,158,279.6,3.071,152.99,No Failure,0
M,301.27,311.39,1340.0,43.35,24,411.7,1.82,133.68,No Failure,0
M,298.59,306.71,1295.0,40.15,16,746.1,2.162,139.59,Heat Dissipation Failure,1
M,301.63,311.76,1264.0,53.23,13,447.0,2.068,160.32,No Failure,0
L,302.07,312.8,1468.3,42.41,85,792.6,2.67,143.31,No Failure,0
L,302.17,313.04,1364.1,41.93,75,717.2,2.422,137.0,No Failure,0
M,302.94,312.8,1423.6,43.22,157,1068.6,3.677,154.59,No Failure,0
L,300.58,312.1,1363.6,34.17,55,855.6,1.55,144.19,No Failure,0
L,302.48,312.81,1518.6,49.91,111,311.6,1.761,156.04,No Failure,0
L,303.25,314.09,1611.1,30.84,239,633.6,3.777,172.67,No Failure,0
M,297.76,307.02,1352.3,44.23,241,367.5,4.072,148.64,No Failure,0
L,298.79,310.32,1194.1,52.19,186,1498.6,3.673,144.89,No Failure,0
L,297.01,307.01,1500.8,29.74,143,1800.9,2.599,137.56,No Failure,0
L,302.12,313.7,1665.9,26.58,178,366.4,2.702,140.53,No Failure,0
L,296.98,308.34,1680.4,29.56,181,1983.6,3.151,145.1,No Failure,0
H,296.44,306.7,1333.4,58.17,190,1109.4,3.735,132.18,No Failure,0
L,297.81,308.21,1503.6,33.91,94,645.2,2.47,161.65,No Failure,0
L,296.52,306.34,1544.0,28.0,89,2583.1,2.439,146.34,No Failure,0
L,300.54,309.73,1498.1,43.66,142,657.1,3.427,156.63,No Failure,0
H,297.83,308.43,1797.2,12.76,248,145.2,3.765,155.03,Power Failure,1
M,296.62,307.16,1563.5,30.45,172,413.1,3.105,155.89,No Failure,0
L,299.92,308.3,1353.2,54.14,145,446.4,3.452,147.25,Heat Dissipation Failure,1
L,300.03,309.95,1646.7,30.45,242,1157.2,3.46,160.52,No Failure,0
M,296.26,307.13,1655.4,37.39,52,69.5,1.8,161.73,No Failure,0
H,298.57,310.04,1450.7,42.94,193,991.9,4.085,152.95,No Failure,0
L,299.85,310.58,1484.1,42.95,168,976.5,3.636,135.61,No Failure,0
L,299.29,307.77,1475.0,34.67,65,848.7,1.689,165.2,No Failure,0
L,299.34,308.29,1463.5,45.46,138,805.2,2.865,143.31,No Failure,0
L,302.36,312.01,1300.9,54.46,132,1693.0,3.749,161.98,No Failure,0
M,304.29,315.69,1712.9,29.38,152,1544.8,2.662,155.51,No Failure,0
H,299.37,308.77,1618.5,35.16,236,1007.5,3.294,139.26,No Failure,0
H,297.36,308.41,1664.7,38.95,66,847.5,2.071,154.46,No Failure,0
M,299.53,308.91,1393.6,47.0,102,106.7,2.6,144.18,No Failure,0
L,300.39,310.92,1683.7,40.33,146,322.2,3.398,143.71,No Failure,0
H,299.89,308.95,1532.2,38.73,22,603.2,2.042,166.49,No Failure,0
L,301.22,311.03,1611.9,24.51,18,206.0,1.32,135.33,No Failure,0
L,304.42,313.29,1703.9,28.67,103,447.4,2.38,151.32,No Failure,0
M,296.57,308.02,1392.7,41.93,203,1190.2,3.753,161.74,No Failure,0
L,298.99,308.29,1544.1,34.86,91,478.7,2.623,151.11,No Failure,0
H,303.08,311.54,1513.3,36.58,151,764.1,2.928,139.81,No Failure,0
H,298.96,307.33,1542.5,39.38,190,878.9,3.575,156.96,No Failure,0
M,301.58,311.49,1272.7,63.42,165,945.3,4.147,144.02,No Failure,0
M,301.26,310.8,1491.3,35.03,148,1016.4,2.936,145.97,No Failure,0
L,302.47,313.12,1354.8,53.87,144,1018.2,3.359,125.44,No Failure,0
L,303.83,313.59,1368.7,53.14,132,92.4,3.366,161.93,No Failure,0
M,300.67,311.83,1442.8,48.04,246,1272.9,4.049,157.74,No Failure,0
M,296.51,306.12,1683.7,31.53,99,792.0,2.155,158.09,No Failure,0
H,298.6,309.63,1294.9,41.37,20,534.9,1.946,138.97,No Failure,0
L,304.37,313.42,1600.2,36.1,219,468.0,3.886,136.67,No Failure,0
L,297.17,305.67,1296.3,60.14,116,55.7,3.138,155.88,Heat Dissipation Failure,1
L,300.99,310.17,1451.0,44.11,245,245.0,3.941,152.29,No Failure,0
M,294.97,303.84,1419.2,37.87,167,251.8,3.088,173.17,No Failure,0
M,297.3,306.06,1361.4,57.85,145,256.0,3.485,157.61,No Failure,0
H,301.77,312.19,1493.0,36.47,150,126.0,2.677,139.37,No Failure,0
L,300.07,309.81,1435.6,45.52,89,983.1,2.914,138.46,No Failure,0
L,299.25,309.39,1496.3,47.02,180,642.3,4.01,153.42,No Failure,0
L,298.37,308.9,1529.4,43.47,77,667.0,1.989,158.2,No Failure,0
L,296.01,304.32,1636.3,38.94,245,1468.4,4.195,163.55,No Failure,0
L,301.39,311.96,1379.7,48.38,148,136.4,3.485,154.62,No Failure,0
M,299.43,308.23,1611.8,33.7,121,1398.5,2.946,142.51,No Failure,0
L,296.96,306.38,1467.9,51.14,64,496.6,1.967,144.83,No Failure,0
L,300.06,308.17,1530.4,37.19,199,1085.1,3.437,135.43,No Failure,0
M,301.16,311.82,1544.7,53.38,115,70.6,2.847,164.57,No Failure,0
H,299.6,307.91,1358.9,50.46,124,1358.7,2.976,150.68,Heat Dissipation Failure,1
L,300.23,309.03,1469.6,45.49,38,200.0,1.719,112.72,No Failure,0
L,300.08,308.95,1534.7,39.1,185,553.8,3.95,157.02,No Failure,0
M,298.59,308.46,1304.0,51.03,17,1465.9,2.121,149.54,No Failure,0
M,300.11,309.95,1568.2,45.71,124,869.6,2.649,143.69,No Failure,0
H,301.47,312.28,1747.7,7.83,195,565.1,2.741,153.07,Power Failure,1
L,302.07,311.96,1604.8,31.82,112,1074.6,2.977,152.93,No Failure,0
M,301.58,312.55,1628.7,41.69,38,491.3,1.984,158.37,No Failure,0
H,298.65,309.03,1497.0,42.8,241,1253.5,4.45,154.97,No Failure,0
L,301.27,310.33,1447.1,47.07,9,696.9,2.034,153.87,No Failure,0
L,300.93,310.26,1382.1,55.49,171,83.6,3.213,145.28,No Failure,0
H,298.58,310.09,1362.6,45.87,0,509.0,1.421,161.44,No Failure,0
L,299.07,310.3,1632.5,19.16,170,764.6,2.531,125.76,Power Failure,1
M,301.36,312.18,1470.6,41.98,242,925.6,4.199,153.28,No Failure,0
H,302.75,313.71,1411.6,52.16,129,1156.6,3.705,136.39,No Failure,0
L,296.38,306.84,1615.2,41.12,2,486.0,1.694,147.11,No Failure,0
M,303.28,313.62,1567.3,42.03,17,795.3,1.778,156.77,No Failure,0
L,302.33,312.38,1486.7,35.06,58,371.3,2.242,145.73,No Failure,0
H,300.4,312.1,1421.9,49.49,89,2031.5,2.657,147.35,No Failure,0
H,299.52,309.05,1654.3,36.47,220,1039.8,3.628,159.87,No Failure,0
H,300.78,311.02,1297.4,45.93,12,1139.3,1.897,134.76,No Failure,0
L,298.72,307.01,1445.2,44.29,127,1563.4,3.184,159.02,No Failure,0
M,299.64,308.21,1378.1,40.54,185,697.5,3.308,147.55,Heat Dissipation Failure,1
H,297.05,308.87,1681.2,44.84,166,1511.4,3.057,166.32,No Failure,0
M,296.52,307.13,1553.4,42.02,199,995.8,3.915,140.39,No Failure,0
M,304.66,314.45,1353.2,52.77,171,1016.1,2.9,156.5,No Failure,0
L,300.13,310.2,1442.6,46.77,7,490.1,1.408,155.37,No Failure,0
H,300.41,309.05,1342.9,50.4,221,1265.6,4.021,128.12,No Failure,0
L,299.94,309.51,1740.3,32.36,124,865.5,2.954,153.61,No Failure,0
L,298.34,306.89,1359.7,31.73,123,530.2,2.725,157.58,Heat Dissipation Failure,1
H,299.39,309.09,1524.5,40.63,225,99.4,3.691,143.81,No Failure,0
H,300.18,310.86,1433.6,47.49,192,747.8,3.912,166.01,No Failure,0
H,299.61,310.06,1364.9,45.31,26,522.9,1.731,134.8,No Failure,0
L,298.5,310.08,1537.5,32.49,75,555.4,2.399,135.74,No Failure,0
L,300.96,311.25,1291.7,47.81,89,697.0,2.51,142.71,No Failure,0
L,300.38,307.9,1691.5,33.72,237,1131.5,3.487,139.95,No Failure,0
L,300.79,312.74,1448.4,46.74,29,1582.1,2.238,153.86,No Failure,0
H,301.41,310.57,1559.4,42.87,118,1312.1,3.311,158.93,No Failure,0
M,299.66,309.82,1474.4,37.75,124,908.9,2.675,135.36,No Failure,0
L,299.66,309.76,1663.9,34.64,45,938.9,2.241,143.65,No Failure,0
L,302.96,313.21,1492.5,41.33,133,623.5,2.362,145.91,No Failure,0
L,298.11,308.16,1589.9,40.83,58,1643.8,1.786,155.01,No Failure,0
H,296.25,306.32,1634.8,29.53,97,327.3,2.064,135.33,No Failure,0
M,301.11,309.79,1448.8,46.02,197,244.0,3.637,134.18,No Failure,0
L,298.74,311.33,1497.4,51.57,209,499.7,4.06,149.7,No Failure,0
L,297.85,308.5,1807.8,48.61,8,163.8,1.48,152.97,Power Failure,1
L,301.77,311.82,1373.0,43.15,102,833.9,2.396,160.03,No Failure,0
L,299.71,311.55,1525.1,35.5,4,3103.9,1.786,179.45,No Failure,0
H,297.47,306.4,1373.3,41.29,27,1935.5,1.633,142.37,No Failure,0
M,303.87,314.74,1547.8,38.69,6,855.0,2.039,140.61,No Failure,0
L,296.78,306.22,1510.4,41.24,199,213.6,3.386,155.43,No Failure,0
M,299.83,310.23,1599.9,49.36,132,1179.8,3.445,151.94,No Failure,0
L,296.22,306.65,1485.5,38.92,53,1566.5,2.342,162.34,No Failure,0
L,300.54,308.2,1732.7,21.63,118,424.8,2.427,145.26,No Failure,0
M,298.72,307.29,1248.9,48.0,180,777.3,3.615,140.03,Heat Dissipation Failure,1
L,301.64,313.22,1481.9,43.97,70,93.6,2.407,159.34,No Failure,0
L,299.97,309.71,1409.7,41.5,108,913.0,3.039,150.84,No Failure,0
H,302.7,314.7,1647.3,28.26,35,601.8,1.051,162.75,No Failure,0
H,299.14,310.45,1670.2,31.68,54,309.3,1.862,150.57,No Failure,0
L,296.79,306.57,1503.2,32.85,54,526.4,2.044,151.75,No Failure,0
M,300.48,310.17,1595.3,34.16,24,398.4,2.075,130.37,No Failure,0
L,299.49,311.14,1507.1,35.1,202,512.5,3.34,140.82,No Failure,0
M,296.36,308.46,1598.8,28.18,206,611.7,2.787,160.0,Tool Wear Failure,1
L,297.89,307.6,1364.9,61.52,131,335.8,2.575,175.38,No Failure,0
M,298.53,310.06,1289.5,55.02,54,1072.1,2.452,167.63,No Failure,0
L,303.11,314.14,1387.9,42.77,11,1068.6,1.361,170.9,No Failure,0
H,301.41,312.62,1580.7,39.66,247,288.8,3.983,148.0,No Failure,0
H,299.3,309.41,1292.9,58.27,110,2367.2,2.672,155.57,No Failure,0
L,300.94,310.27,1485.3,56.24,130,324.5,3.107,154.12,No Failure,0
M,295.92,304.87,1399.4,32.6,125,840.2,3.278,144.01,No Failure,0
L,298.87,307.57,1564.4,42.48,181,203.3,3.831,150.49,No Failure,0
M,300.8,312.71,1515.3,38.18,108,232.8,2.629,153.04,No Failure,0
L,300.33,310.34,1513.1,37.31,141,1222.5,2.863,139.84,No Failure,0
L,298.92,307.78,1526.5,38.35,191,1679.4,3.199,155.14,No Failure,0
M,299.92,310.93,1376.7,39.14,249,1774.7,4.23,156.02,No Failure,0
L,300.68,310.2,1584.1,42.11,175,1431.8,3.275,140.16,No Failure,0
M,299.98,309.33,1444.0,42.16,59,395.0,2.627,139.77,No Failure,0
M,301.72,313.79,1309.9,54.38,48,1323.0,2.392,149.57,No Failure,0
L,300.64,309.31,1759.4,31.93,97,270.9,2.446,152.27,No Failure,0
L,301.02,311.26,1391.2,49.67,204,687.5,3.321,142.68,No Failure,0
M,303.43,312.84,1508.3,29.25,220,1062.1,3.403,166.91,No Failure,0
M,301.66,310.9,1554.2,42.37,114,681.5,3.337,183.2,No Failure,0
L,303.48,312.02,1440.2,50.43,47,1122.7,1.806,192.09,No Failure,0
L,298.66,308.72,1545.4,45.69,163,1979.8,3.258,145.2,No Failure,0
M,296.82,305.94,1532.8,36.84,157,401.4,3.027,144.22,No Failure,0
M,299.72,310.31,1563.2,42.85,33,1894.6,2.052,140.48,No Failure,0
H,299.55,309.5,1552.5,56.52,224,1115.2,4.275,160.78,Power Failure,1
L,302.92,312.61,1479.1,34.08,237,1775.6,3.675,139.86,No Failure,0
M,297.74,306.87,1413.4,45.67,247,1415.6,4.43,157.19,No Failure,0
M,299.84,311.27,1278.6,49.65,133,2020.1,2.922,156.98,No Failure,0
L,300.81,311.55,1565.2,36.12,200,1600.7,3.68,164.13,No Failure,0
L,300.2,309.52,1372.4,57.35,7,977.4,1.536,160.93,No Failure,0
L,299.66,308.3,1447.8,60.73,17,1139.8,1.938,154.44,Power Failure,1
H,300.72,308.83,1409.9,50.94,1,689.9,1.357,146.4,No Failure,0
L,302.16,313.3,1404.7,50.96,141,1020.3,3.293,160.57,No Failure,0
M,303.07,313.98,1655.9,22.71,110,1132.4,2.43,168.33,No Failure,0
M,300.07,311.11,1584.6,26.79,171,955.2,2.907,152.89,No Failure,0
L,298.37,308.25,1539.9,39.16,54,327.0,2.185,153.82,No Failure,0
H,303.07,313.88,1573.0,33.42,76,671.8,1.855,133.69,No Failure,0
M,297.84,308.87,1498.4,46.26,85,97.7,2.928,141.42,No Failure,0
L,303.58,313.51,1707.3,11.53,169,106.5,2.972,141.99,Power Failure,1
M,302.69,312.33,1500.0,46.19,82,417.7,2.244,144.09,No Failure,0
M,302.98,312.0,1569.6,38.24,227,231.7,3.458,170.43,No Failure,0
L,301.37,311.8,1514.0,34.58,61,1636.5,1.937,145.12,No Failure,0
M,295.78,306.33,1340.1,59.07,161,873.2,3.643,152.85,No Failure,0
M,297.92,307.52,1508.8,36.92,61,2436.5,2.167,149.28,No Failure,0
L,300.61,310.33,1518.9,23.83,123,712.0,2.171,157.51,No Failure,0
H,298.65,308.43,1419.7,44.57,148,918.2,3.027,144.0,No Failure,0
M,299.37,310.16,1537.9,43.82,189,1423.6,3.649,132.64,No Failure,0
M,301.23,309.85,1590.1,38.26,234,1565.0,3.767,162.83,No Failure,0
L,299.66,308.55,1342.4,63.51,74,880.9,2.824,154.24,No Failure,0
L,297.56,306.48,1392.0,42.1,194,206.3,3.863,161.83,No Failure,0
L,301.77,311.62,1506.9,50.15,167,1259.9,3.269,163.53,No Failure,0
M,301.03,311.35,1640.8,43.23,191,199.1,3.828,140.59,No Failure,0
M,299.5,308.43,1451.8,52.71,126,861.9,3.087,153.39,No Failure,0
M,301.42,312.33,1526.2,36.69,58,228.2,2.062,141.15,No Failure,0
L,300.19,311.65,1507.3,29.37,152,510.4,2.488,123.03,No Failure,0
M,302.66,313.08,1437.5,47.66,97,538.5,2.945,143.48,No Failure,0
H,300.3,311.43,1431.5,42.99,122,70.2,3.458,141.36,No Failure,0
M,302.65,311.73,1418.5,47.95,42,2444.9,1.859,159.19,No Failure,0
M,296.25,305.36,1665.4,33.83,103,532.7,2.219,147.38,No Failure,0
H,300.92,311.43,1541.1,44.8,153,162.1,3.685,157.92,No Failure,0
L,299.2,309.17,1596.7,24.06,12,336.4,1.59,157.65,No Failure,0
M,298.28,307.39,1546.3,35.2,88,890.0,2.177,135.9,No Failure,0
H,302.32,313.74,1555.9,32.95,155,288.2,3.512,137.36,No Failure,0
M,301.78,312.08,1421.3,44.96,117,669.0,2.731,155.31,No Failure,0
L,295.99,306.69,1417.8,35.16,244,28.8,3.951,134.64,No Failure,0
H,301.43,310.76,1684.3,26.27,230,2612.4,3.727,140.95,No Failure,0
L,301.19,312.87,1651.8,34.32,88,1284.5,2.595,163.29,No Failure,0
L,298.55,308.4,1397.5,45.98,244,261.8,4.292,148.2,Overstrain Failure,1
L,298.33,309.35,1430.7,41.31,156,1739.3,3.805,126.14,No Failure,0
L,296.82,306.24,1641.3,32.55,81,603.8,2.673,133.0,No Failure,0
L,299.32,309.49,1372.9,48.39,180,993.0,4.039,164.56,No Failure,0
L,299.65,310.2,1250.0,55.65,27,835.0,1.985,157.9,No Failure,0
H,301.59,313.59,1387.3,49.09,150,977.3,3.379,143.6,No Failure,0
L,300.54,310.1,1806.6,16.93,229,587.7,3.934,152.69,Power Failure,1
M,297.88,308.08,1433.9,42.37,225,558.4,3.778,161.02,No Failure,0
H,300.48,311.07,1453.0,38.58,27,778.4,1.725,139.03,No Failure,0
H,299.49,308.08,1620.5,19.64,232,457.5,3.79,155.66,Power Failure,1
L,298.13,305.96,1499.7,27.1,95,1300.2,2.432,139.66,No Failure,0
L,296.82,305.83,1317.5,47.99,217,648.4,3.924,155.27,No Failure,0
M,301.25,312.22,1461.5,41.86,133,1866.9,3.049,162.89,No Failure,0
H,300.89,312.61,1367.3,40.81,105,1077.1,2.12,164.49,No Failure,0
M,301.11,310.19,1516.1,33.5,114,585.6,2.51,147.61,No Failure,0
L,298.54,307.33,1437.1,50.82,35,1278.9,1.912,158.84,No Failure,0
M,300.34,311.88,1632.3,27.7,176,202.1,3.595,155.79,No Failure,0
M,297.25,306.68,1558.4,31.12,100,378.0,2.369,143.36,No Failure,0
M,298.03,307.66,1417.6,36.82,75,1249.4,2.312,134.48,No Failure,0
H,300.07,311.53,1585.0,24.74,130,546.0,2.925,165.5,No Failure,0
M,300.52,311.82,1601.6,31.18,79,776.1,2.679,149.74,No Failure,0
M,296.74,307.68,1470.9,50.62,10,553.3,1.992,147.24,No Failure,0
M,297.88,306.17,1543.0,31.56,193,904.2,3.106,156.34,No Failure,0
M,299.27,308.01,1374.2,47.81,209,789.9,3.682,175.51,No Failure,0
M,301.92,313.04,1456.7,46.35,215,288.8,3.965,125.17,No Failure,0
L,298.37,308.69,1481.6,38.32,221,1835.6,3.873,172.82,No Failure,0
M,300.28,309.5,1521.9,25.81,14,1374.4,1.213,148.5,No Failure,0
M,300.49,310.15,1522.6,40.63,158,91.6,2.574,151.26,No Failure,0
L,299.5,310.61,1670.5,18.89,49,130.8,1.181,138.3,Power Failure,1
L,300.54,312.06,1442.6,34.71,145,97.5,2.588,131.05,No Failure,0
M,297.31,307.3,1423.7,42.43,240,349.6,3.983,155.54,No Failure,0
M,298.69,308.0,1413.4,48.7,96,1223.1,2.639,145.85,No Failure,0
L,302.87,312.59,1375.0,38.48,125,651.9,2.321,142.87,No Failure,0
L,303.01,314.35,1483.2,33.92,244,483.2,3.845,139.52,No Failure,0
L,301.69,313.01,1611.9,33.12,158,123.4,3.542,128.01,No Failure,0
H,302.2,312.4,1493.4,35.32,109,834.9,2.703,148.27,No Failure,0
H,296.35,305.82,1378.2,46.24,241,897.8,4.735,151.56,No Failure,0
M,298.1,309.19,1569.4,43.5,51,588.0,2.181,158.42,No Failure,0
L,299.38,311.0,1533.2,39.78,112,1413.3,2.708,152.74,No Failure,0
M,304.83,313.38,1512.2,46.3,240,1418.7,4.211,150.45,No Failure,0
M,299.37,309.14,1429.3,40.01,175,380.5,3.896,136.89,No Failure,0
H,301.49,312.65,1581.2,26.65,208,530.7,3.885,161.08,No Failure,0
L,300.76,310.83,1587.9,28.9,65,1455.4,2.255,145.73,No Failure,0
L,300.71,310.22,1472.3,46.02,81,563.2,2.659,152.38,No Failure,0
M,299.95,310.14,1815.6,26.26,113,406.2,2.198,141.25,No Failure,0
L,297.6,307.97,1538.0,36.19,139,822.4,2.511,160.51,No Failure,0
M,294.6,303.47,1606.7,38.86,146,1376.3,2.903,164.57,No Failure,0
M,302.56,312.65,1788.6,29.67,146,839.2,3.313,142.96,No Failure,0
L,298.77,309.13,1787.9,23.32,52,378.5,2.322,169.29,No Failure,0
L,296.27,305.77,1608.1,28.25,219,461.2,3.072,161.97,No Failure,0
M,300.88,310.1,1748.1,21.9,205,982.6,3.693,174.67,No Failure,0
H,300.84,310.3,1462.5,46.12,136,570.6,3.63,166.28,No Failure,0
L,301.54,310.56,1464.7,43.97,31,1298.5,2.364,150.37,No Failure,0
L,302.23,313.08,1636.5,32.4,104,548.3,2.352,135.45,No Failure,0
M,298.16,307.18,1688.9,26.33,87,593.8,2.443,155.42,No Failure,0
L,298.25,308.44,1452.3,51.66,147,665.9,2.841,130.93,No Failure,0
M,299.36,308.99,1449.7,44.4,93,633.5,2.197,162.39,No Failure,0
M,301.64,310.94,1506.2,33.79,243,215.1,4.656,153.2,No Failure,0
L,295.79,307.17,1296.4,51.87,154,1025.8,3.241,143.69,No Failure,0
M,300.26,310.13,1503.6,41.38,13,1677.7,1.416,147.52,No Failure,0
M,301.86,311.19,1495.8,43.18,64,890.6,2.197,166.27,No Failure,0
L,301.78,311.02,1658.1,29.58,161,972.2,3.562,155.28,No Failure,0
M,301.42,311.76,1490.0,24.84,41,469.0,2.057,149.79,No Failure,0
H,302.13,312.95,1635.0,24.3,20,861.8,1.287,145.86,No Failure,0
M,294.51,305.78,1315.1,60.83,128,1606.4,3.278,152.3,No Failure,0
L,303.23,313.06,1561.0,31.72,65,673.3,2.235,160.12,No Failure,0
M,300.66,310.43,1606.9,40.65,5,1155.8,1.868,156.49,No Failure,0
L,302.67,312.8,1578.6,44.6,173,1076.6,3.577,138.06,No Failure,0
M,297.65,307.82,1593.1,39.79,181,1290.2,3.125,156.49,No Failure,0
M,296.49,305.72,1520.8,38.46,177,909.2,3.274,139.47,No Failure,0
L,303.57,315.04,1497.1,38.23,23,900.1,1.467,150.96,No Failure,0
L,298.15,308.17,1570.0,44.8,208,1268.1,4.067,126.7,No Failure,0
H,299.38,309.91,1737.1,29.6,22,1172.5,1.588,146.42,No Failure,0
L,301.05,311.48,1679.1,35.59,135,573.4,2.967,143.08,No Failure,0
H,301.55,311.95,1728.3,16.96,239,800.2,3.334,136.57,Power Failure,1
M,302.16,311.15,1652.6,21.37,200,108.5,3.424,146.07,No Failure,0
M,300.45,310.44,1666.1,27.02,235,570.0,3.898,161.52,No Failure,0
L,297.89,310.17,1499.7,48.54,125,640.2,2.598,141.78,No Failure,0
L,301.41,313.0,1485.8,37.27,106,569.8,2.849,133.41,No Failure,0
L,301.45,311.6,1426.9,46.97,50,617.8,1.898,169.04,No Failure,0
M,296.37,306.0,1743.5,43.85,247,780.1,3.948,145.84,No Failure,0
H,302.84,310.62,1443.2,42.6,111,1050.8,3.043,165.6,No Failure,0
H,295.03,304.53,1652.2,30.56,151,866.9,2.732,138.49,No Failure,0
L,302.07,311.99,1447.7,40.75,43,702.2,2.086,163.17,No Failure,0
L,298.73,308.41,1468.4,42.54,76,448.3,2.389,160.64,No Failure,0
L,301.41,311.16,1241.0,62.01,136,406.2,2.975,160.48,No Failure,0
H,301.02,311.64,1444.9,36.54,207,621.6,4.031,157.36,No Failure,0
L,299.93,308.93,1497.0,47.32,129,156.4,3.471,163.0,No Failure,0
L,300.9,311.17,1554.8,38.76,48,387.3,2.201,148.98,No Failure,0
M,299.83,309.72,1721.8,32.98,65,1908.9,2.026,147.96,No Failure,0
M,301.43,310.55,1432.8,48.7,148,280.0,3.289,159.48,No Failure,0
L,304.37,316.04,1362.7,58.92,121,208.5,3.597,171.08,No Failure,0
M,297.32,308.07,1475.2,42.62,54,993.3,2.044,185.84,No Failure,0
L,293.62,302.84,1467.1,33.17,150,1147.0,2.842,152.75,No Failure,0
L,299.17,309.69,1515.6,44.67,167,533.9,3.304,141.54,No Failure,0
L,299.03,307.64,1462.4,42.79,108,551.0,2.089,149.21,No Failure,0
L,299.24,308.58,1193.5,62.17,224,26.3,4.501,141.76,Overstrain Failure,1
H,298.15,309.47,1540.3,47.42,55,658.3,2.365,150.08,No Failure,0
M,301.74,312.1,1523.0,30.66,93,1193.7,2.601,150.22,No Failure,0
M,297.24,307.51,1427.8,52.75,238,898.9,4.103,154.06,Overstrain Failure,1
L,300.9,311.89,1470.9,47.75,17,603.0,1.5,155.21,No Failure,0
M,301.28,311.89,1444.1,49.35,200,355.1,3.837,154.37,No Failure,0
H,300.63,310.37,1374.0,44.45,42,1722.0,1.769,133.5,No Failure,0
L,300.97,311.91,1545.0,50.08,53,273.8,2.513,141.52,No Failure,0
H,301.9,310.21,1399.2,44.41,41,222.9,2.305,138.15,No Failure,0
M,300.11,309.44,1299.3,37.46,119,899.4,3.391,158.35,No Failure,0
M,299.31,309.21,1565.6,41.34,53,133.1,2.588,127.37,No Failure,0
L,300.97,311.52,1582.7,38.84,94,706.0,2.609,165.85,No Failure,0
M,301.2,310.88,1365.2,43.41,46,358.8,2.062,158.04,No Failure,0
M,301.78,310.0,1493.1,40.79,249,616.1,4.381,153.22,No Failure,0
H,296.58,304.65,1622.4,36.85,159,901.0,3.228,137.34,No Failure,0
H,299.63,309.56,1641.6,38.18,180,293.4,3.233,149.92,No Failure,0
L,297.87,307.39,1555.4,39.96,14,732.7,1.13,132.43,No Failure,0
H,301.12,310.21,1716.9,22.19,162,502.4,3.564,160.87,No Failure,0
H,301.45,310.38,1482.6,50.24,191,363.8,4.046,150.68,No Failure,0
M,299.45,309.58,1459.8,43.48,36,806.4,2.233,169.46,No Failure,0
L,298.54,309.84,1450.9,33.89,233,781.4,3.836,168.39,No Failure,0
L,301.19,311.33,1429.2,45.91,47,876.3,2.768,153.49,No Failure,0
L,299.73,311.05,1641.8,34.92,230,67.0,4.075,160.49,No Failure,0
L,302.85,312.48,1641.0,34.92,232,512.3,3.411,170.36,No Failure,0
H,303.55,313.99,1488.3,43.75,65,632.4,2.258,132.64,No Failure,0
L,302.0,313.35,1355.5,54.31,112,810.1,3.243,147.41,No Failure,0
M,300.47,310.31,1633.7,42.8,36,494.0,2.388,149.11,No Failure,0
M,303.65,313.68,1573.2,32.24,3,448.1,1.397,160.14,No Failure,0
M,300.48,310.11,1585.5,36.48,115,470.6,3.148,153.48,No Failure,0
L,299.04,309.63,1323.5,48.49,124,393.4,2.621,152.65,No Failure,0
M,298.65,309.55,1462.6,44.04,42,226.7,2.033,134.28,No Failure,0
M,298.59,308.94,1521.0,49.59,154,840.1,3.277,141.75,No Failure,0
M,299.99,309.76,1345.3,43.93,227,1118.9,4.243,158.18,No Failure,0
L,300.93,309.43,1434.9,47.71,72,198.9,2.875,150.17,No Failure,0
M,297.17,307.12,1375.8,60.13,190,631.9,4.296,145.87,No Failure,0
L,299.1,308.91,1736.8,26.48,106,1461.4,1.982,147.52,No Failure,0
M,300.43,310.66,1395.3,64.07,110,2605.6,3.234,161.43,Power Failure,1
L,301.29,311.4,1577.5,49.36,69,229.3,2.027,156.19,No Failure,0
L,299.95,311.52,1364.9,66.25,247,278.9,4.616,143.12,Power Failure,1
H,300.49,309.79,1658.7,30.17,110,1130.5,3.013,173.91,No Failure,0
L,297.52,305.95,1383.4,43.82,230,2423.2,4.594,150.63,No Failure,0
H,298.18,307.03,1398.7,41.59,246,384.5,4.246,142.07,No Failure,0
H,299.88,309.24,1580.6,48.84,46,278.8,2.334,141.37,No Failure,0
L,301.02,312.1,1421.6,44.7,114,670.7,2.792,156.83,No Failure,0
L,300.46,309.17,1422.6,43.58,18,320.5,1.855,162.03,No Failure,0
L,298.3,307.14,1230.0,47.79,201,1103.1,4.212,166.27,Tool Wear Failure,1
H,299.53,309.94,1604.0,38.93,89,743.8,2.218,160.52,No Failure,0
M,303.02,313.87,1440.6,34.84,32,1174.7,1.745,155.36,No Failure,0
L,301.09,309.54,1389.9,44.53,55,1397.3,2.254,138.02,No Failure,0
M,299.67,307.9,1639.9,34.82,197,241.7,3.262,161.99,No Failure,0
L,297.95,307.16,1311.3,38.74,23,920.0,1.964,153.85,No Failure,0
M,298.57,309.23,1737.6,25.59,126,759.0,3.044,160.03,No Failure,0
M,300.01,310.16,1420.9,40.56,238,308.9,4.187,153.44,No Failure,0
L,300.55,309.8,1561.1,30.71,91,84.2,2.119,148.64,No Failure,0
H,301.13,311.87,1432.8,39.67,47,813.7,1.843,149.5,No Failure,0
L,300.78,310.9,1467.2,29.14,144,2348.2,2.445,154.16,No Failure,0
M,299.26,309.15,1433.2,39.81,157,356.2,3.136,148.93,No Failure,0
M,298.98,307.36,1353.6,49.0,87,891.5,2.403,133.06,Heat Dissipation Failure,1
H,304.09,313.32,1436.9,34.04,180,814.8,3.356,174.22,No Failure,0
L,298.89,310.84,1713.5,30.67,202,505.0,3.225,139.99,No Failure,0
H,297.42,307.08,1350.2,47.82,160,892.8,2.936,128.43,No Failure,0
L,296.72,305.77,1257.1,49.13,197,330.7,3.172,144.39,No Failure,0
H,299.29,308.91,1280.3,44.24,86,1228.5,2.733,136.82,No Failure,0
L,301.88,312.0,1576.4,35.35,57,2845.5,1.66,185.21,No Failure,0
M,298.85,309.73,1394.3,33.7,222,456.0,3.843,148.09,No Failure,0
L,302.96,313.58,1510.5,36.69,108,1309.5,2.418,161.52,No Failure,0
H,299.99,309.31,1682.0,39.41,27,619.7,1.937,151.79,No Failure,0
H,302.22,313.49,1654.4,22.75,34,776.0,1.58,123.76,No Failure,0
L,298.48,309.3,1607.8,30.17,244,575.7,3.888,162.52,No Failure,0
M,298.52,308.07,1352.3,52.51,1,518.0,2.147,135.96,No Failure,0
M,300.18,310.05,1482.2,42.07,215,645.6,3.579,155.75,No Failure,0
L,300.97,311.57,1382.4,52.27,74,352.5,3.032,132.41,No Failure,0
M,299.64,310.72,1446.5,50.16,249,495.2,4.522,152.44,Overstrain Failure,1
M,300.58,309.07,1674.1,36.88,140,1928.7,2.836,148.36,No Failure,0
M,301.18,311.25,1485.4,37.03,187,899.7,3.341,147.4,No Failure,0
L,297.16,307.13,1351.8,49.67,189,344.1,3.717,149.72,No Failure,0
H,299.32,308.75,1432.5,47.59,111,487.2,2.733,142.92,No Failure,0
L,298.96,308.39,1507.4,49.87,237,441.7,3.645,122.03,Overstrain Failure,1
M,299.06,310.11,1470.6,39.86,180,400.5,3.103,159.05,No Failure,0
L,300.81,311.35,1512.6,41.43,105,578.9,2.383,163.68,No Failure,0
L,298.99,311.1,1566.5,37.44,89,316.6,2.379,153.61,No Failure,0
L,295.99,305.42,1698.0,39.47,0,1102.3,1.223,132.24,No Failure,0
L,299.53,309.66,1637.9,33.14,57,3657.8,2.281,144.88,No Failure,0
M,297.87,308.18,1427.4,39.25,162,146.3,3.243,152.71,No Failure,0
M,300.99,311.89,1315.6,38.4,171,2668.3,3.153,137.69,No Failure,0
M,301.61,312.97,1550.2,35.41,51,631.5,1.772,157.1,No Failure,0
M,295.65,305.74,1373.2,47.91,114,516.8,2.903,160.96,No Failure,0
L,298.45,307.36,1569.1,25.9,144,323.2,3.039,141.26,No Failure,0
L,300.71,310.0,1383.4,43.37,49,747.8,1.592,164.48,No Failure,0
M,297.18,307.32,1528.3,30.78,112,521.0,2.084,143.35,No Failure,0
M,301.57,312.69,1520.6,31.52,201,786.3,3.13,147.86,No Failure,0
M,302.1,310.65,1550.6,32.38,69,1529.0,1.743,149.8,No Failure,0
L,299.68,308.51,1401.8,44.71,192,30.5,3.178,164.12,No Failure,0
H,298.45,309.21,1616.1,17.42,74,752.1,1.89,147.39,Power Failure,1
L,295.38,304.09,1534.2,41.69,24,102.5,1.861,166.2,No Failure,0
M,301.63,310.5,1496.1,40.45,85,118.5,2.344,139.77,No Failure,0
L,304.01,315.14,1578.0,30.3,104,1056.0,2.505,177.67,No Failure,0
M,303.59,313.37,1481.0,41.82,43,274.2,2.042,133.49,No Failure,0
L,299.61,309.31,1516.5,27.87,181,120.4,2.939,156.82,No Failure,0
M,297.81,309.18,1632.8,39.56,176,2688.2,3.22,145.18,No Failure,0
L,301.68,310.61,1783.0,27.49,138,1215.9,2.793,122.18,No Failure,0
M,299.75,308.48,1447.4,60.5,98,735.4,2.624,155.21,Power Failure,1
L,300.96,312.59,1272.3,48.61,14,1176.2,2.0,157.2,No Failure,0
M,300.61,310.84,1420.7,42.46,179,207.1,2.475,162.33,No Failure,0
L,300.19,310.87,1640.1,30.45,84,342.7,2.238,144.18,No Failure,0
L,302.06,311.75,1454.5,37.24,145,1373.5,3.09,151.53,No Failure,0
M,302.13,312.02,1455.6,37.66,79,823.4,2.053,159.55,No Failure,0
L,298.95,308.25,1357.2,42.42,56,321.8,2.527,147.78,No Failure,0
L,298.15,308.47,1435.5,43.99,147,701.1,3.493,143.58,No Failure,0
H,295.0,305.83,1408.1,42.25,80,900.9,2.508,152.17,No Failure,0
H,299.31,309.5,1257.4,43.42,106,1676.5,3.214,168.97,No Failure,0
H,297.81,308.87,1617.2,38.3,230,151.4,3.626,143.56,No Failure,0
L,300.84,311.5,1510.1,43.42,63,163.3,2.562,147.5,No Failure,0
M,299.33,308.28,1430.8,33.62,105,531.8,2.946,137.98,No Failure,0
M,299.55,309.4,1663.2,29.37,83,1029.1,1.875,151.6,No Failure,0
L,301.62,311.18,1363.6,58.48,28,386.6,2.273,162.43,No Failure,0
M,300.79,311.55,1571.1,44.16,105,552.1,2.29,130.99,No Failure,0
L,299.77,310.23,1421.6,58.06,160,119.4,3.812,146.79,No Failure,0
H,303.37,313.5,1452.2,37.25,81,83.7,2.855,162.17,No Failure,0
M,301.48,312.49,1367.3,64.11,85,123.5,2.768,144.15,Power Failure,1
L,299.17,307.3,1557.6,40.8,168,1196.7,3.286,142.38,No Failure,0
L,299.26,308.65,1503.3,51.46,116,99.7,2.836,143.07,No Failure,0
L,301.58,311.06,1587.1,40.33,145,726.4,3.804,157.79,No Failure,0
L,300.41,310.66,1673.9,41.65,51,213.0,1.87,151.7,No Failure,0
M,297.76,308.31,1594.9,38.85,114,351.1,2.443,163.44,No Failure,0
M,301.79,311.79,1468.8,35.07,3,77.7,1.699,144.87,No Failure,0
M,302.51,311.2,1437.5,49.8,142,797.2,3.189,151.14,No Failure,0
L,302.36,312.77,1406.3,39.91,146,304.1,3.812,149.03,No Failure,0
M,303.09,313.21,1542.4,48.3,42,379.4,2.782,155.17,No Failure,0
L,304.14,312.67,1350.6,49.04,108,592.9,3.046,131.17,Heat Dissipation Failure,1
L,303.46,313.16,1587.7,54.14,171,938.2,3.872,150.52,Power Failure,1
H,300.68,311.06,1440.0,44.21,101,896.0,2.914,155.47,No Failure,0
M,299.58,311.24,1616.9,24.89,240,966.1,4.011,111.44,No Failure,0
M,296.34,305.25,1483.8,36.8,230,1131.6,3.993,143.49,No Failure,0
H,300.02,310.81,1437.5,39.75,37,821.6,1.662,149.83,No Failure,0
L,301.04,309.96,1451.3,40.12,65,516.9,2.006,155.99,No Failure,0
H,300.09,308.82,1415.4,53.18,79,288.6,2.945,166.04,No Failure,0
M,296.22,305.01,1410.7,51.36,146,448.3,3.137,177.18,No Failure,0
M,299.43,310.03,1473.2,38.55,149,180.2,3.464,152.16,No Failure,0
L,301.29,311.42,1333.2,64.3,206,280.5,4.364,157.88,Overstrain Failure,1
L,297.95,307.63,1479.1,36.51,89,1534.4,2.064,147.85,No Failure,0
L,300.33,310.79,1521.0,37.32,113,219.3,2.332,159.23,No Failure,0
L,300.86,310.9,1746.3,29.08,122,1141.0,2.21,148.77,No Failure,0
L,302.24,312.35,1573.2,24.41,188,470.5,3.404,174.1,No Failure,0
M,303.43,313.12,1567.1,28.2,113,845.1,2.843,167.8,No Failure,0
M,299.24,308.22,1315.0,50.14,139,64.1,3.076,152.24,No Failure,0
L,300.37,312.06,1410.2,47.42,23,521.2,1.977,146.05,No Failure,0
M,300.43,311.83,1604.4,31.16,87,827.1,2.389,152.57,No Failure,0
H,301.3,312.89,1444.4,41.0,113,1561.8,3.013,145.1,No Failure,0
M,301.07,310.54,1333.4,48.06,226,549.9,3.917,152.67,No Failure,0
M,302.85,312.17,1695.2,19.67,28,946.5,1.603,136.32,Power Failure,1
M,295.34,304.92,1400.3,57.72,94,613.0,2.872,167.41,No Failure,0
L,300.84,311.91,1471.1,50.53,160,348.8,2.943,143.36,No Failure,0
L,300.97,310.97,1323.6,48.11,114,587.2,3.313,158.17,No Failure,0
H,299.53,308.99,1527.2,52.02,75,280.0,2.685,123.1,No Failure,0
M,295.47,305.84,1619.4,19.58,161,548.2,2.744,140.46,Power Failure,1
M,299.88,309.14,1426.8,37.81,7,772.1,1.399,171.81,No Failure,0
H,298.58,307.22,1491.5,52.58,148,930.7,3.119,155.11,No Failure,0
L,303.36,313.49,1620.7,39.93,219,634.0,3.355,170.2,No Failure,0
L,300.75,310.23,1412.2,47.43,128,661.7,2.691,149.85,No Failure,0
M,298.41,308.4,1309.2,54.48,198,846.7,3.588,146.49,No Failure,0
L,295.89,303.21,1483.5,47.04,172,767.2,3.294,162.1,No Failure,0
M,301.18,310.29,1400.7,37.42,155,1140.4,3.495,152.3,No Failure,0
H,301.39,311.35,1683.6,45.76,173,606.5,3.624,148.72,No Failure,0
M,299.57,308.05,1540.8,23.29,244,559.5,3.43,171.25,No Failure,0
L,301.21,309.72,1492.8,44.9,132,149.1,2.54,170.66,No Failure,0
M,299.3,309.34,1425.6,47.5,69,1180.1,2.165,167.6,No Failure,0
L,302.13,312.84,1405.1,41.51,126,701.0,3.324,145.23,No Failure,0
H,301.99,311.09,1322.9,51.62,119,601.8,3.221,111.51,No Failure,0
L,296.72,306.46,1579.2,42.79,41,1637.8,2.012,142.28,No Failure,0
H,297.21,306.97,1521.3,41.47,238,1474.8,4.004,147.98,No Failure,0
L,304.06,312.5,1290.8,58.32,177,798.4,4.08,140.25,Heat Dissipation Failure,1
L,301.86,313.05,1526.2,30.42,90,227.8,2.302,144.19,No Failure,0
M,297.48,307.29,1315.4,53.92,247,824.7,5.028,159.68,Overstrain Failure,1
L,296.86,306.69,1474.3,53.13,79,309.1,2.677,135.51,No Failure,0
L,300.42,310.79,1515.4,48.45,72,887.0,2.21,138.16,No Failure,0
H,297.72,306.16,1579.8,35.95,50,1464.0,1.413,145.48,No Failure,0
H,299.37,310.29,1495.4,43.43,50,533.4,2.301,149.63,No Failure,0
L,299.91,310.96,1620.7,31.96,150,168.9,2.876,172.85,No Failure,0
M,299.82,309.96,1396.6,34.38,234,1475.7,3.546,144.84,No Failure,0
H,302.25,312.72,1514.2,41.31,137,210.3,3.204,166.97,No Failure,0
H,303.67,313.34,1666.8,31.16,102,635.9,2.524,150.01,No Failure,0
L,299.04,309.91,1539.5,37.67,205,511.0,3.465,156.55,No Failure,0
L,297.74,306.92,1592.9,28.98,173,831.4,3.201,161.55,No Failure,0
H,300.78,310.75,1390.5,46.53,37,2154.6,2.059,179.14,No Failure,0
L,303.26,313.29,1318.0,56.35,117,614.2,3.374,140.88,No Failure,0
L,299.19,309.15,1277.2,61.97,157,1255.2,3.637,155.45,No Failure,0
M,301.7,312.77,1602.8,29.66,140,390.2,2.679,159.59,No Failure,0
L,298.33,310.51,1525.0,31.42,3,860.7,1.832,134.89,No Failure,0
H,300.04,309.93,1339.9,39.5,83,104.9,2.099,131.01,No Failure,0
L,297.68,308.15,1506.0,48.22,247,1006.0,3.812,129.05,Overstrain Failure,1
M,300.02,309.22,1554.4,39.08,192,655.9,3.322,125.63,No Failure,0
H,299.77,310.8,1445.8,50.78,185,1410.5,3.13,141.64,No Failure,0
H,301.22,310.7,1364.0,46.46,126,424.5,2.528,158.77,No Failure,0
H,303.56,316.7,1588.0,23.46,139,127.3,2.588,143.12,No Failure,0
H,299.22,307.55,1533.2,41.69,120,429.4,2.852,147.14,No Failure,0
L,296.0,308.15,1592.4,28.75,60,55.3,1.896,145.22,No Failure,0
H,299.6,310.59,1473.3,35.49,140,461.8,3.061,160.66,No Failure,0
H,300.6,309.48,1640.8,37.02,211,1114.0,3.51,158.28,No Failure,0
M,300.4,312.72,1355.4,48.55,234,795.6,3.541,154.18,No Failure,0
L,299.69,308.76,1224.6,40.84,87,445.7,2.711,168.35,No Failure,0
L,302.98,312.66,1536.1,36.47,204,566.9,3.545,147.06,No Failure,0
M,300.27,308.98,1335.0,62.09,79,901.5,3.041,157.23,No Failure,0
M,299.79,309.64,1567.7,32.19,14,438.4,1.771,145.11,No Failure,0
L,298.44,308.39,1504.1,44.0,74,908.1,2.745,136.56,No Failure,0
L,296.51,307.34,1387.5,47.8,89,269.6,2.38,156.34,No Failure,0
M,300.66,313.1,1570.0,42.8,249,866.3,3.79,150.31,No Failure,0
L,300.49,309.98,1440.0,32.13,38,619.0,1.796,147.58,No Failure,0
H,297.88,305.13,1565.1,31.62,109,279.9,2.478,153.39,No Failure,0
L,299.91,310.56,1385.1,47.32,227,412.3,4.391,152.32,No Failure,0
L,299.71,309.16,1498.1,51.56,56,389.5,2.545,148.25,No Failure,0
L,298.75,310.57,1423.8,40.59,61,1252.9,2.266,126.73,No Failure,0
H,298.41,308.38,1602.9,27.94,153,1172.6,2.524,140.62,No Failure,0
H,300.81,310.05,1498.0,41.21,191,362.3,3.323,148.39,No Failure,0
L,299.55,308.54,1387.6,56.26,66,479.1,2.101,152.82,No Failure,0
L,298.82,309.44,1505.9,31.05,153,1122.7,2.706,152.88,No Failure,0
L,298.28,308.0,1549.5,37.93,158,544.3,3.194,137.95,No Failure,0
L,299.74,311.21,1489.1,41.69,191,721.8,3.679,146.24,No Failure,0
M,301.85,311.64,1435.0,51.99,144,533.1,3.472,112.22,No Failure,0
L,300.41,311.83,1675.2,35.81,167,413.2,3.416,154.23,No Failure,0
M,299.53,308.15,1462.9,45.95,89,1443.6,2.78,161.02,No Failure,0
L,300.62,308.88,1290.3,55.02,71,82.0,2.43,165.35,Heat Dissipation Failure,1
L,302.73,313.56,1786.2,26.29,103,2588.4,2.127,136.37,No Failure,0
L,300.98,310.52,1684.1,28.0,124,508.3,2.99,137.08,No Failure,0
L,300.52,310.26,1557.5,40.17,137,651.7,2.856,162.28,No Failure,0
L,301.28,310.26,1396.3,50.91,43,582.2,2.145,164.33,No Failure,0
L,299.68,308.6,1531.1,44.43,204,388.1,3.694,146.45,No Failure,0
L,300.37,311.0,1220.4,51.8,57,639.8,1.959,151.84,No Failure,0
H,299.02,309.0,1766.5,24.08,63,1272.9,1.857,156.94,No Failure,0
L,296.9,305.84,1544.2,44.56,31,581.3,1.532,134.52,No Failure,0
L,300.69,311.48,1703.0,12.64,66,610.3,1.901,156.88,Power Failure,1
L,300.69,311.87,1463.4,54.38,219,674.5,3.945,161.88,Overstrain Failure,1
M,299.42,309.32,1451.7,52.99,218,1544.0,3.865,147.29,No Failure,0
H,302.07,313.07,1426.6,37.82,71,501.9,1.691,170.85,No Failure,0
M,298.56,307.55,1692.0,18.01,61,1718.8,1.866,146.16,Power Failure,1
M,296.46,307.03,1541.6,39.02,32,555.0,2.618,129.68,No Failure,0
H,298.61,308.77,1389.8,52.27,83,873.8,2.504,148.84,No Failure,0
L,296.92,306.13,1438.3,45.24,60,1482.6,2.29,133.71,No Failure,0
H,300.68,312.73,1424.4,59.59,19,1054.7,2.656,155.49,No Failure,0
M,298.5,308.73,1530.7,38.14,65,130.0,2.924,162.9,No Failure,0
L,301.97,311.38,1497.8,61.4,58,1272.7,2.245,136.12,Power Failure,1
L,301.93,311.95,1594.2,20.88,31,704.4,1.891,159.39,Power Failure,1
L,298.15,307.28,1588.8,33.51,83,846.9,1.468,157.43,No Failure,0
L,298.38,307.23,1512.0,28.14,174,1659.1,2.158,141.18,No Failure,0
H,301.07,310.62,1493.3,48.46,249,430.0,3.723,147.77,No Failure,0
L,301.96,311.58,1487.9,28.98,166,1589.9,2.928,151.66,No Failure,0
M,295.97,305.17,1436.6,51.16,186,478.4,3.084,151.71,No Failure,0
H,300.56,311.81,1542.6,47.96,147,247.7,3.622,145.44,No Failure,0
L,295.6,304.84,1481.5,42.9,155,654.5,3.22,141.94,No Failure,0
L,298.9,307.97,1411.2,39.96,217,273.8,3.955,135.39,No Failure,0
M,302.19,311.0,1660.6,30.55,223,315.0,3.537,138.68,No Failure,0
H,306.02,314.74,1475.7,47.09,13,509.3,1.694,142.88,No Failure,0
L,299.52,310.55,1524.5,35.98,125,1496.2,2.744,160.05,No Failure,0
L,297.51,307.76,1343.3,48.7,151,957.0,3.869,128.69,No Failure,0
M,298.97,309.66,1227.0,56.0,246,256.4,4.44,148.73,Overstrain Failure,1
H,300.13,311.15,1719.2,37.93,147,2185.6,3.077,167.07,No Failure,0
L,298.66,308.33,1334.6,54.22,65,1643.5,2.219,121.34,No Failure,0
L,298.15,309.62,1387.3,42.92,179,146.9,3.147,153.84,No Failure,0
H,299.15,308.52,1472.4,46.99,243,47.5,3.966,145.26,No Failure,0
L,300.79,309.7,1506.0,27.8,81,1029.8,2.351,150.21,No Failure,0
L,299.66,310.03,1591.6,34.15,76,1789.6,2.341,148.99,No Failure,0
M,298.24,308.38,1669.3,34.04,106,849.9,1.948,164.8,No Failure,0
L,298.66,308.8,1289.0,54.48,153,769.5,3.554,144.73,No Failure,0
L,299.17,310.19,1493.0,37.51,84,329.3,2.606,146.63,No Failure,0
M,298.0,308.11,1480.4,47.3,172,1046.1,3.643,145.28,No Failure,0
M,298.59,308.9,1388.3,40.26,97,593.0,2.746,155.6,No Failure,0
M,301.29,312.65,1438.4,37.45,123,306.9,2.958,145.95,No Failure,0
L,299.54,309.81,1599.1,26.3,160,318.1,3.036,152.98,No Failure,0
M,296.49,306.99,1821.1,21.93,58,1339.2,1.418,159.67,No Failure,0
M,302.05,310.63,1442.2,37.63,64,181.7,2.483,148.48,No Failure,0
H,300.83,314.55,1488.9,38.21,69,295.8,2.771,139.91,No Failure,0
M,297.23,305.64,1785.3,32.23,217,2459.9,3.994,121.21,No Failure,0
M,299.27,308.73,1551.8,42.47,150,203.4,3.232,165.83,No Failure,0
H,298.42,307.85,1182.3,60.65,248,1845.5,4.471,157.85,Overstrain Failure,1
H,301.35,313.46,1351.4,55.95,70,190.0,2.431,138.43,No Failure,0
L,299.26,308.66,1545.9,40.85,106,516.9,2.115,147.15,No Failure,0
H,299.85,310.3,1620.6,41.2,105,183.2,2.964,173.23,No Failure,0
H,299.62,309.06,1569.2,47.02,247,262.1,3.766,139.48,No Failure,0
L,297.04,306.0,1525.8,43.07,163,485.8,3.184,162.36,No Failure,0
L,302.81,313.38,1508.2,47.04,120,380.2,2.827,169.9,No Failure,0
M,301.32,310.61,1356.2,43.36,140,915.9,3.444,146.04,No Failure,0
L,298.51,308.71,1425.3,41.54,4,436.4,1.87,136.81,No Failure,0
M,300.38,311.01,1430.6,34.08,87,202.8,2.167,152.78,No Failure,0
M,301.95,313.85,1560.0,44.09,225,737.4,3.898,146.91,No Failure,0
L,300.11,308.85,1711.1,17.85,68,138.5,1.775,153.03,Power Failure,1
L,303.11,312.96,1484.6,43.12,84,501.5,2.69,142.86,No Failure,0
H,305.84,315.72,1800.5,19.8,100,1158.8,1.893,142.91,No Failure,0
L,299.75,309.75,1523.4,43.13,15,286.3,1.901,156.98,No Failure,0
M,298.83,311.4,1677.0,30.68,124,639.2,2.593,126.15,No Failure,0
L,298.02,307.85,1462.1,53.25,46,837.0,3.06,153.27,No Failure,0
L,295.57,303.05,1565.9,41.36,175,345.5,3.14,142.59,No Failure,0
M,302.5,312.3,1402.3,40.49,181,945.0,3.787,150.68,No Failure,0
L,299.29,309.17,1551.4,44.53,107,878.2,2.634,130.02,No Failure,0
M,301.75,311.51,1607.9,31.83,58,124.5,1.99,173.0,No Failure,0
M,302.15,311.43,1369.7,51.69,189,308.1,4.131,152.21,No Failure,0
L,297.84,306.52,1502.3,47.41,183,187.0,3.743,161.97,No Failure,0
L,298.14,310.3,1656.0,34.97,80,1051.4,2.267,137.02,No Failure,0
M,303.49,313.81,1572.1,29.89,207,389.0,3.362,142.21,No Failure,0
M,299.86,309.67,1462.4,36.26,134,1277.3,3.283,150.9,No Failure,0
M,298.68,310.81,1445.3,38.92,227,626.6,3.742,150.01,Tool Wear Failure,1
M,297.91,307.04,1461.2,29.15,170,328.1,2.976,154.4,No Failure,0
L,299.72,310.32,1521.4,35.43,226,251.3,3.565,149.02,No Failure,0
L,303.02,311.77,1600.4,34.08,71,696.6,2.735,148.83,No Failure,0
M,301.37,312.12,1672.2,37.98,45,763.0,1.633,151.13,No Failure,0
M,300.36,309.23,1443.0,38.06,193,377.0,3.578,148.47,No Failure,0
H,303.18,313.65,1493.3,44.88,139,1316.7,3.188,145.69,No Failure,0
L,302.79,314.74,1499.5,40.31,192,2373.7,3.167,143.25,No Failure,0
M,300.67,310.76,1467.1,44.02,220,246.5,3.799,160.94,No Failure,0
M,305.55,313.36,1342.4,42.49,90,557.4,2.438,138.97,Heat Dissipation Failure,1
L,299.51,309.54,1424.6,38.05,60,286.4,1.98,135.01,No Failure,0
M,302.2,312.68,1608.6,46.84,45,1026.1,2.219,149.94,No Failure,0
M,299.21,310.11,1810.4,12.56,249,744.9,3.635,156.19,Power Failure,1
L,301.81,313.28,1554.2,36.41,139,266.7,2.832,192.04,No Failure,0
L,299.5,311.03,1587.2,34.29,184,506.1,3.928,142.01,No Failure,0
L,300.92,310.79,1557.4,41.19,238,817.2,3.807,151.31,No Failure,0
H,304.78,314.12,1510.4,33.66,233,858.9,3.881,145.25,No Failure,0
L,301.9,310.79,1419.4,45.49,248,839.1,4.226,150.54,Overstrain Failure,1
L,300.95,310.41,1386.5,47.25,77,360.1,2.698,157.3,No Failure,0
L,298.45,308.93,1625.9,26.16,169,63.5,3.077,140.44,No Failure,0
L,300.38,309.03,1378.6,42.23,50,927.7,1.894,154.32,No Failure,0
L,297.98,307.06,1542.7,27.19,116,167.0,2.7,140.19,No Failure,0
M,301.77,312.34,1507.2,44.8,237,408.5,4.072,144.77,No Failure,0
L,301.72,311.08,1505.6,35.33,70,561.4,2.501,159.87,No Failure,0
L,299.64,310.01,1406.8,31.96,70,1096.1,2.375,145.58,No Failure,0
L,303.33,312.51,1602.7,22.9,142,824.7,2.859,148.3,No Failure,0
L,303.05,313.33,1556.5,39.08,226,1039.3,4.122,162.76,No Failure,0
L,300.3,309.53,1603.1,28.42,159,1147.3,2.79,175.75,No Failure,0
M,301.13,309.23,1466.6,25.16,42,491.6,1.752,162.59,No Failure,0
M,298.82,309.78,1578.0,41.86,241,2018.3,4.382,150.33,No Failure,0
M,299.46,308.76,1400.3,49.69,89,201.9,2.755,140.17,No Failure,0
L,297.84,307.6,1499.0,43.94,113,1057.1,2.579,140.95,No Failure,0
H,299.04,308.35,1708.5,25.69,157,615.5,2.573,137.43,No Failure,0
M,299.79,310.34,1499.8,38.63,171,596.9,3.515,141.74,No Failure,0
L,296.68,307.01,1273.7,46.81,227,657.5,3.841,149.55,No Failure,0
L,301.15,311.7,1668.9,38.64,57,554.5,2.128,147.35,No Failure,0
M,302.04,311.49,1275.3,43.26,115,634.0,3.238,146.93,No Failure,0
L,299.98,309.93,1505.1,35.63,80,531.8,2.061,155.4,No Failure,0
L,294.61,305.02,1647.4,36.15,149,244.0,3.369,156.0,No Failure,0
M,299.49,311.04,1490.0,33.4,69,732.0,1.858,152.49,No Failure,0
L,297.21,307.52,1393.6,46.12,81,495.7,2.892,156.61,No Failure,0
H,298.78,307.78,1426.5,46.75,166,1199.9,3.447,184.82,No Failure,0
L,302.9,313.17,1528.2,34.45,48,1462.6,1.457,156.8,No Failure,0
L,295.13,304.97,1362.2,47.55,110,1001.8,2.486,162.78,No Failure,0
L,298.37,306.37,1556.9,25.73,185,1306.8,2.907,159.67,No Failure,0
L,301.66,309.81,1610.4,38.29,117,1284.8,2.776,146.47,No Failure,0
H,298.6,308.53,1560.5,26.46,183,631.4,3.497,161.21,No Failure,0
H,298.44,308.46,1635.8,28.68,113,681.0,2.62,141.88,No Failure,0
H,304.06,313.77,1527.1,26.34,216,293.6,3.229,135.98,No Failure,0
M,300.76,311.64,1677.1,33.44,212,660.8,4.023,163.24,No Failure,0
L,301.87,310.93,1534.8,46.2,37,1624.7,2.076,175.45,No Failure,0
L,300.99,309.6,1498.2,39.22,220,1323.7,3.51,144.94,No Failure,0
L,300.32,309.5,1604.4,34.16,14,1023.4,1.589,157.36,No Failure,0
H,302.53,311.92,1650.8,38.26,229,722.1,3.858,133.47,No Failure,0
L,303.81,313.75,1574.3,19.44,156,895.6,2.493,172.52,Power Failure,1
L,296.63,305.84,1359.2,45.72,36,218.7,2.36,146.79,No Failure,0
M,299.93,307.79,1713.5,17.52,122,1911.4,2.262,153.08,Power Failure,1
M,299.91,307.34,1440.2,32.93,239,1211.3,3.6,147.03,No Failure,0
L,299.14,309.26,1366.6,39.21,156,390.6,3.327,148.9,No Failure,0
M,301.96,310.83,1320.1,44.46,130,327.9,3.108,131.74,Random Failure,1
M,300.51,308.51,1494.2,42.39,59,380.9,2.474,139.76,No Failure,0
H,303.85,314.48,1320.8,39.51,91,745.3,2.729,150.2,No Failure,0
L,302.2,313.75,1347.1,54.57,206,811.1,3.753,154.58,Overstrain Failure,1
L,302.73,312.63,1168.0,60.15,213,102.9,4.098,162.6,Overstrain Failure,1
L,297.6,307.87,1538.8,40.07,111,171.3,2.037,150.84,No Failure,0
H,298.39,308.66,1553.4,39.0,138,664.0,3.001,178.45,No Failure,0
H,298.55,306.24,1493.7,38.4,169,650.8,3.33,156.57,No Failure,0
M,302.65,313.53,1655.2,33.89,243,1004.1,3.847,158.24,No Failure,0
L,298.07,309.31,1541.5,43.76,48,1302.9,1.868,141.57,No Failure,0
L,298.12,309.96,1327.1,52.72,16,271.4,2.331,163.06,No Failure,0
M,297.76,307.32,1620.2,15.1,12,652.0,0.859,156.67,Power Failure,1
L,305.51,314.37,1593.1,38.3,135,313.4,3.367,168.25,No Failure,0
M,299.72,311.07,1442.5,54.89,89,1122.8,2.332,133.71,No Failure,0
H,301.06,311.56,1444.3,43.93,26,386.0,1.859,121.29,No Failure,0
L,297.72,308.59,1308.5,44.14,106,616.6,2.059,151.11,No Failure,0
L,301.92,311.27,1711.7,23.99,153,255.5,2.583,158.65,No Failure,0
L,296.45,306.72,1449.8,47.02,107,640.5,2.883,161.45,No Failure,0
L,298.04,306.99,1414.1,50.09,171,487.4,3.606,150.93,No Failure,0
M,298.54,308.53,1228.5,42.0,59,1761.5,2.158,176.21,No Failure,0
L,300.44,310.09,1600.4,33.44,246,195.6,3.778,148.45,No Failure,0
L,298.41,310.76,1459.1,44.43,116,430.7,3.557,149.6,No Failure,0
L,303.05,313.6,1534.4,29.62,124,474.2,2.608,154.27,No Failure,0
L,301.01,308.85,1518.3,28.3,126,413.4,3.476,138.05,No Failure,0
M,298.62,308.62,1445.8,48.02,234,378.7,4.56,150.24,No Failure,0
M,302.0,312.36,1454.5,50.96,71,607.1,2.328,142.88,No Failure,0
M,299.21,308.74,1525.0,32.57,124,603.2,2.546,157.34,No Failure,0
M,298.82,307.72,1643.6,28.35,83,245.6,2.682,147.53,No Failure,0
L,301.79,312.45,1466.5,31.22,148,1096.3,2.487,148.65,No Failure,0
M,295.09,304.13,1425.5,41.98,139,990.0,3.45,146.24,No Failure,0
L,301.47,312.05,1654.9,28.36,231,1308.2,3.643,154.87,No Failure,0
H,298.57,307.53,1360.9,52.84,11,563.3,1.222,166.5,No Failure,0
L,298.57,308.04,1691.7,35.35,186,40.7,3.027,140.52,No Failure,0
L,303.92,314.87,1495.6,43.66,10,1068.1,1.701,150.52,No Failure,0
L,298.94,309.43,1454.3,32.57,141,747.0,2.707,159.54,No Failure,0
M,301.91,311.94,1312.1,45.84,108,735.9,2.581,154.84,No Failure,0
L,300.56,310.53,1517.3,46.66,22,1701.3,1.509,167.85,No Failure,0
H,300.77,310.86,1579.6,23.22,15,813.7,1.404,126.36,No Failure,0
L,299.5,308.71,1636.9,33.2,198,286.7,3.902,142.61,No Failure,0
H,299.39,307.88,1463.9,38.43,186,675.2,3.88,149.05,No Failure,0
M,303.06,313.63,1563.8,34.75,148,667.4,3.337,156.4,No Failure,0
L,301.86,313.39,1400.1,48.72,146,2172.1,3.181,147.44,No Failure,0
L,299.0,309.6,1570.8,34.03,23,957.0,2.075,146.5,No Failure,0
L,297.91,308.16,1508.5,47.15,6,570.8,1.33,148.65,No Failure,0
H,298.83,307.62,1462.9,44.85,203,1686.0,3.911,146.29,Tool Wear Failure,1
H,301.96,312.84,1568.1,38.92,82,2415.8,2.876,165.51,No Failure,0
L,302.36,312.84,1286.6,47.56,196,487.3,3.934,154.64,No Failure,0
L,301.11,311.87,1660.4,24.62,21,194.2,1.016,148.29,No Failure,0
L,296.77,307.8,1507.0,39.38,166,423.7,2.979,154.09,No Failure,0
L,301.51,313.09,1538.3,32.26,226,278.0,3.51,134.86,No Failure,0
M,302.61,311.49,1293.4,38.93,93,620.2,2.184,143.36,No Failure,0
L,300.35,309.06,1387.4,35.31,77,714.5,2.177,143.59,No Failure,0
L,303.96,314.11,1515.7,40.6,187,364.2,3.452,163.62,No Failure,0
H,297.36,306.44,1531.1,40.09,95,1114.2,2.483,166.8,No Failure,0
M,301.37,310.27,1525.7,41.39,81,1521.5,2.167,142.23,No Failure,0
M,297.96,309.18,1485.1,41.78,196,1860.9,3.928,164.85,No Failure,0
L,302.12,311.11,1346.3,45.73,170,1457.2,3.36,152.93,No Failure,0
H,301.23,311.21,1508.2,27.41,54,932.5,1.46,147.46,No Failure,0
M,303.6,311.97,1269.4,45.09,112,557.8,2.688,143.91,Heat Dissipation Failure,1
M,301.0,311.06,1632.2,24.87,51,575.2,1.639,147.14,No Failure,0
L,299.19,310.37,1895.1,12.06,122,365.7,1.714,148.25,Power Failure,1
H,299.02,310.23,1333.9,59.72,201,133.5,3.889,133.32,No Failure,0
M,299.5,310.54,1506.7,30.61,162,2254.4,3.417,147.48,No Failure,0
H,298.98,308.9,1538.1,35.52,133,1726.7,2.764,150.52,No Failure,0
M,302.69,313.81,1636.9,21.36,77,779.9,1.941,134.98,No Failure,0
M,302.55,312.98,1380.1,35.46,64,481.0,2.314,144.38,No Failure,0
M,297.01,306.57,1506.3,42.07,156,290.2,3.022,144.96,No Failure,0
H,300.08,310.46,1470.8,42.43,39,951.7,1.711,133.94,No Failure,0
L,300.12,311.01,1581.2,27.93,222,1303.0,3.789,164.5,No Failure,0
L,298.44,307.11,1714.4,35.56,197,1239.0,3.475,150.19,No Failure,0
M,300.88,309.82,1461.4,43.69,191,2799.8,3.069,129.97,No Failure,0
M,302.92,312.78,1644.9,42.39,50,115.0,2.27,157.49,No Failure,0
M,301.78,310.56,1415.3,41.28,85,533.9,2.57,141.56,No Failure,0
M,302.69,311.46,1303.3,47.6,122,49.3,2.447,134.03,No Failure,0
M,298.56,308.14,1435.8,38.91,206,354.8,2.92,148.88,No Failure,0
M,300.07,311.07,1494.2,53.92,47,935.7,2.148,170.91,No Failure,0
L,298.47,309.44,1455.2,37.07,208,643.6,4.384,149.71,No Failure,0
H,300.48,310.8,1316.1,46.95,93,519.6,3.381,142.57,No Failure,0
L,300.66,310.84,1472.2,47.3,220,1782.9,4.4,158.36,No Failure,0
M,301.92,314.01,1596.6,23.61,20,182.1,1.245,140.58,No Failure,0
H,302.63,312.09,1516.4,44.41,186,446.7,3.299,168.48,No Failure,0
L,301.38,311.62,1490.8,33.6,2,661.2,1.102,148.98,No Failure,0
L,298.28,307.69,1497.6,29.91,83,199.7,1.857,158.01,No Failure,0
L,297.3,306.01,1683.3,35.76,144,812.6,3.141,129.55,No Failure,0
M,301.04,312.22,1412.1,41.62,188,404.7,4.033,150.36,No Failure,0
L,303.0,312.7,1550.0,24.35,142,592.0,2.631,136.84,No Failure,0
L,299.95,310.65,1539.4,40.27,89,434.2,2.331,146.38,No Failure,0
H,296.95,306.7,1266.6,37.82,47,908.9,1.749,152.52,No Failure,0
L,304.17,315.42,1482.9,50.38,89,464.1,2.633,144.56,No Failure,0
M,300.98,309.98,1711.6,33.66,49,107.2,1.705,144.22,No Failure,0
M,300.34,311.51,1482.7,51.9,9,333.7,1.505,166.75,No Failure,0
L,297.66,308.56,1375.4,43.87,193,1245.6,3.661,122.81,No Failure,0
L,300.03,308.24,1437.6,39.67,246,437.6,3.812,159.12,No Failure,0
H,301.37,310.86,1403.9,52.74,111,971.4,2.807,147.23,No Failure,0
M,301.01,312.03,1379.1,59.23,84,1120.3,2.829,141.95,No Failure,0
L,298.64,310.28,1662.1,37.89,151,2142.5,2.447,143.4,No Failure,0
M,299.89,310.6,1700.4,32.6,0,426.1,0.992,153.06,No Failure,0
M,298.77,308.37,1446.3,44.29,69,626.1,2.415,156.01,No Failure,0
L,303.33,312.36,1566.0,25.77,113,366.1,2.096,142.49,No Failure,0
M,301.79,312.36,1533.7,26.99,146,1543.6,2.814,153.19,No Failure,0
L,298.95,308.53,1453.5,53.07,74,355.1,2.381,125.74,No Failure,0
L,297.66,307.28,1551.4,45.72,104,2144.6,2.838,161.53,No Failure,0
H,300.56,310.33,1574.8,31.42,59,1023.4,1.538,152.57,No Failure,0
L,299.01,309.9,1249.1,71.35,68,1035.1,2.658,132.51,Power Failure,1
L,299.16,310.97,1800.7,26.18,83,624.5,2.635,163.4,No Failure,0
L,297.73,308.76,1511.6,46.2,138,446.2,3.215,154.27,No Failure,0
M,297.98,307.99,1379.0,32.04,228,118.0,3.999,152.46,No Failure,0
M,300.33,309.43,1354.4,57.81,17,1416.3,2.129,139.83,No Failure,0
H,299.47,310.13,1560.6,34.69,49,439.5,1.602,135.69,No Failure,0
L,304.99,316.66,1498.5,37.15,31,835.4,1.631,140.26,No Failure,0
M,301.19,312.19,1758.3,21.91,42,333.1,1.462,183.64,No Failure,0
M,297.7,307.9,1303.7,60.83,110,474.2,2.921,145.38,No Failure,0
L,296.93,306.44,1460.8,33.82,237,597.5,4.239,157.99,No Failure,0
L,300.8,311.14,1397.7,44.8,76,1124.9,2.388,159.02,No Failure,0
H,299.21,310.36,1560.3,40.05,177,768.0,2.953,171.32,No Failure,0
L,302.66,312.9,1422.2,34.49,201,2221.4,3.295,155.83,No Failure,0
M,300.56,310.46,1633.8,17.72,47,725.5,1.746,135.13,Power Failure,1
M,296.03,305.35,1594.5,37.72,49,743.6,1.589,145.28,No Failure,0
L,297.96,310.55,1399.3,37.28,176,755.9,3.632,140.81,No Failure,0
H,298.65,307.76,1381.1,43.19,33,622.3,2.43,155.26,No Failure,0
H,300.88,309.9,1175.8,61.45,205,2081.0,3.826,159.64,No Failure,0
L,297.89,308.06,1367.8,46.44,16,89.1,2.047,159.76,No Failure,0
M,300.31,310.1,1384.2,48.6,146,1472.2,3.515,160.19,No Failure,0
L,297.33,308.35,1503.1,36.95,204,491.3,3.272,176.53,No Failure,0
M,300.01,311.07,1522.6,26.87,235,181.5,3.561,162.21,No Failure,0
L,300.74,309.53,1487.9,37.21,215,1269.8,3.611,132.54,Tool Wear Failure,1
L,302.92,312.17,1646.9,32.66,160,642.5,3.164,141.97,No Failure,0
L,300.49,309.62,1534.1,39.5,225,432.0,4.277,170.8,No Failure,0
L,298.37,309.15,1731.6,35.06,128,783.6,2.701,144.82,No Failure,0
L,302.99,313.41,1573.6,23.22,221,552.6,3.014,153.19,No Failure,0
L,299.63,309.26,1358.2,52.67,247,956.9,3.79,143.4,Overstrain Failure,1
H,301.55,311.76,1525.1,38.59,218,662.8,3.517,134.32,No Failure,0
L,298.77,307.65,1480.1,36.7,169,530.8,3.134,154.0,No Failure,0
L,300.18,309.44,1586.0,28.95,243,773.8,4.163,164.43,No Failure,0
L,298.4,307.1,1365.4,35.25,249,294.3,3.468,147.54,No Failure,0
M,300.64,310.79,1535.7,31.37,99,1077.6,2.357,123.66,Random Failure,1
L,301.61,311.75,1674.5,28.06,74,678.7,2.54,147.94,No Failure,0
M,299.01,308.03,1658.3,41.63,164,1742.4,3.385,147.1,No Failure,0
M,298.9,309.32,1667.9,35.31,120,1051.2,2.328,149.9,No Failure,0
L,300.71,311.77,1451.4,47.49,10,1021.5,1.894,143.23,No Failure,0
H,298.35,307.32,1572.1,36.4,76,1126.7,2.264,131.38,No Failure,0
L,296.96,306.64,1520.6,41.15,216,1670.4,4.147,140.4,No Failure,0
M,300.71,311.22,1443.2,40.86,223,740.5,4.054,138.47,No Failure,0
L,299.78,309.78,1382.9,43.85,36,121.0,2.107,159.62,No Failure,0
M,299.74,308.37,1589.6,31.59,173,1007.1,3.316,150.4,No Failure,0
H,301.04,310.6,1418.2,48.99,170,732.7,3.477,158.96,No Failure,0
L,301.32,310.85,1669.9,28.2,195,465.4,3.069,145.89,No Failure,0
L,299.68,309.51,1282.4,40.42,81,262.9,2.619,143.23,No Failure,0
L,297.75,307.63,1580.8,27.95,191,293.6,3.051,145.65,No Failure,0
L,298.72,310.29,1618.5,38.79,146,854.6,3.128,140.24,No Failure,0
H,301.17,310.96,1480.6,48.91,42,505.5,2.392,156.91,No Failure,0
M,300.27,308.55,1367.1,45.55,198,728.7,3.299,128.05,Heat Dissipation Failure,1
M,298.9,308.99,1297.5,50.59,242,284.5,4.148,146.33,Overstrain Failure,1
H,298.43,310.18,1520.1,36.97,127,1598.2,3.259,145.4,No Failure,0
H,301.24,311.07,1498.0,49.09,28,283.0,2.445,146.66,No Failure,0
H,299.56,309.12,1601.8,33.08,237,905.1,3.943,155.0,No Failure,0
L,301.51,311.2,1547.1,35.42,38,845.6,1.817,129.01,No Failure,0
L,301.76,312.34,1547.4,41.3,77,916.3,2.297,154.78,No Failure,0
L,299.37,309.06,1455.2,48.5,71,137.8,2.261,152.01,No Failure,0
L,301.9,310.38,1597.7,34.53,140,1531.2,2.851,155.2,No Failure,0
L,300.28,309.61,1528.8,46.95,62,658.9,2.728,155.83,No Failure,0
L,300.54,310.47,1441.5,42.31,214,352.3,3.579,147.18,No Failure,0
L,295.62,306.16,1393.3,43.37,81,1285.5,2.077,151.76,No Failure,0
L,298.06,307.48,1634.0,31.45,137,831.1,3.074,166.38,No Failure,0
L,298.17,307.87,1484.8,36.15,38,720.5,1.774,129.01,No Failure,0
L,299.36,309.41,1332.3,39.06,133,1229.0,2.596,167.45,No Failure,0
L,300.23,309.45,1601.5,43.37,57,82.5,2.228,176.56,No Failure,0
L,300.31,310.22,1587.5,31.93,96,300.9,2.279,160.51,No Failure,0
M,300.57,311.04,1622.2,27.08,125,1565.9,2.588,147.44,No Failure,0
M,298.63,307.44,1654.0,18.67,194,318.5,3.24,150.16,Power Failure,1
L,301.38,311.69,1515.7,47.46,206,907.5,3.895,162.44,No Failure,0
L,303.62,312.53,1309.0,49.44,89,975.5,2.793,159.51,No Failure,0
L,299.29,308.22,1661.1,19.9,86,815.0,2.075,154.56,Power Failure,1
L,298.67,308.01,1519.4,40.76,62,945.2,1.677,137.87,No Failure,0
L,298.63,309.99,1579.8,36.23,223,442.3,3.755,167.78,No Failure,0
H,300.17,308.46,1248.9,52.17,32,680.8,1.751,157.96,Heat Dissipation Failure,1
L,298.95,308.48,1570.3,37.9,23,564.2,1.546,155.58,No Failure,0
L,296.54,306.51,1418.7,45.46,106,539.6,2.532,162.87,No Failure,0
M,297.09,308.25,1475.4,35.75,98,340.3,2.641,148.86,No Failure,0
M,302.04,313.99,1414.4,33.13,71,840.9,1.611,154.71,No Failure,0
L,302.56,312.14,1639.6,47.67,110,1301.8,2.768,143.92,No Failure,0
L,303.2,313.74,1402.2,50.78,247,303.4,4.231,147.67,Overstrain Failure,1
H,300.45,310.36,1623.6,27.31,67,833.3,2.223,157.35,No Failure,0
L,298.02,307.92,1313.9,51.42,152,35.0,3.352,151.17,No Failure,0
M,299.12,309.4,1440.3,30.25,182,521.9,3.363,152.19,No Failure,0
M,297.02,305.43,1759.9,16.68,248,1008.4,3.622,147.59,Power Failure,1
L,296.94,306.89,1377.6,40.11,213,303.4,4.219,128.24,Tool Wear Failure,1
M,300.51,310.96,1576.7,45.07,173,91.0,3.275,165.6,No Failure,0
L,301.08,310.22,1783.3,24.84,207,934.2,4.041,140.3,No Failure,0
L,303.92,314.37,1588.8,20.17,211,477.4,3.121,160.77,Power Failure,1
L,299.83,308.11,1498.1,35.05,197,237.7,3.68,150.34,No Failure,0
H,297.28,307.38,1321.4,33.71,28,234.1,2.187,155.45,No Failure,0
L,299.76,311.1,1233.6,53.7,83,700.3,2.624,147.59,No Failure,0
L,299.44,309.22,1555.9,40.12,172,599.5,3.277,145.58,No Failure,0
H,299.02,308.04,1554.1,47.35,221,316.0,3.53,138.46,No Failure,0
L,300.69,309.26,1412.9,42.1,29,542.9,2.926,165.78,No Failure,0
H,297.57,307.96,1317.8,55.69,247,1068.6,4.299,159.16,Overstrain Failure,1
M,300.26,311.19,1429.0,31.08,36,955.8,2.189,155.77,No Failure,0
M,301.3,311.25,1405.3,39.12,49,136.5,1.842,159.31,No Failure,0
M,302.84,312.38,1745.1,24.31,19,967.3,1.039,155.31,No Failure,0
M,300.62,308.69,1463.0,48.11,161,229.2,3.166,136.5,No Failure,0
L,302.09,312.21,1249.3,51.14,155,1542.5,3.413,157.37,No Failure,0
H,299.11,308.42,1481.2,48.73,218,703.7,3.977,145.16,No Failure,0
H,299.39,308.76,1723.4,38.75,162,410.8,2.985,156.41,No Failure,0
H,302.7,314.31,1583.7,25.11,21,1438.6,1.364,142.51,No Failure,0
M,297.26,305.46,1446.9,39.14,72,1564.5,2.334,125.25,No Failure,0
M,299.19,307.53,1606.6,33.22,85,1155.0,2.067,144.67,No Failure,0
M,302.26,312.49,1516.8,49.23,223,420.2,3.863,144.41,No Failure,0
L,299.58,309.19,1608.1,35.73,179,325.5,2.969,167.0,No Failure,0
L,299.43,308.91,1507.3,35.52,230,2558.5,4.037,159.21,No Failure,0
M,299.47,309.74,1288.2,61.74,205,796.4,3.681,186.01,Overstrain Failure,1
M,300.23,310.49,1280.9,47.99,201,325.8,3.669,151.27,No Failure,0
L,302.17,311.2,1303.2,50.76,109,604.2,3.058,148.93,No Failure,0
L,301.85,311.26,1573.4,34.88,156,529.2,3.233,148.5,No Failure,0
M,300.02,310.07,1539.9,29.0,191,567.4,2.942,150.35,No Failure,0
L,302.18,312.35,1436.8,50.67,149,140.4,3.533,151.67,No Failure,0
H,300.68,311.17,1359.2,54.92,103,408.2,3.065,142.38,No Failure,0
M,301.72,311.14,1608.5,27.14,98,882.8,2.519,147.85,No Failure,0
L,297.94,308.29,1543.1,34.83,227,182.8,3.729,143.28,No Failure,0
L,303.48,314.43,1640.3,30.86,114,468.2,2.689,150.54,No Failure,0
M,300.44,310.49,1537.9,44.81,98,1666.0,2.854,170.93,No Failure,0
L,294.5,304.4,1411.5,50.86,35,853.6,2.91,164.71,No Failure,0
H,303.32,313.08,1511.1,36.32,146,615.8,2.469,187.38,No Failure,0
L,300.01,309.39,1526.5,36.29,238,363.7,4.028,152.35,No Failure,0
L,299.21,308.27,1586.0,20.43,194,465.6,3.366,166.27,Power Failure,1
L,298.79,308.49,1674.1,30.46,147,836.8,2.968,147.46,No Failure,0
M,300.88,311.33,1328.8,55.07,84,258.3,3.045,157.14,No Failure,0
H,298.22,307.33,1446.2,44.93,95,1517.6,2.936,147.94,No Failure,0
H,298.85,308.77,1441.8,49.26,113,1071.8,3.023,177.03,No Failure,0
L,298.89,308.7,1557.1,36.35,50,680.7,1.997,149.89,No Failure,0
H,299.42,311.19,1546.0,37.27,185,1152.1,2.778,143.33,No Failure,0
L,298.97,309.69,1486.2,40.19,101,2024.3,3.265,154.14,No Failure,0
M,301.71,312.41,1622.1,43.24,203,138.5,3.004,145.05,No Failure,0
H,300.54,311.46,1396.7,53.76,41,456.5,2.485,175.72,No Failure,0
L,300.79,310.24,1531.2,33.27,12,357.0,1.704,154.96,No Failure,0
H,301.22,312.6,1672.8,38.62,199,175.9,3.181,175.76,No Failure,0
L,299.81,309.97,1493.5,32.07,18,179.4,2.317,153.7,No Failure,0
L,297.96,307.91,1819.0,20.32,180,1082.5,3.295,153.74,No Failure,0
M,303.61,312.4,1246.8,49.2,78,711.3,2.674,154.13,No Failure,0
H,301.86,311.45,1324.0,57.47,186,1930.9,3.439,154.09,No Failure,0
L,303.23,311.46,1288.5,47.65,191,757.4,4.145,158.86,Heat Dissipation Failure,1
H,302.07,311.82,1359.0,42.3,171,967.7,3.858,156.89,No Failure,0
L,299.08,308.5,1392.5,58.53,101,2297.4,3.05,141.93,No Failure,0
M,295.3,304.91,1489.0,44.59,223,1236.1,4.496,151.47,No Failure,0
M,297.54,306.16,1381.0,48.03,119,275.5,3.036,147.64,No Failure,0
L,301.27,311.98,1635.8,41.41,45,840.2,2.217,145.07,No Failure,0
M,299.8,310.39,1578.6,42.94,156,866.2,3.22,132.06,No Failure,0
M,299.16,310.85,1506.0,38.67,131,734.2,3.129,134.72,No Failure,0
M,295.01,306.67,1270.6,48.33,3,482.6,1.982,146.68,No Failure,0
L,299.97,310.13,1673.6,29.09,154,2293.5,2.778,147.1,No Failure,0
L,297.84,308.86,1423.0,44.19,22,389.0,1.575,167.89,No Failure,0
H,298.55,308.81,1594.5,31.47,245,342.0,3.832,143.88,No Failure,0
M,301.7,311.27,1531.0,45.1,25,290.5,2.181,132.78,No Failure,0
H,297.94,307.66,1272.4,63.94,90,1270.0,2.936,135.43,No Failure,0
M,298.13,308.77,1559.1,47.0,96,1120.9,2.429,149.43,No Failure,0
H,300.37,314.46,1371.9,51.74,69,538.7,2.511,160.13,No Failure,0
L,301.74,312.91,1476.3,49.02,108,581.2,2.515,162.34,No Failure,0
L,299.19,309.44,1754.0,16.74,14,1108.5,1.116,148.47,Power Failure,1
M,302.93,313.42,1592.6,38.68,238,13.1,3.415,174.18,No Failure,0
L,297.44,307.92,1621.1,44.48,242,198.3,4.152,144.35,No Failure,0
L,297.09,307.0,1593.1,19.11,27,786.9,1.694,136.09,Power Failure,1
M,296.92,307.68,1420.8,37.16,63,1005.9,2.188,145.48,No Failure,0
H,296.7,306.54,1477.4,39.21,116,961.6,2.869,136.55,No Failure,0
M,300.67,309.66,1872.5,27.68,27,1404.5,1.676,145.61,No Failure,0
L,298.04,308.53,1699.1,30.3,73,1847.8,2.283,147.34,No Failure,0
H,297.18,307.79,1343.5,53.37,224,725.8,4.291,169.8,No Failure,0
L,300.76,310.61,1755.2,4.19,145,1986.6,2.524,138.23,Power Failure,1
L,301.65,311.96,1476.9,42.71,232,1737.7,4.323,174.79,No Failure,0
H,302.1,313.06,1431.5,51.64,63,338.0,1.981,154.54,No Failure,0
M,301.75,311.7,1559.9,39.73,135,354.4,3.18,173.55,No Failure,0
H,298.16,307.72,1448.8,54.09,247,573.5,4.286,160.93,Overstrain Failure,1
H,300.55,309.84,1641.9,35.73,67,94.2,2.042,143.75,No Failure,0
M,300.99,310.74,1752.7,30.95,188,545.6,2.719,146.47,No Failure,0
L,299.05,310.59,1488.7,39.91,123,319.9,2.352,148.56,No Failure,0
L,300.33,310.13,1511.3,36.18,79,532.9,2.163,146.06,No Failure,0
H,297.5,307.86,1513.0,34.28,27,2587.3,1.506,169.52,No Failure,0
H,298.74,308.42,1489.5,38.2,237,399.7,4.233,145.97,No Failure,0
L,300.74,310.33,1596.6,32.08,33,387.8,1.993,127.79,No Failure,0
L,303.02,312.14,1624.2,31.62,31,373.4,2.193,147.39,No Failure,0
L,302.3,312.4,1745.1,28.78,119,1228.4,2.52,147.44,No Failure,0
L,301.32,310.8,1402.9,44.17,24,161.4,2.12,147.26,No Failure,0
H,300.16,311.43,1612.2,30.01,210,645.2,3.028,151.03,No Failure,0
L,299.85,309.74,1523.7,27.58,186,1081.7,3.929,153.4,No Failure,0
L,297.1,307.06,1622.3,29.26,36,1110.8,2.284,168.5,No Failure,0
H,298.33,308.15,1724.1,42.06,225,558.2,3.643,156.72,No Failure,0
M,298.39,308.77,1434.1,46.69,160,95.5,3.814,124.63,No Failure,0
L,301.15,312.64,1660.6,47.51,173,862.5,3.135,136.68,No Failure,0
L,301.89,310.85,1407.5,42.14,83,268.6,2.271,145.98,No Failure,0
L,301.47,311.75,1415.7,45.36,209,1072.2,3.8,158.34,No Failure,0
L,302.37,310.8,1473.5,39.45,13,647.5,1.456,154.18,No Failure,0
L,300.14,311.37,1479.3,44.56,244,817.3,4.313,137.53,No Failure,0
L,298.03,307.93,1450.9,44.4,62,1481.6,2.649,157.82,No Failure,0
L,299.9,308.41,1627.1,32.7,38,534.8,1.408,157.3,No Failure,0
L,298.55,307.27,1338.8,29.24,17,1979.6,1.59,163.16,No Failure,0
L,301.32,312.13,1303.6,53.52,20,631.9,1.773,144.29,No Failure,0
H,299.28,307.62,1660.5,41.25,46,287.7,2.168,158.66,No Failure,0
L,299.8,310.08,1289.2,50.52,132,496.9,3.22,153.29,No Failure,0
L,301.39,310.96,1555.9,29.0,76,179.0,1.949,131.73,No Failure,0
H,298.52,308.32,1587.6,35.94,134,346.8,2.81,160.14,No Failure,0
L,301.93,311.25,1606.0,26.23,43,731.2,1.786,150.86,No Failure,0
L,297.3,306.35,1371.8,46.46,204,726.0,3.564,157.69,No Failure,0
H,300.61,310.13,1589.2,33.86,100,434.8,1.975,123.59,No Failure,0
M,299.82,310.39,1619.6,34.46,142,1022.2,3.142,148.26,No Failure,0
L,301.65,311.36,1289.8,59.56,0,1832.9,2.222,142.56,No Failure,0
M,297.25,307.67,1483.4,46.66,83,194.8,2.78,164.31,No Failure,0
M,296.94,306.7,1525.1,46.54,7,1373.1,1.503,146.91,No Failure,0
L,301.5,312.11,1693.4,27.98,86,163.9,2.15,150.66,No Failure,0
L,299.22,309.63,1681.9,21.42,191,761.2,2.649,147.6,No Failure,0
L,299.82,309.28,1576.2,49.71,114,275.1,3.56,154.7,No Failure,0
H,298.68,307.73,1683.5,17.6,194,1174.1,2.693,150.42,Power Failure,1
L,301.83,312.78,1451.7,34.98,19,985.3,2.065,143.56,No Failure,0
L,300.6,309.79,1545.3,31.88,95,844.4,2.155,156.08,No Failure,0
M,300.48,310.98,1683.1,30.75,0,1015.4,1.506,149.94,No Failure,0
H,297.66,307.69,1454.9,35.59,245,73.5,3.885,144.87,No Failure,0
L,301.0,310.54,1382.7,29.44,241,304.7,3.683,145.32,No Failure,0
L,298.02,308.45,1638.7,27.84,68,256.2,2.159,160.07,No Failure,0
L,298.68,310.05,1439.6,42.55,187,1434.1,3.355,154.25,No Failure,0
M,297.27,307.89,1617.0,50.66,186,410.9,3.189,134.0,No Failure,0
L,299.69,309.82,1662.9,22.64,94,1138.4,2.143,149.6,No Failure,0
H,302.13,313.75,1595.7,41.96,110,1109.3,3.073,168.52,No Failure,0
L,300.45,308.78,1412.5,45.41,249,691.6,4.203,142.27,Overstrain Failure,1
L,299.12,308.0,1517.7,44.47,85,59.4,2.257,151.76,No Failure,0
L,300.22,309.75,1551.1,37.79,108,184.3,3.465,138.71,No Failure,0
L,300.21,311.63,1671.9,34.03,72,456.7,2.203,145.38,No Failure,0
L,300.13,311.07,1456.5,47.59,102,408.7,2.517,147.84,No Failure,0
M,300.35,308.64,1426.0,43.35,57,1061.9,2.882,157.37,No Failure,0
L,297.92,307.48,1745.0,21.06,7,632.6,0.772,143.73,No Failure,0
M,300.21,308.89,1453.4,37.79,165,555.1,2.926,168.44,No Failure,0
L,296.49,306.45,1422.0,40.55,73,620.5,2.648,138.04,No Failure,0
M,301.15,312.05,1583.5,29.06,7,930.5,1.167,153.71,No Failure,0
L,297.79,308.77,1490.1,37.57,26,516.3,2.031,132.14,No Failure,0
M,302.36,312.62,1462.2,44.92,226,1343.5,4.216,151.67,No Failure,0
L,295.11,304.68,1506.1,31.73,113,486.0,3.185,163.06,No Failure,0
H,303.35,313.25,1582.2,42.33,63,2276.6,2.595,154.07,No Failure,0
H,296.72,307.4,1678.7,30.1,80,450.4,2.065,135.55,No Failure,0
H,297.6,309.95,1673.7,27.63,120,497.4,2.332,174.38,No Failure,0
H,300.6,309.41,1516.6,46.16,76,271.3,2.166,162.59,No Failure,0
L,301.24,312.83,1239.8,51.74,97,680.6,2.47,146.06,No Failure,0
M,299.43,309.68,1605.2,28.16,104,530.2,2.521,151.34,No Failure,0
L,301.79,312.61,1501.0,49.53,237,380.9,3.627,152.09,Overstrain Failure,1
H,298.41,308.59,1621.7,39.87,82,276.9,2.466,131.46,No Failure,0
L,299.2,310.6,1658.7,17.87,42,100.8,0.999,141.28,Power Failure,1
L,299.4,309.73,1732.1,25.65,118,1234.9,2.57,150.27,No Failure,0
M,298.92,308.27,1479.0,46.08,91,358.5,2.467,166.72,No Failure,0
L,296.13,306.58,1397.4,23.76,159,499.1,3.055,142.08,Power Failure,1
M,299.95,311.08,1540.6,33.81,165,653.0,2.316,147.59,No Failure,0
L,299.77,309.77,1430.9,39.19,114,168.3,3.008,161.12,No Failure,0
M,302.16,310.08,1409.1,44.48,70,1290.1,2.393,158.05,No Failure,0
H,297.43,307.31,1579.9,41.85,176,74.7,3.256,166.98,No Failure,0
M,298.72,308.82,1401.3,55.69,136,1635.8,3.431,158.87,No Failure,0
L,302.41,312.36,1518.6,31.84,79,1273.6,2.36,153.98,No Failure,0
L,300.59,310.09,1431.2,40.99,6,1068.0,1.266,154.07,No Failure,0
L,301.1,312.42,1503.2,44.53,7,1164.6,1.808,165.74,No Failure,0
L,300.91,308.53,1426.4,47.12,225,587.7,4.212,142.52,No Failure,0
M,300.92,311.01,1478.6,50.51,157,1745.3,2.902,159.19,No Failure,0
L,303.64,313.75,1460.4,35.66,209,1498.6,3.664,144.81,No Failure,0
L,300.18,312.28,1413.6,46.51,103,1054.2,3.122,145.68,No Failure,0
L,297.98,307.96,1473.3,30.74,31,39.6,1.776,152.77,No Failure,0
H,301.28,311.72,1456.4,39.22,246,729.7,3.903,150.13,No Failure,0
L,298.87,308.99,1655.9,45.01,182,1244.4,3.109,143.25,No Failure,0
L,299.78,309.87,1355.7,49.75,167,680.2,3.135,148.16,No Failure,0
L,300.74,312.5,1411.8,45.7,15,886.7,1.743,149.44,No Failure,0
L,298.36,307.25,1418.6,40.91,15,1076.2,2.001,156.66,No Failure,0
H,298.98,308.31,1489.9,39.21,230,194.4,4.062,150.23,No Failure,0
L,300.95,311.71,1449.6,45.49,212,1440.8,3.71,155.04,No Failure,0
M,298.9,309.16,1434.5,61.89,29,1769.2,2.08,154.41,Power Failure,1
M,301.95,311.66,1395.1,48.55,139,1305.7,2.978,143.16,No Failure,0
H,298.03,307.96,1479.8,43.82,89,1192.5,2.913,154.35,No Failure,0
M,298.02,308.93,1440.8,26.31,158,799.5,2.448,120.4,No Failure,0
M,303.81,314.3,1489.7,31.56,214,662.9,3.576,173.17,Tool Wear Failure,1
L,296.94,306.23,1623.6,36.76,158,306.1,2.952,176.07,No Failure,0
L,299.95,310.18,1350.2,49.1,51,3506.8,2.483,152.44,No Failure,0
M,303.7,313.65,1644.0,30.63,99,910.8,2.328,142.6,No Failure,0
M,299.94,310.41,1365.3,46.42,232,391.3,3.659,155.94,No Failure,0
M,302.69,312.37,1474.9,41.2,16,666.8,2.245,134.25,No Failure,0
L,301.3,310.1,1625.9,43.55,166,1174.7,3.383,166.43,No Failure,0
L,299.99,310.66,1584.3,37.84,124,540.9,2.831,156.36,No Failure,0
L,299.74,310.29,1372.0,34.03,118,932.7,2.227,141.63,No Failure,0
L,295.76,307.18,1867.8,30.26,6,516.1,1.353,135.78,No Failure,0
L,299.36,308.05,1357.6,46.12,30,1173.7,1.787,121.29,No Failure,0
L,300.46,310.39,1674.1,39.23,112,780.2,2.663,155.45,No Failure,0
M,300.46,310.23,1546.0,29.23,164,1146.2,2.446,131.15,No Failure,0
M,304.93,314.54,1371.5,42.23,41,371.8,2.078,145.22,No Failure,0
M,300.56,309.02,1185.5,74.23,147,1746.4,3.989,149.56,Heat Dissipation Failure,1
M,301.26,310.19,1457.3,37.99,224,440.6,3.62,143.64,No Failure,0
L,302.33,312.6,1318.3,56.54,105,883.2,3.047,133.54,No Failure,0
L,301.08,310.58,1712.2,14.15,178,216.2,2.536,150.54,Power Failure,1
M,299.83,309.0,1564.7,37.3,100,318.9,3.036,150.29,No Failure,0
H,299.84,311.27,1551.5,49.55,19,346.9,1.66,148.39,No Failure,0
M,299.3,311.67,1518.1,40.16,147,907.1,3.001,170.59,No Failure,0
M,300.89,310.83,1558.4,33.57,19,646.0,1.405,172.77,No Failure,0
M,299.66,308.16,1437.1,39.74,102,485.8,2.32,147.91,No Failure,0
M,301.25,311.65,1396.0,49.85,74,400.8,2.999,160.18,No Failure,0
M,297.98,305.9,1283.2,61.43,170,1793.2,4.158,144.41,Heat Dissipation Failure,1
M,300.29,308.94,1291.2,50.66,9,563.1,1.742,132.11,No Failure,0
L,303.1,313.52,1770.0,34.95,109,727.6,3.606,154.64,No Failure,0
L,299.55,308.17,1540.4,37.67,25,255.5,2.127,133.25,No Failure,0
L,303.69,313.39,1541.0,37.75,244,931.7,4.293,163.11,No Failure,0
M,300.33,308.84,1679.0,31.33,173,1385.3,3.152,149.36,No Failure,0
M,299.89,309.94,1280.1,38.45,138,1187.5,3.3,146.27,No Failure,0
L,300.23,311.36,1723.4,37.26,220,138.3,3.777,138.01,No Failure,0
L,299.38,308.76,1518.7,27.99,35,521.2,1.408,149.86,No Failure,0
M,296.04,306.02,1353.4,48.38,162,1001.7,3.376,145.33,No Failure,0
L,301.76,310.94,1417.5,44.21,242,981.2,3.966,130.82,No Failure,0
H,304.39,313.64,1639.9,33.59,118,101.6,2.276,147.24,No Failure,0
L,300.96,310.13,1681.2,41.48,246,229.5,4.388,149.84,No Failure,0
L,301.08,311.87,1724.7,30.35,212,363.4,3.575,155.65,No Failure,0
L,299.63,308.22,1500.8,34.48,248,1090.8,3.945,143.68,No Failure,0
L,302.32,311.98,1283.1,46.88,37,599.9,2.629,148.67,No Failure,0
L,299.92,310.33,1425.0,44.71,76,354.4,2.502,144.49,No Failure,0
L,300.53,311.44,1483.5,34.87,195,1202.3,3.816,144.33,No Failure,0
L,296.87,307.31,1327.0,43.11,85,999.2,2.195,145.45,No Failure,0
L,298.94,308.87,1558.4,39.26,179,1033.3,3.137,153.07,No Failure,0
M,300.73,310.17,1580.2,30.03,1,459.6,1.41,145.79,No Failure,0
L,301.81,312.74,1558.4,38.33,155,61.1,3.145,146.09,No Failure,0
L,301.87,311.0,1531.3,44.32,221,681.5,3.985,161.83,No Failure,0
L,296.84,305.99,1537.1,43.06,67,315.6,2.632,150.43,No Failure,0
H,297.04,308.4,1629.6,23.07,177,1535.8,4.117,160.42,No Failure,0
M,301.17,311.53,1634.3,41.66,24,871.7,1.389,131.17,No Failure,0
H,298.51,308.9,1453.9,40.25,70,238.8,2.121,169.52,No Failure,0
H,301.79,312.39,1594.4,21.02,44,255.5,1.78,153.64,No Failure,0
L,296.74,306.64,1543.8,31.92,46,393.6,2.484,148.37,No Failure,0
M,299.8,308.37,1509.1,44.92,122,2326.6,2.85,158.97,No Failure,0
L,299.93,310.18,1450.6,53.85,222,1121.8,4.09,169.19,Overstrain Failure,1
H,300.96,310.94,1600.6,23.59,25,1756.3,1.398,139.66,No Failure,0
L,297.94,307.08,1392.9,49.79,88,112.8,2.834,126.27,No Failure,0
L,296.07,304.98,1767.9,21.2,11,419.8,1.324,152.62,No Failure,0
H,300.34,310.3,1270.5,53.98,140,1708.4,3.524,131.08,No Failure,0
H,301.05,309.7,1766.3,37.61,157,2108.7,3.489,137.81,No Failure,0
H,302.01,311.87,1530.1,32.85,39,1222.1,1.732,174.67,No Failure,0
L,299.28,309.02,1453.2,43.55,58,1547.9,2.537,136.7,No Failure,0
L,301.55,311.43,1610.3,30.38,44,633.4,1.621,134.04,No Failure,0
L,300.97,311.37,1506.6,45.16,16,335.8,1.928,158.43,No Failure,0
L,302.64,313.27,1451.0,38.76,96,1478.0,2.332,159.0,No Failure,0
L,299.89,309.18,1822.5,3.5,75,786.4,1.121,166.53,Power Failure,1
L,296.54,307.41,1480.8,31.89,62,2838.4,2.333,132.39,No Failure,0
M,299.86,309.65,1430.8,41.91,212,141.1,3.45,146.09,No Failure,0
L,300.18,311.93,1270.3,50.66,55,695.5,2.14,157.9,No Failure,0
M,301.04,310.45,1486.1,43.31,65,660.2,2.207,144.66,No Failure,0
H,296.93,305.32,1400.1,50.51,101,1983.4,3.389,166.39,No Failure,0
M,299.38,310.21,1390.3,31.06,215,413.3,4.058,144.38,No Failure,0
L,301.74,312.16,1380.5,47.28,52,650.7,1.761,146.26,No Failure,0
L,299.79,310.99,1437.9,47.44,149,1290.7,2.867,145.8,No Failure,0
L,299.39,309.7,1707.8,23.69,236,1262.5,4.197,163.92,No Failure,0
M,303.81,316.15,1296.7,51.0,208,88.1,4.556,154.58,No Failure,0
L,297.86,307.67,1446.7,43.27,145,709.6,3.259,145.47,No Failure,0
L,302.47,313.51,1423.5,37.19,183,438.4,3.415,140.28,No Failure,0
H,302.04,311.52,1589.2,37.01,10,548.2,1.622,151.44,No Failure,0
M,299.55,310.04,1522.9,29.62,174,1311.4,3.067,154.5,No Failure,0
H,299.93,310.61,1496.2,46.31,55,1020.6,1.902,152.83,No Failure,0
L,299.93,310.76,1443.6,43.02,70,796.1,2.609,150.1,No Failure,0
H,300.36,311.14,1300.0,45.83,112,668.4,2.554,153.53,No Failure,0
L,298.81,305.57,1487.4,40.79,201,303.2,3.822,142.36,No Failure,0
L,299.14,309.08,1376.9,42.06,107,1418.6,2.721,152.06,No Failure,0
H,299.29,308.71,1624.4,37.04,51,417.1,2.379,148.22,No Failure,0
H,299.35,308.98,1577.5,50.77,171,689.0,3.32,137.45,No Failure,0
L,299.38,309.1,1508.9,46.06,149,487.7,2.828,150.46,No Failure,0
L,295.52,306.5,1428.5,41.73,193,300.0,3.261,150.31,No Failure,0
L,300.2,310.4,1512.8,38.65,125,202.2,2.817,134.58,No Failure,0
M,298.95,308.44,1667.5,22.32,142,2091.4,2.62,161.02,No Failure,0
H,296.27,304.8,1756.4,20.15,19,377.7,1.008,144.56,No Failure,0
L,299.3,310.83,1512.5,36.32,89,60.3,2.256,150.5,No Failure,0
L,299.24,308.59,1435.2,52.69,9,986.5,1.967,140.97,No Failure,0
M,302.55,312.42,1405.3,32.95,46,2080.1,2.131,147.98,No Failure,0
M,298.92,311.06,1575.0,33.34,203,2147.5,3.49,175.76,No Failure,0
L,301.34,310.72,1500.4,30.28,9,580.3,1.706,155.73,No Failure,0
M,302.77,312.49,1607.1,27.1,71,1134.3,2.065,147.02,No Failure,0
H,298.74,308.98,1479.7,30.86,15,418.9,1.582,135.76,No Failure,0
L,299.91,308.3,1514.7,42.79,109,3030.8,2.896,145.59,No Failure,0
M,303.46,311.74,1596.8,35.08,102,447.9,2.164,144.23,No Failure,0
M,300.46,309.98,1522.0,34.63,185,301.6,3.909,154.72,No Failure,0
M,300.75,310.3,1472.2,33.74,0,1338.8,1.498,142.0,No Failure,0
H,299.19,309.32,1532.7,42.37,33,1490.9,1.951,158.91,No Failure,0
M,301.37,310.4,1608.9,43.9,84,582.1,2.593,147.34,No Failure,0
M,299.92,310.35,1822.5,21.31,14,1143.8,1.708,132.79,No Failure,0
L,296.34,304.18,1596.5,32.4,1,664.5,1.583,162.72,No Failure,0
M,299.29,309.22,1532.2,39.11,145,34.0,3.223,145.35,No Failure,0
L,297.63,307.99,1346.5,44.39,215,381.5,3.864,140.49,No Failure,0
L,300.22,310.55,1608.0,41.28,17,168.1,1.471,149.32,No Failure,0
L,298.17,308.0,1225.1,48.23,52,754.2,1.506,154.64,No Failure,0
M,300.96,310.3,1720.2,25.88,220,874.9,3.766,143.67,No Failure,0
H,300.09,309.9,1469.2,44.15,165,627.6,3.636,157.63,No Failure,0
M,297.5,308.74,1168.0,60.51,73,65.0,2.381,138.93,No Failure,0
H,299.01,308.42,1526.5,40.48,223,543.2,3.444,163.84,No Failure,0
L,301.24,312.22,1478.8,40.88,139,1163.7,2.656,130.72,No Failure,0
M,302.3,313.43,1418.1,45.19,222,1793.6,3.731,143.46,No Failure,0
H,298.2,306.46,1519.3,34.55,114,703.8,2.345,162.66,No Failure,0
L,297.81,307.68,1574.0,30.53,205,98.6,3.483,143.2,Tool Wear Failure,1
H,303.9,312.92,1493.4,40.58,91,465.3,2.554,145.19,No Failure,0
M,299.98,308.48,1499.5,23.46,158,992.5,2.846,131.39,No Failure,0
L,300.18,310.97,1504.6,43.96,58,324.7,2.082,161.35,No Failure,0
M,298.52,308.99,1420.7,45.65,55,1888.3,1.969,149.13,No Failure,0
L,300.43,310.69,1771.1,23.96,26,612.0,1.074,158.56,No Failure,0
L,303.43,312.34,1564.4,41.63,106,1734.9,2.498,154.14,No Failure,0
L,300.51,310.72,1604.9,37.84,46,402.0,2.183,128.92,No Failure,0
L,302.13,310.82,1549.3,54.78,102,248.8,2.405,127.77,No Failure,0
L,300.06,310.14,1461.5,53.1,115,434.1,2.967,142.59,No Failure,0
H,297.95,307.29,1419.5,48.42,147,1106.7,2.896,171.27,No Failure,0
L,298.63,309.68,1172.9,52.11,25,918.6,1.677,146.1,No Failure,0
H,297.76,307.4,1550.9,36.35,97,1335.9,2.762,170.43,No Failure,0
M,300.44,310.67,1635.0,42.6,225,1459.3,4.248,133.25,No Failure,0
L,302.45,312.68,1600.7,37.48,23,551.7,1.906,157.36,No Failure,0
L,300.32,310.25,1534.1,30.03,230,1583.3,3.32,157.78,No Failure,0
H,299.38,309.49,1498.8,40.83,10,141.2,1.944,134.05,No Failure,0
M,298.42,308.72,1456.6,39.17,240,1637.0,4.183,127.45,No Failure,0
H,300.71,309.81,1543.7,37.98,101,838.9,3.146,167.37,No Failure,0
L,297.52,307.93,1458.8,39.41,173,1993.7,3.136,138.97,No Failure,0
M,297.73,308.6,1624.7,40.61,217,676.1,3.873,164.4,No Failure,0
M,301.8,312.2,1439.8,48.88,191,914.2,3.398,141.22,No Failure,0
H,299.44,309.09,1569.9,34.16,176,1193.7,2.651,162.5,No Failure,0
L,299.41,309.58,1527.8,27.2,17,766.9,0.943,147.97,No Failure,0
H,299.66,309.3,1408.2,46.78,76,426.9,2.492,160.44,No Failure,0
L,301.45,311.33,1327.5,48.57,216,1641.7,3.688,158.53,No Failure,0
H,300.33,309.14,1598.9,43.58,233,588.3,4.137,167.53,No Failure,0
M,298.51,309.89,1544.9,28.61,72,1078.3,2.266,166.78,No Failure,0
M,298.59,310.52,1524.9,38.69,164,280.9,3.199,158.4,No Failure,0
L,299.61,308.91,1337.8,42.85,113,722.5,2.302,146.35,No Failure,0
H,300.6,311.39,1474.6,29.32,209,1496.8,3.161,128.7,No Failure,0
L,299.93,311.39,1538.6,32.36,218,1156.4,3.679,147.93,No Failure,0
L,299.75,308.79,1483.7,38.53,206,861.7,3.712,146.8,No Failure,0
M,300.09,307.93,1427.4,51.83,191,165.9,3.833,168.29,No Failure,0
M,299.93,311.44,1663.0,42.25,155,960.5,3.436,166.17,No Failure,0
L,298.44,308.43,1364.2,34.27,248,360.5,3.874,151.48,No Failure,0
M,302.21,311.69,1604.2,37.98,234,770.3,3.944,156.92,No Failure,0
L,299.04,309.08,1598.1,33.34,98,1329.2,2.595,171.44,No Failure,0
M,300.26,309.89,1477.3,35.88,112,157.9,2.909,141.39,No Failure,0
M,295.88,308.84,1403.2,47.22,95,993.3,2.672,153.18,No Failure,0
M,299.57,309.04,1754.4,20.8,196,1082.3,3.143,141.02,No Failure,0
H,297.8,308.13,1389.2,53.15,221,296.5,4.147,158.87,No Failure,0
M,298.04,309.33,1295.9,61.89,50,750.2,2.533,144.03,No Failure,0
L,304.84,316.13,1392.6,41.63,122,650.7,2.752,128.76,No Failure,0
M,300.5,311.6,1491.2,31.69,235,207.9,3.575,164.53,No Failure,0
L,302.45,312.03,1297.5,51.63,54,440.3,1.838,149.17,No Failure,0
L,301.71,311.56,1557.4,42.78,182,509.6,3.617,166.85,No Failure,0
M,301.97,309.79,1471.5,34.74,204,1389.8,3.655,165.06,No Failure,0
L,299.6,309.53,1470.3,30.28,67,1100.1,2.136,153.88,No Failure,0
L,303.21,313.25,1548.2,35.94,54,1057.3,2.163,132.55,No Failure,0
H,301.69,312.44,1411.1,41.93,146,1038.6,3.03,155.2,No Failure,0
L,300.08,311.88,1567.6,48.96,204,1348.6,4.362,145.51,No Failure,0
L,300.53,311.24,1481.0,42.84,5,261.6,1.954,177.64,No Failure,0
L,299.73,310.8,1482.1,44.54,243,383.8,4.685,156.98,No Failure,0
L,300.1,310.09,1545.4,36.66,131,1402.1,2.627,168.04,No Failure,0
M,299.91,311.2,1483.0,48.55,29,643.9,2.026,153.39,No Failure,0
M,300.76,310.77,1580.5,37.93,190,728.0,3.424,167.17,No Failure,0
M,303.48,314.62,1355.6,58.38,128,253.4,3.665,158.15,No Failure,0
L,297.59,308.39,1460.8,33.47,91,286.9,1.742,146.37,No Failure,0
M,302.28,312.68,1454.6,43.95,83,1512.3,2.676,164.4,No Failure,0
L,299.26,307.72,1330.2,61.89,184,1749.6,3.926,131.52,Heat Dissipation Failure,1
M,302.54,313.63,1269.8,50.42,105,592.8,3.172,168.13,No Failure,0
M,299.33,309.71,1250.9,47.45,182,3738.0,3.401,169.07,No Failure,0
L,300.83,311.53,1367.1,42.97,204,639.4,3.178,157.06,No Failure,0
H,299.68,310.0,1320.2,40.53,233,1580.8,4.509,144.08,No Failure,0
M,296.54,307.02,1470.1,38.26,227,857.3,3.832,136.87,No Failure,0
L,303.48,314.78,1475.4,34.38,240,542.9,4.174,160.48,Tool Wear Failure,1
M,298.11,307.64,1630.8,24.64,165,1046.5,2.851,157.64,No Failure,0
M,300.17,310.64,1512.6,46.41,52,244.1,2.59,126.84,No Failure,0
L,297.9,307.12,1649.1,24.62,7,1745.9,1.595,145.28,No Failure,0
L,297.33,307.9,1487.0,46.51,80,487.1,2.897,130.89,No Failure,0
M,299.59,309.84,1609.9,36.91,122,707.8,2.66,149.31,No Failure,0
H,298.81,308.18,1547.1,30.45,56,423.0,2.375,143.47,No Failure,0
M,297.66,307.76,1168.0,54.06,193,808.2,3.97,150.53,No Failure,0
M,299.93,309.36,1458.9,25.51,97,518.9,1.737,137.14,No Failure,0
M,297.04,306.66,1598.1,33.34,232,608.0,4.197,166.37,No Failure,0
L,300.25,310.61,1563.5,34.27,9,505.2,1.75,129.83,No Failure,0
L,299.75,310.01,1550.6,41.5,29,100.8,1.832,161.25,No Failure,0
L,295.04,303.12,1804.8,33.87,120,885.1,2.639,163.43,No Failure,0
H,298.95,309.32,1402.8,54.62,71,407.7,2.302,134.6,No Failure,0
H,300.94,310.63,1601.1,26.29,221,1242.9,3.582,144.65,No Failure,0
H,297.87,307.46,1243.1,76.0,126,380.3,3.747,150.75,Power Failure,1
L,301.02,309.9,1477.6,29.41,181,549.9,3.234,128.53,No Failure,0
M,300.87,310.82,1331.5,69.56,174,988.9,4.002,147.38,Power Failure,1
M,297.96,307.44,1397.1,50.93,141,958.8,3.066,132.39,No Failure,0
L,299.98,311.25,1660.3,38.9,164,5.3,2.943,147.61,No Failure,0
L,301.65,309.9,1337.8,42.27,62,328.3,2.277,142.51,Heat Dissipation Failure,1
M,298.25,307.28,1530.7,36.21,101,597.4,2.613,152.31,No Failure,0
M,299.59,308.56,1415.8,43.47,61,109.7,2.157,145.26,No Failure,0
M,302.3,312.56,1463.0,32.63,220,170.9,3.796,153.94,Tool Wear Failure,1
L,298.28,309.46,1499.3,47.09,20,962.8,2.202,141.36,No Failure,0
M,300.92,311.42,1456.9,41.82,214,826.4,4.07,109.35,No Failure,0
L,297.84,306.75,1698.9,30.1,20,1648.4,1.457,146.42,No Failure,0
L,299.68,309.25,1418.0,44.27,110,1244.2,2.288,132.43,No Failure,0
M,300.89,310.08,1435.4,43.65,191,340.4,3.714,161.28,No Failure,0
L,295.19,305.7,1738.7,32.83,115,1530.4,2.521,135.03,No Failure,0
H,298.93,308.48,1412.6,35.72,235,1264.5,3.872,162.45,No Failure,0
L,300.86,309.45,1388.5,45.12,216,535.7,3.718,156.8,No Failure,0
L,300.45,311.04,1168.0,50.91,211,660.9,4.419,151.71,No Failure,0
L,298.96,310.22,1471.2,38.58,178,783.6,3.227,164.41,No Failure,0
M,297.79,307.61,1487.7,49.31,234,654.7,4.689,120.02,No Failure,0
L,301.26,311.38,1443.5,51.67,85,895.2,2.918,148.42,No Failure,0
L,299.36,307.85,1408.7,53.03,20,121.8,2.377,149.36,No Failure,0
L,301.09,309.03,1387.8,44.17,131,417.5,2.955,144.68,No Failure,0
L,300.76,308.91,1555.0,30.98,88,185.4,2.051,150.06,No Failure,0
M,299.11,309.06,1392.9,48.91,18,365.9,2.169,147.24,No Failure,0
L,302.15,311.84,1514.8,38.09,59,863.7,2.255,133.24,No Failure,0
L,298.81,309.36,1475.2,45.07,14,839.3,1.691,155.8,No Failure,0
M,302.38,312.18,1518.7,33.71,24,833.7,1.928,143.62,No Failure,0
L,302.64,313.63,1550.2,34.0,199,1675.3,3.647,153.29,No Failure,0
M,302.1,312.97,1547.3,32.99,59,765.7,1.534,150.5,No Failure,0
L,299.64,309.32,1545.3,26.75,134,579.6,2.861,161.45,No Failure,0
M,305.09,314.09,1554.1,34.13,160,665.5,3.373,171.39,No Failure,0
L,300.3,308.39,1467.7,29.67,75,61.8,1.687,128.98,No Failure,0
L,300.48,311.92,1471.0,45.66,120,908.7,3.5,163.28,No Failure,0
L,299.96,309.01,1485.2,29.35,116,361.9,2.968,158.07,No Failure,0
H,297.74,306.24,1551.3,33.31,227,1369.2,3.221,154.27,No Failure,0
L,302.59,312.72,1541.6,40.03,239,188.8,3.883,161.57,No Failure,0
H,298.86,307.37,1271.7,58.12,33,965.0,2.025,171.01,Heat Dissipation Failure,1
H,301.84,311.97,1648.3,33.08,178,1041.8,2.886,142.86,No Failure,0
L,302.32,311.98,1771.5,26.18,170,2083.4,3.118,189.88,No Failure,0
L,301.21,312.13,1546.4,26.88,236,824.6,3.743,134.65,No Failure,0
L,298.62,309.45,1555.8,31.39,146,1525.9,2.615,146.21,No Failure,0
H,299.32,310.42,1661.6,33.43,109,325.7,2.32,157.59,No Failure,0
M,294.65,304.85,1168.0,63.05,185,943.3,3.915,143.99,No Failure,0
M,299.77,308.91,1425.7,49.67,171,946.3,3.627,148.86,No Failure,0
L,301.61,310.57,1498.0,36.85,117,2365.3,2.459,156.71,No Failure,0
H,299.52,308.99,1432.8,58.53,178,1204.3,3.772,152.79,No Failure,0
L,298.82,310.81,1526.9,33.87,8,1669.4,1.723,170.9,No Failure,0
L,299.4,309.16,1573.6,35.89,236,463.3,4.153,166.63,No Failure,0
L,302.43,312.59,1463.6,35.29,97,760.0,2.564,143.97,No Failure,0
L,299.89,311.41,1503.5,50.27,75,604.7,2.604,153.92,No Failure,0
H,303.72,313.97,1404.7,39.3,52,2101.9,2.034,161.5,No Failure,0
M,298.86,308.11,1457.8,55.07,31,175.1,2.089,125.14,No Failure,0
L,300.43,311.16,1472.1,44.34,77,1094.3,2.511,152.67,No Failure,0
L,299.13,308.7,1215.4,49.09,4,355.8,1.851,145.45,No Failure,0
M,304.15,314.44,1651.0,21.84,56,1592.3,1.921,149.49,No Failure,0
M,300.36,310.87,1690.6,23.01,176,778.5,2.791,172.77,No Failure,0
L,304.26,313.76,1522.7,23.34,158,516.7,3.039,160.35,No Failure,0
L,299.16,309.35,1458.0,35.72,122,791.2,2.279,155.59,No Failure,0
M,303.06,314.66,1631.1,24.61,230,132.3,3.797,141.52,No Failure,0
H,300.24,309.61,1354.7,52.4,190,1420.0,3.685,164.23,No Failure,0
M,301.67,312.99,1545.6,38.01,36,1546.1,1.581,136.83,No Failure,0
L,297.56,306.97,1431.9,46.15,139,1168.7,2.776,148.53,No Failure,0
M,300.7,312.5,1420.6,35.08,97,1140.5,2.636,155.08,No Failure,0
L,297.86,307.01,1643.6,48.25,119,512.9,2.992,153.37,No Failure,0
H,300.51,310.12,1626.6,20.35,71,223.2,1.979,145.59,Power Failure,1
L,296.96,308.47,1515.1,39.51,245,909.1,3.983,141.69,No Failure,0
L,299.81,311.36,1619.5,45.01,28,282.7,1.858,171.61,No Failure,0
L,302.19,313.01,1530.9,45.85,26,216.6,2.013,135.19,No Failure,0
L,301.1,310.01,1574.7,36.82,99,841.5,2.516,161.49,No Failure,0
L,297.53,307.61,1732.1,22.89,215,1051.5,3.179,147.01,No Failure,0
M,296.2,306.2,1468.7,50.11,198,784.3,3.279,138.95,No Failure,0
M,300.99,310.14,1581.0,36.08,89,1733.4,2.201,146.49,No Failure,0
H,303.16,313.86,1575.5,36.95,68,1193.3,2.265,147.3,No Failure,0
L,298.07,307.3,1307.3,62.19,81,84.1,3.102,136.33,No Failure,0
L,304.19,312.9,1589.0,40.97,65,262.5,1.67,167.25,No Failure,0
L,299.99,308.37,1602.2,34.81,146,1915.7,2.805,153.53,No Failure,0
L,296.08,307.79,1339.3,34.21,231,873.3,3.857,137.8,No Failure,0
L,296.88,306.37,1525.0,46.45,150,827.1,3.265,141.04,No Failure,0
H,301.54,311.05,1494.3,31.79,161,120.5,3.061,128.05,No Failure,0
H,300.26,309.23,1480.9,45.12,84,1034.4,2.384,153.75,No Failure,0
L,302.96,314.33,1261.4,51.01,70,494.9,2.286,145.49,No Failure,0
M,297.6,306.22,1454.6,39.12,26,394.8,1.976,131.77,No Failure,0
M,300.24,309.03,1388.2,49.88,7,322.6,1.935,138.25,No Failure,0
L,300.01,309.69,1553.8,39.31,110,382.8,2.663,142.38,No Failure,0
M,299.71,309.69,1502.1,33.13,247,669.2,4.532,139.57,No Failure,0
L,299.23,309.89,1438.2,23.35,192,334.8,3.551,180.56,No Failure,0
L,299.27,308.6,1433.9,42.75,244,859.9,4.242,161.84,No Failure,0
H,300.35,311.89,1442.1,42.96,73,311.0,2.666,134.59,No Failure,0
M,300.61,309.94,1478.5,49.81,167,1320.3,3.66,157.32,No Failure,0
L,300.51,309.5,1442.5,48.85,150,1679.2,3.195,147.79,No Failure,0
L,302.41,311.31,1265.6,60.67,31,592.5,1.989,152.16,No Failure,0
H,297.6,306.82,1571.4,34.19,5,995.2,1.823,145.47,No Failure,0
L,296.38,305.21,1636.6,43.56,180,57.3,3.467,157.7,No Failure,0
H,302.03,312.78,1660.3,33.12,62,254.0,2.352,166.11,No Failure,0
H,298.11,307.11,1253.7,49.3,113,241.6,3.162,151.59,No Failure,0
L,299.24,309.11,1796.9,30.73,200,253.1,2.964,138.66,No Failure,0
M,298.78,307.75,1533.4,49.14,11,229.1,2.081,150.58,No Failure,0
M,298.73,307.56,1701.6,32.63,42,1073.0,2.393,159.62,No Failure,0
M,297.08,308.19,1301.9,47.67,32,79.9,2.02,160.98,No Failure,0
L,298.86,310.46,1366.2,52.06,151,2805.8,3.456,146.69,No Failure,0
L,301.3,312.57,1677.3,24.46,10,877.8,1.701,132.71,No Failure,0
L,299.99,308.52,1506.8,26.53,170,1151.7,2.592,163.75,No Failure,0
M,301.01,309.68,1528.7,42.35,28,276.9,1.317,147.94,No Failure,0
M,299.01,310.99,1636.7,41.28,136,540.3,2.939,154.87,No Failure,0
M,301.81,311.55,1493.4,37.08,138,1201.6,2.452,173.7,No Failure,0
M,298.98,307.61,1691.4,35.24,193,1350.2,3.839,156.96,No Failure,0
L,295.78,306.87,1631.6,31.45,183,855.0,3.518,158.17,No Failure,0
L,300.63,310.7,1306.2,43.31,110,410.4,3.157,148.18,No Failure,0
M,301.53,312.1,1499.0,30.36,244,1449.4,3.834,158.63,No Failure,0
M,298.88,306.64,1570.5,43.66,62,334.6,2.63,124.05,No Failure,0
M,302.4,312.07,1453.1,34.26,246,421.1,3.973,122.9,No Failure,0
L,298.3,309.25,1630.9,35.77,247,220.1,4.106,152.45,No Failure,0
L,301.34,310.7,1457.8,52.16,203,971.9,4.516,131.34,No Failure,0
H,303.49,314.72,1451.8,49.54,134,471.9,2.755,170.36,No Failure,0
L,300.07,308.76,1527.8,30.03,12,710.1,2.042,162.54,No Failure,0
L,299.55,309.43,1596.9,31.27,112,338.7,1.982,169.73,No Failure,0
M,299.79,311.43,1589.2,47.78,113,730.1,2.881,145.59,No Failure,0
M,303.26,312.11,1579.6,25.66,98,1295.4,2.461,153.81,No Failure,0
H,300.81,311.08,1438.6,54.54,12,434.1,1.863,149.06,No Failure,0
H,304.29,314.87,1669.8,41.35,229,878.3,4.003,146.21,No Failure,0
M,300.56,310.65,1569.9,34.22,159,681.8,3.185,137.91,No Failure,0
L,298.69,308.44,1455.0,40.1,12,1008.0,1.908,146.47,No Failure,0
L,298.83,307.96,1346.0,53.61,39,1077.5,2.203,140.49,No Failure,0
H,300.12,310.32,1483.0,18.69,203,189.9,3.0,155.88,Power Failure,1
L,295.92,305.81,1308.9,50.26,164,1234.8,3.502,143.18,No Failure,0
H,299.05,307.61,1434.9,51.95,42,672.0,2.163,165.36,No Failure,0
M,299.09,310.19,1613.0,36.79,63,1116.4,2.175,140.04,No Failure,0
L,300.48,309.57,1467.4,39.28,30,48.8,1.793,146.86,No Failure,0
M,303.88,312.47,1575.2,41.36,163,1000.4,3.317,154.48,No Failure,0
M,300.11,309.51,1521.8,47.34,16,377.5,1.725,149.26,No Failure,0
L,296.15,305.26,1489.0,32.7,182,801.7,3.131,142.97,No Failure,0
L,298.17,307.91,1447.5,39.85,95,935.1,2.214,159.36,No Failure,0
M,300.52,309.28,1386.8,39.0,72,2275.5,2.347,146.0,No Failure,0
L,300.19,310.63,1512.6,46.79,97,756.8,2.436,163.14,No Failure,0
L,303.25,314.63,1286.3,66.75,247,705.0,4.698,148.94,Overstrain Failure,1
M,301.92,312.03,1638.6,32.66,106,260.5,2.819,157.33,No Failure,0
M,301.86,310.42,1488.3,40.79,57,610.7,2.656,155.25,No Failure,0
M,299.57,308.65,1476.2,32.39,243,292.2,3.845,130.08,No Failure,0
H,302.2,312.42,1609.3,35.11,24,1085.2,2.574,172.2,No Failure,0
H,298.21,306.24,1407.7,29.24,68,970.5,2.25,131.4,No Failure,0
L,301.94,310.7,1592.1,24.7,146,1202.4,2.792,162.68,No Failure,0
L,299.44,307.79,1335.7,51.83,141,513.7,3.829,145.2,Heat Dissipation Failure,1
M,297.1,307.22,1608.8,43.56,102,175.0,2.427,149.61,No Failure,0
L,301.19,313.35,1650.0,40.93,86,526.8,2.474,142.47,No Failure,0
H,302.8,311.53,1608.0,31.26,207,745.1,3.406,161.67,No Failure,0
M,299.19,310.0,1453.9,39.25,14,1954.7,1.338,140.96,No Failure,0
L,303.13,312.56,1747.4,28.44,128,2051.8,2.946,136.54,No Failure,0
M,296.69,305.37,1439.3,39.73,170,367.7,3.383,166.21,No Failure,0
M,297.61,309.17,1348.7,43.34,63,655.1,2.497,166.54,No Failure,0
H,299.71,311.87,1364.6,34.57,196,200.3,3.647,148.75,No Failure,0
L,299.26,309.67,1569.8,32.43,131,143.1,2.251,135.73,No Failure,0
H,298.67,309.03,1385.0,35.08,106,1328.5,2.92,144.47,No Failure,0
L,300.27,310.33,1562.5,48.15,215,142.2,3.688,144.96,No Failure,0
M,298.94,308.79,1431.6,42.02,26,1295.8,2.194,161.78,No Failure,0
H,299.28,309.62,1512.8,23.93,59,1279.6,1.494,169.29,No Failure,0
L,300.56,311.23,1542.5,47.23,203,356.9,3.884,156.89,No Failure,0
L,298.66,310.33,1535.4,45.43,30,306.9,1.821,147.85,No Failure,0
H,299.79,309.27,1634.7,41.87,6,549.6,1.766,136.77,No Failure,0
H,298.71,308.84,1215.4,56.46,218,706.3,4.063,156.64,No Failure,0
L,297.59,307.5,1326.2,40.24,2,704.7,1.712,158.54,No Failure,0
M,301.53,312.55,1606.0,44.31,215,462.0,3.769,133.55,No Failure,0
H,303.42,315.82,1209.9,44.69,200,100.6,3.551,148.0,No Failure,0
L,302.13,313.19,1320.4,48.77,212,773.1,4.271,158.71,No Failure,0
M,300.66,311.46,1522.8,37.77,12,1525.0,2.051,145.8,No Failure,0
L,298.72,309.62,1431.9,33.55,68,618.6,2.722,150.54,No Failure,0
L,299.43,310.69,1441.2,49.73,46,483.7,2.271,161.12,No Failure,0
H,302.11,314.53,1322.9,49.21,199,1794.4,3.751,150.62,No Failure,0
L,295.44,303.75,1514.1,52.75,67,344.4,2.558,122.62,No Failure,0
H,299.27,309.87,1531.4,44.16,64,696.4,2.129,163.89,No Failure,0
M,301.47,308.89,1656.7,23.51,146,1546.7,2.372,155.47,No Failure,0
M,297.72,308.67,1454.9,41.64,155,806.4,3.033,131.19,No Failure,0
L,300.85,311.4,1404.3,40.34,124,1665.2,2.639,161.03,No Failure,0
L,300.75,310.21,1389.5,52.29,30,501.5,2.327,139.66,No Failure,0
H,297.09,304.42,1304.5,50.58,104,1524.3,3.099,160.63,Heat Dissipation Failure,1
M,300.17,310.16,1623.5,46.13,104,864.2,2.189,133.77,No Failure,0
M,298.77,308.99,1694.6,19.27,130,1113.5,2.261,157.07,Power Failure,1
L,300.83,310.77,1487.7,31.75,226,448.7,3.826,152.96,No Failure,0
L,301.34,310.72,1670.1,36.36,89,801.8,2.474,138.0,No Failure,0
L,300.8,309.9,1523.2,36.59,4,596.8,1.523,150.66,No Failure,0
M,300.15,310.09,1612.5,41.67,25,592.1,1.826,168.64,No Failure,0
L,300.58,309.78,1504.7,54.8,38,919.6,2.392,173.3,No Failure,0
M,297.65,308.46,1476.9,47.79,217,568.8,4.059,146.48,No Failure,0
L,299.94,309.86,1459.3,30.81,159,301.0,2.628,162.36,No Failure,0
L,298.41,306.68,1514.0,31.71,73,130.5,1.641,131.26,No Failure,0
M,302.06,312.24,1896.5,30.81,198,432.6,3.384,166.09,No Failure,0
M,301.37,311.78,1459.7,38.83,244,1001.7,4.249,162.31,No Failure,0
H,301.36,312.98,1412.4,48.06,109,971.1,2.731,170.18,No Failure,0
L,303.43,314.36,1380.4,49.64,196,1223.8,4.419,143.86,No Failure,0
M,299.34,308.44,1445.5,36.24,190,249.5,3.685,143.78,No Failure,0
L,298.9,310.33,1565.8,39.7,66,537.3,2.126,164.13,No Failure,0
H,299.29,307.91,1245.6,56.74,243,248.7,3.858,154.17,Overstrain Failure,1
M,296.8,306.82,1544.0,25.15,234,491.5,3.875,150.29,No Failure,0
L,296.95,307.71,1476.7,46.38,173,559.6,3.218,159.92,No Failure,0
H,301.24,312.7,1435.0,45.3,242,1162.0,3.966,158.32,No Failure,0
L,297.21,309.1,1538.4,37.03,110,957.2,2.422,150.67,No Failure,0
L,297.85,309.12,1498.7,39.82,175,563.5,2.976,161.71,No Failure,0
L,299.8,309.66,1360.9,44.2,157,153.1,3.106,155.84,No Failure,0
L,299.18,309.76,1655.4,37.05,149,365.1,2.879,150.04,No Failure,0
H,301.77,312.0,1653.9,33.62,76,547.2,1.988,132.89,No Failure,0
M,300.12,309.41,1471.0,32.87,88,1957.9,2.155,145.12,No Failure,0
M,298.4,308.29,1393.9,58.62,23,886.3,2.745,153.52,No Failure,0
H,301.94,313.74,1491.1,35.6,124,330.1,2.974,132.54,No Failure,0
M,301.46,312.1,1581.4,42.01,36,297.4,1.961,134.3,No Failure,0
L,297.18,309.24,1514.5,47.85,125,627.7,2.497,132.93,No Failure,0
L,300.5,309.42,1630.0,37.89,109,411.4,2.811,149.22,No Failure,0
L,298.57,308.19,1411.9,40.36,33,321.1,2.487,149.05,No Failure,0
H,298.52,308.93,1337.8,45.03,70,411.8,2.92,134.12,No Failure,0
H,303.74,314.48,1400.6,31.52,221,547.2,3.6,138.1,No Failure,0
M,300.25,310.13,1863.7,24.64,11,1399.7,1.507,164.17,No Failure,0
L,299.56,310.37,1640.0,32.69,52,1173.4,1.642,156.93,No Failure,0
L,300.17,310.96,1473.8,57.28,94,994.6,2.965,156.56,No Failure,0
H,301.75,310.36,1417.0,34.25,183,1214.2,3.521,134.16,No Failure,0
L,298.6,309.35,1546.7,41.31,213,975.8,3.908,155.66,No Failure,0
M,298.94,310.01,1451.1,26.74,193,1350.9,3.618,144.71,No Failure,0
L,301.31,311.61,1433.6,53.42,20,340.8,2.266,132.22,No Failure,0
L,296.97,305.13,1525.9,36.99,92,225.4,1.97,134.76,No Failure,0
M,301.98,311.7,1509.5,35.45,225,774.5,3.644,162.26,No Failure,0
H,296.79,307.23,1461.9,38.67,183,1115.2,3.702,129.24,No Failure,0
M,299.51,308.64,1404.8,65.13,39,695.1,2.003,180.99,Power Failure,1
L,296.8,307.72,1417.6,44.42,100,358.8,2.709,126.97,No Failure,0
L,297.89,308.62,1634.3,38.43,114,1002.3,2.581,162.64,No Failure,0
H,302.6,312.73,1726.4,11.17,53,782.0,1.182,153.35,Power Failure,1
M,302.09,312.11,1425.4,53.53,222,454.1,4.373,159.05,No Failure,0
L,302.3,312.5,1605.1,33.05,185,466.7,3.076,157.8,No Failure,0
M,297.1,307.1,1609.6,31.47,19,116.0,2.255,162.38,No Failure,0
L,297.9,306.61,1581.6,32.37,56,218.7,1.943,149.08,No Failure,0
L,300.68,310.25,1576.5,54.65,146,201.0,3.675,154.19,Power Failure,1
H,301.43,311.5,1605.0,39.58,180,174.2,3.895,153.93,No Failure,0
M,298.4,309.82,1391.7,24.78,187,1081.1,3.264,156.67,No Failure,0
L,298.84,309.53,1497.6,37.96,235,79.5,3.934,151.95,No Failure,0
L,297.74,309.21,1700.3,31.68,144,62.1,3.104,163.04,No Failure,0
H,303.32,311.91,1398.1,43.6,47,2413.6,2.639,135.11,No Failure,0
M,299.05,308.69,1531.3,36.14,10,502.4,1.72,157.97,No Failure,0
M,300.06,312.14,1632.7,24.31,16,246.8,1.236,144.37,No Failure,0
L,300.17,309.42,1649.9,39.18,136,329.4,2.511,150.74,No Failure,0
H,302.21,311.45,1410.3,39.43,158,1129.8,3.272,177.04,No Failure,0
H,298.1,307.82,1519.0,27.47,36,519.4,1.407,165.66,No Failure,0
M,302.34,314.35,1702.3,20.4,99,160.0,2.476,130.07,No Failure,0
L,297.44,306.77,1508.4,42.83,101,43.7,3.045,145.01,No Failure,0
M,302.33,312.89,1569.4,37.19,85,562.4,2.569,141.32,No Failure,0
H,296.57,306.96,1546.2,37.85,56,315.8,2.1,157.89,No Failure,0
M,299.79,307.86,1429.7,47.46,76,564.2,2.694,164.38,No Failure,0
H,303.25,313.24,1705.5,20.61,189,1149.9,3.111,137.92,No Failure,0
M,301.39,310.84,1513.7,40.6,170,818.7,3.234,147.22,No Failure,0
L,300.84,311.52,1424.6,46.63,201,1497.0,3.611,151.51,Tool Wear Failure,1
L,297.9,309.64,1508.9,38.17,223,161.6,3.828,142.74,Tool Wear Failure,1
H,298.53,308.19,1564.7,25.84,51,528.4,1.832,151.43,No Failure,0
L,302.69,312.34,1489.2,33.39,92,2014.2,2.761,159.43,No Failure,0
L,300.94,313.46,1586.3,35.49,160,134.5,3.282,156.03,No Failure,0
M,301.78,311.07,1508.7,24.21,139,351.7,2.277,143.7,No Failure,0
L,300.15,308.8,1532.3,43.71,201,612.1,3.835,168.65,No Failure,0
H,299.44,310.81,1476.0,40.03,233,43.3,3.96,123.49,No Failure,0
L,301.53,311.48,1542.1,33.57,108,1302.3,2.638,124.25,No Failure,0
L,300.52,310.8,1405.2,49.86,159,2197.6,3.314,144.43,No Failure,0
L,299.66,311.89,1587.0,34.78,229,511.7,3.798,153.95,No Failure,0
M,297.17,305.77,1514.8,54.8,133,751.8,3.721,137.27,No Failure,0
M,301.91,311.71,1683.8,37.31,54,523.7,1.978,179.06,No Failure,0
L,300.88,309.64,1670.6,30.45,200,1046.5,3.219,151.88,Tool Wear Failure,1
L,298.79,309.12,1581.0,30.76,31,722.4,1.516,148.04,No Failure,0
L,302.36,311.81,1564.7,40.91,172,2025.3,3.019,162.03,No Failure,0
M,300.49,309.31,1403.7,29.3,38,635.1,1.948,131.45,No Failure,0
H,300.53,311.26,1543.2,41.44,66,1195.7,2.643,167.22,No Failure,0
M,301.77,311.78,1567.1,35.99,228,669.2,3.623,135.64,No Failure,0
L,301.34,310.09,1394.9,35.77,54,220.6,2.215,134.68,No Failure,0
M,300.59,309.4,1451.0,39.58,155,1261.6,3.454,151.5,No Failure,0
L,299.62,309.83,1444.6,50.05,124,178.4,3.11,143.45,Random Failure,1
L,303.97,312.3,1577.8,34.57,29,981.2,1.788,159.18,No Failure,0
L,298.53,308.76,1571.4,41.84,151,608.7,2.95,145.18,No Failure,0
L,301.49,312.83,1614.7,44.44,97,596.3,2.846,160.67,No Failure,0
L,299.83,310.5,1583.4,27.9,239,1203.5,3.677,157.6,No Failure,0
M,300.91,310.29,1355.8,45.23,76,1417.5,2.645,154.37,No Failure,0
L,302.47,312.74,1508.7,48.15,149,984.9,3.1,150.23,No Failure,0
M,299.38,308.13,1538.6,49.66,219,1634.1,4.081,145.2,No Failure,0
H,301.2,311.34,1702.8,28.91,118,496.6,2.885,147.59,No Failure,0
M,300.53,310.2,1625.5,29.61,88,517.0,2.417,150.52,No Failure,0
L,298.72,307.68,1684.3,39.46,97,135.9,2.368,159.87,No Failure,0
M,302.52,313.14,1484.2,38.89,21,518.9,1.459,151.97,No Failure,0
L,301.42,309.44,1642.4,40.19,188,432.2,3.505,142.39,No Failure,0
L,299.13,307.95,1424.1,36.43,2,632.0,1.965,158.96,No Failure,0
L,302.21,311.14,1281.2,41.86,196,716.6,3.835,144.35,No Failure,0
H,298.34,307.83,1598.4,14.46,142,690.9,3.103,167.48,Power Failure,1
H,299.94,311.24,1395.6,46.58,1,417.3,2.564,156.38,No Failure,0
H,299.14,309.9,1382.3,54.72,37,681.0,2.234,166.69,No Failure,0
M,301.5,311.61,1460.3,34.47,22,701.2,1.9,149.8,No Failure,0
M,299.04,309.1,1495.3,42.02,248,1270.8,4.119,157.84,No Failure,0
H,301.52,311.51,1423.8,56.81,19,190.8,1.963,149.56,No Failure,0
H,301.19,312.56,1529.1,40.33,226,468.8,3.999,142.9,No Failure,0
L,299.25,307.43,1463.2,43.05,5,329.3,1.788,158.46,No Failure,0
H,303.66,314.43,1460.9,58.42,129,1309.5,3.244,143.1,No Failure,0
H,298.51,308.0,1265.0,60.36,142,111.7,3.322,142.94,No Failure,0
M,297.18,307.68,1563.2,29.39,174,1387.4,3.169,129.44,No Failure,0
L,301.71,312.22,1483.4,35.89,113,264.1,2.538,166.09,No Failure,0
L,295.7,306.43,1487.3,48.94,49,1432.9,2.228,145.55,No Failure,0
M,302.98,314.57,1421.9,44.97,67,341.7,2.039,145.1,No Failure,0
L,300.2,308.83,1479.5,47.06,5,972.4,1.548,143.23,No Failure,0
L,297.15,308.15,1783.2,13.78,209,320.4,3.005,145.31,Power Failure,1
M,298.1,308.04,1610.7,20.46,6,788.5,1.33,141.57,Power Failure,1
H,296.73,306.27,1213.4,57.84,154,755.6,3.521,136.54,No Failure,0
H,300.77,312.8,1417.8,47.74,141,373.3,2.988,157.32,No Failure,0
M,297.35,308.05,1400.1,43.54,74,610.8,2.261,142.44,No Failure,0
L,301.0,310.59,1541.6,27.58,42,429.3,1.834,161.87,No Failure,0
L,299.39,310.35,1310.8,35.85,147,300.8,2.844,151.21,No Failure,0
M,299.05,309.0,1308.6,45.7,178,2956.5,3.208,125.13,No Failure,0
L,301.02,310.59,1682.6,26.17,118,42.4,2.708,157.3,No Failure,0
M,301.25,310.64,1472.1,32.95,175,832.1,2.8,150.15,No Failure,0
H,302.29,312.6,1574.0,43.75,153,471.6,2.893,151.03,No Failure,0
M,298.73,308.12,1388.4,45.9,240,459.1,4.454,158.21,Tool Wear Failure,1
M,299.94,310.1,1585.6,34.77,69,490.0,1.838,140.12,No Failure,0
M,298.73,309.62,1398.6,49.82,192,729.7,4.165,165.28,No Failure,0
H,300.33,310.44,1482.5,49.5,95,2167.9,2.393,145.47,No Failure,0
L,298.44,310.42,1620.6,22.07,140,821.0,2.352,169.94,No Failure,0
L,299.15,309.17,1388.2,56.38,121,416.2,2.822,135.7,No Failure,0
L,299.16,310.51,1517.5,51.66,86,430.9,2.3,137.59,No Failure,0
M,300.59,311.56,1525.9,42.07,171,146.4,3.771,152.26,No Failure,0
L,300.01,311.53,1449.0,38.63,239,348.0,4.323,154.43,No Failure,0
M,301.01,312.98,1268.3,47.89,109,828.0,2.431,149.05,No Failure,0
M,299.79,308.02,1447.5,45.34,46,976.0,2.639,151.81,No Failure,0
L,298.84,309.11,1560.5,37.28,111,2558.3,2.289,161.17,No Failure,0
M,300.38,310.27,1385.4,56.06,49,886.4,3.301,146.66,No Failure,0
L,298.17,308.28,1589.4,18.95,129,465.9,2.426,137.08,Power Failure,1
L,301.14,310.74,1566.8,33.35,157,664.4,2.858,166.67,No Failure,0
L,299.43,308.89,1523.6,44.48,117,1339.2,3.01,163.93,No Failure,0
L,300.41,309.31,1629.6,39.48,246,1109.4,3.786,162.2,No Failure,0
H,300.44,310.54,1423.7,47.0,61,476.0,1.927,135.34,No Failure,0
H,303.2,314.14,1832.7,26.05,20,475.3,1.391,139.68,No Failure,0
M,300.76,310.27,1651.1,37.46,174,1468.0,3.314,156.2,No Failure,0
M,300.15,309.82,1423.1,51.5,247,529.5,3.652,171.49,Overstrain Failure,1
M,298.62,307.92,1643.0,25.06,12,337.3,1.153,167.81,No Failure,0
H,301.6,310.61,1644.2,37.6,98,997.9,3.118,148.02,No Failure,0
M,299.46,309.22,1455.8,34.69,140,1282.0,2.892,140.11,No Failure,0
L,296.95,307.29,1398.7,43.63,159,367.9,2.544,137.17,Random Failure,1
M,299.61,310.87,1352.6,43.93,218,1360.9,3.86,146.5,No Failure,0
H,300.38,309.19,1469.3,40.97,171,1881.1,3.437,183.07,No Failure,0
L,298.36,308.33,1445.8,37.1,226,1079.3,3.797,137.58,No Failure,0
L,299.76,310.94,1463.0,40.63,139,116.7,3.239,150.08,No Failure,0
L,299.86,308.68,1510.1,38.35,53,619.2,2.011,140.49,No Failure,0
L,299.89,311.16,1378.5,39.68,229,1612.2,4.189,153.36,No Failure,0
M,302.47,312.03,1506.4,54.57,95,1305.3,2.838,128.04,No Failure,0
L,297.38,308.09,1703.5,27.98,80,22.6,2.195,135.96,No Failure,0
H,304.07,313.85,1431.3,43.42,170,801.9,3.473,138.15,No Failure,0
M,299.93,310.39,1708.7,30.58,183,863.5,3.451,135.41,No Failure,0
L,301.16,312.77,1378.6,59.55,174,1302.9,3.838,139.59,No Failure,0
H,300.26,310.13,1591.8,40.89,135,309.5,2.745,150.0,No Failure,0
M,296.55,307.54,1479.3,27.32,174,1012.4,3.567,166.59,No Failure,0
M,297.89,308.16,1488.3,37.68,191,1171.2,3.229,147.11,No Failure,0
L,298.95,308.17,1673.3,25.41,52,570.1,1.568,140.39,No Failure,0
H,301.99,311.84,1535.9,33.67,216,548.5,3.05,155.75,No Failure,0
L,297.23,307.02,1434.9,46.16,137,1535.0,3.017,161.96,No Failure,0
L,298.29,306.88,1381.1,53.61,97,557.2,2.693,135.6,No Failure,0
L,300.33,310.79,1447.2,50.81,89,413.3,2.727,140.0,No Failure,0
L,300.95,311.6,1518.4,38.95,2,196.1,1.35,141.16,No Failure,0
M,300.89,311.7,1594.6,45.7,118,779.1,3.389,146.35,No Failure,0
L,298.03,309.46,1346.3,48.09,196,499.4,3.546,147.4,No Failure,0
M,296.8,307.76,1328.5,62.5,234,509.0,4.214,151.56,Overstrain Failure,1
L,301.08,310.48,1611.7,33.96,33,711.7,1.788,145.61,No Failure,0
H,302.87,312.48,1267.3,55.09,177,1406.6,3.784,156.58,No Failure,0
L,299.31,310.15,1556.4,29.08,70,1264.2,2.444,146.11,No Failure,0
H,297.71,308.1,1421.3,51.8,26,1122.9,2.254,130.81,No Failure,0
H,299.14,309.12,1684.9,33.79,143,432.9,3.058,156.47,No Failure,0
L,300.79,309.91,1567.0,33.16,9,959.7,1.589,139.5,No Failure,0
M,299.53,309.0,1591.0,37.15,46,157.2,1.757,144.34,No Failure,0
L,302.81,313.4,1636.2,32.24,63,813.1,1.89,159.12,No Failure,0
H,301.85,309.9,1217.9,44.26,213,387.8,3.15,154.49,Heat Dissipation Failure,1
M,300.37,308.03,1409.1,52.27,39,760.6,2.141,143.33,No Failure,0
L,296.09,306.78,1629.7,18.88,70,495.7,2.07,163.79,Power Failure,1
L,298.62,308.08,1649.3,38.25,242,654.3,3.907,162.94,No Failure,0
L,298.9,309.37,1649.8,29.13,82,85.0,2.332,134.03,No Failure,0
H,298.51,310.08,1506.3,49.05,70,2759.4,3.051,115.14,No Failure,0
M,300.38,309.37,1433.1,54.2,180,769.7,3.716,149.46,No Failure,0
L,300.42,308.75,1523.4,38.25,11,1387.2,1.847,147.65,No Failure,0
L,296.65,306.38,1631.5,32.97,28,886.7,1.774,160.12,No Failure,0
L,301.61,310.92,1627.3,23.85,95,83.8,1.982,166.87,No Failure,0
M,300.03,310.01,1459.7,59.49,164,795.1,3.566,168.64,Power Failure,1
L,300.72,311.25,1298.3,53.19,4,118.3,1.577,174.12,No Failure,0
L,301.49,311.82,1751.7,20.21,6,424.3,1.519,137.01,No Failure,0
H,298.47,308.51,1414.9,46.55,10,663.8,2.11,167.54,No Failure,0
L,302.52,313.58,1650.1,28.88,172,529.7,3.07,129.99,No Failure,0
M,299.72,310.39,1399.2,34.91,180,200.0,3.829,118.61,No Failure,0
L,303.03,312.84,1624.2,27.52,99,200.1,2.272,134.53,No Failure,0
L,298.21,308.85,1646.5,19.99,30,1234.2,1.762,151.0,Power Failure,1
M,302.88,311.33,1499.6,39.54,190,1410.4,3.417,154.82,No Failure,0
L,298.19,309.26,1189.3,58.95,178,1010.0,3.893,144.95,No Failure,0
L,305.1,315.12,1577.0,30.74,12,1484.2,1.117,148.78,No Failure,0
H,298.1,306.9,1440.4,48.91,182,2757.5,3.45,151.91,No Failure,0
H,302.11,311.7,1255.8,50.48,227,825.3,4.1,149.66,No Failure,0
M,299.28,310.31,1338.7,47.22,166,1260.5,3.659,136.71,No Failure,0
L,301.43,310.66,1354.5,59.96,86,600.4,2.873,151.51,No Failure,0
L,299.92,310.33,1460.2,49.55,55,306.2,2.751,167.74,No Failure,0
L,297.82,308.7,1351.1,58.05,97,130.7,2.822,147.72,No Failure,0
H,294.41,304.43,1595.8,28.53,84,1867.6,1.933,133.8,No Failure,0
H,305.02,314.15,1442.8,47.45,42,326.5,2.73,170.89,No Failure,0
M,300.15,310.08,1330.1,55.11,237,20.9,3.817,150.9,Overstrain Failure,1
H,294.11,302.7,1545.7,32.28,32,417.5,1.545,146.9,No Failure,0
L,300.61,310.12,1652.8,5.14,70,638.1,1.6,169.19,Power Failure,1
M,301.38,310.27,1548.8,27.33,13,2740.0,1.388,140.16,No Failure,0
L,298.57,308.52,1554.2,32.75,146,809.2,2.953,153.64,No Failure,0
L,298.58,307.31,1566.3,45.61,26,489.8,2.002,129.1,No Failure,0
H,299.96,310.04,1534.4,34.34,187,1291.8,4.016,141.11,No Failure,0
H,302.41,313.54,1685.3,40.03,138,666.4,2.909,132.38,No Failure,0
L,300.2,311.4,1722.0,33.96,125,587.9,2.837,147.92,No Failure,0
L,302.93,311.68,1516.6,38.71,182,1005.3,3.41,156.21,No Failure,0
M,302.26,311.6,1468.1,39.34,228,522.1,3.138,147.79,No Failure,0
L,299.54,310.4,1754.5,33.68,25,1967.3,1.363,156.54,No Failure,0
M,296.86,307.56,1501.4,48.21,168,1887.1,2.78,149.92,No Failure,0
M,299.55,308.93,1429.1,53.8,32,1356.9,1.86,137.77,No Failure,0
L,301.05,310.57,1527.0,28.51,24,353.4,1.55,161.36,No Failure,0
L,300.12,310.2,1444.1,42.17,22,566.1,2.113,157.78,No Failure,0
L,301.27,309.44,1524.3,25.7,65,1168.0,2.358,158.07,No Failure,0
H,301.73,312.25,1774.1,22.47,122,556.3,3.215,142.52,No Failure,0
L,301.06,312.14,1462.2,50.37,50,511.3,2.324,130.76,No Failure,0
M,299.45,309.06,1311.5,60.07,55,851.3,2.551,150.41,No Failure,0
L,301.04,309.62,1483.8,36.72,238,331.8,3.47,161.21,No Failure,0
M,304.47,315.88,1264.1,58.33,36,611.9,2.016,144.65,No Failure,0
L,297.02,307.24,1545.6,33.52,21,441.4,1.913,142.01,No Failure,0
L,300.97,311.68,1534.1,37.66,105,241.1,3.173,153.91,No Failure,0
M,303.66,312.34,1168.0,56.68,170,936.5,4.042,129.41,No Failure,0
M,297.65,306.33,1486.2,30.87,148,275.0,2.703,126.89,No Failure,0
L,302.0,312.42,1365.8,49.17,161,183.0,3.037,158.82,No Failure,0
L,302.27,313.3,1625.6,36.52,44,139.7,1.415,151.72,No Failure,0
H,297.05,305.92,1507.8,32.79,100,967.4,2.421,154.98,No Failure,0
L,301.42,311.32,1379.2,34.91,194,262.4,4.014,151.43,No Failure,0
L,299.46,307.87,1574.4,18.32,85,329.5,1.852,132.54,Power Failure,1
L,299.88,309.18,1554.3,52.61,149,1314.7,3.141,141.24,No Failure,0
L,299.35,309.09,1448.3,42.26,33,117.2,1.888,145.9,No Failure,0
M,302.63,313.11,1418.4,38.52,190,506.3,3.376,156.0,No Failure,0
M,299.78,307.67,1404.8,33.07,244,355.3,3.914,144.08,No Failure,0
M,299.07,310.39,1477.3,43.12,82,1220.3,1.715,155.52,No Failure,0
M,299.11,308.94,1441.0,48.83,21,471.8,1.679,140.25,No Failure,0
L,299.32,310.61,1561.7,37.25,98,335.3,2.396,167.8,No Failure,0
M,297.84,308.54,1668.3,49.64,214,546.9,4.002,151.55,No Failure,0
L,299.06,309.91,1366.7,42.75,245,683.0,3.922,154.63,No Failure,0
L,300.24,312.26,1474.2,39.07,134,147.2,2.973,155.88,No Failure,0
M,300.81,310.03,1453.3,49.12,151,345.3,3.093,119.85,No Failure,0
L,302.41,312.54,1501.3,34.92,164,1232.8,3.379,154.33,No Failure,0
L,300.48,309.49,1414.2,27.48,37,495.2,1.805,148.69,No Failure,0
L,299.05,308.95,1550.3,39.47,49,1397.5,2.125,146.09,No Failure,0
M,297.98,308.7,1440.4,40.35,178,1837.8,3.62,154.26,No Failure,0
L,300.59,311.72,1422.0,37.78,110,1419.1,2.82,144.25,No Failure,0
M,299.77,309.38,1324.4,51.9,185,1510.4,3.508,165.53,No Failure,0
M,299.83,308.63,1599.6,45.0,98,676.5,2.429,171.5,No Failure,0
M,300.53,310.6,1626.1,38.85,241,268.3,4.383,151.85,No Failure,0
L,301.04,310.19,1402.2,39.94,192,1303.1,4.096,159.18,No Failure,0
H,300.54,309.96,1337.7,40.81,136,1612.3,3.322,145.64,No Failure,0
L,299.66,310.33,1538.8,45.26,204,893.8,4.083,136.44,Tool Wear Failure,1
H,298.4,308.88,1681.0,40.53,147,430.4,2.769,154.67,No Failure,0
M,298.77,309.61,1722.3,38.46,58,431.4,2.097,136.81,No Failure,0
L,301.7,311.36,1479.3,26.66,76,1554.9,2.002,141.62,No Failure,0
M,299.15,310.16,1679.0,32.9,45,219.6,1.807,149.68,No Failure,0
M,297.31,307.32,1477.4,42.77,139,83.1,2.801,148.51,No Failure,0
L,302.32,312.03,1311.3,41.88,162,947.6,3.358,149.34,No Failure,0
L,298.12,307.02,1541.5,25.15,9,628.3,1.497,163.08,No Failure,0
M,300.07,307.98,1474.2,34.38,110,1256.6,2.312,161.8,No Failure,0
M,300.98,309.42,1617.2,30.7,205,724.0,3.24,161.6,No Failure,0
H,300.01,310.22,1267.8,53.65,191,962.5,3.841,152.17,No Failure,0
L,295.04,304.14,1564.9,42.51,173,1276.0,3.369,134.69,No Failure,0
M,300.78,309.14,1508.4,44.3,73,1166.0,2.234,146.1,No Failure,0
M,302.65,312.23,1597.1,39.33,170,775.6,3.224,142.25,No Failure,0
M,301.57,311.85,1490.7,33.74,59,1967.4,1.669,151.46,No Failure,0
L,295.75,306.17,1571.3,35.55,170,1656.4,3.409,163.41,No Failure,0
L,304.25,314.23,1367.4,44.93,204,1453.1,3.619,154.1,No Failure,0
M,297.35,307.29,1581.7,37.4,54,595.7,1.958,148.23,No Failure,0
L,297.84,307.3,1438.4,45.03,184,539.2,3.683,158.46,No Failure,0
L,301.56,312.2,1476.0,41.43,11,217.0,2.052,149.11,No Failure,0
M,300.91,310.73,1473.4,42.96,161,984.7,3.27,147.9,No Failure,0
L,300.16,310.08,1315.6,43.47,131,640.9,2.791,158.4,No Failure,0
L,298.86,309.9,1649.2,34.74,238,2006.2,3.995,155.45,No Failure,0
L,302.66,313.45,1532.3,36.89,135,1787.9,2.905,142.07,No Failure,0
M,299.92,309.74,1534.7,49.09,8,281.3,1.955,132.9,No Failure,0
H,296.87,306.54,1454.7,58.26,213,145.5,4.338,152.06,No Failure,0
L,302.46,312.13,1353.4,49.18,66,347.4,2.39,145.91,No Failure,0
L,300.44,308.42,1698.8,12.11,169,2107.1,3.039,144.69,Power Failure,1
H,302.23,313.33,1421.1,32.42,194,2749.1,3.215,143.68,No Failure,0
L,301.15,310.46,1601.2,41.15,82,1162.3,2.237,148.65,No Failure,0
H,304.78,315.64,1617.1,29.02,10,1234.4,1.749,150.45,No Failure,0
M,299.38,309.42,1609.7,28.55,129,212.9,2.793,143.33,No Failure,0
L,300.03,311.42,1508.7,35.81,100,722.1,2.468,140.06,No Failure,0
L,301.44,311.97,1385.1,43.45,132,2094.4,2.984,129.32,No Failure,0
L,299.39,310.3,1566.0,46.18,225,376.3,3.884,150.37,Tool Wear Failure,1
M,301.61,311.01,1709.9,36.33,175,1080.5,3.216,158.82,No Failure,0
L,294.11,302.82,1654.5,35.56,56,1234.2,1.702,151.58,No Failure,0
H,299.85,310.0,1552.4,31.56,188,353.8,3.079,132.74,No Failure,0
M,299.79,307.88,1494.5,45.07,72,1002.8,2.375,139.67,No Failure,0
H,299.72,309.25,1561.1,44.4,154,122.1,2.757,137.34,No Failure,0
H,298.25,307.06,1435.9,49.07,63,495.3,1.764,139.11,No Failure,0
L,301.81,310.97,1664.6,41.3,213,552.2,3.272,141.1,No Failure,0
M,298.99,309.59,1717.3,26.89,121,546.9,2.901,142.06,No Failure,0
H,300.4,310.93,1778.6,36.51,79,550.2,2.895,177.38,No Failure,0
L,299.93,309.76,1448.9,48.57,246,1602.7,4.314,143.24,Overstrain Failure,1
L,301.0,311.32,1421.5,22.65,204,462.8,3.24,126.31,Power Failure,1
L,302.86,312.32,1513.3,39.15,47,3639.7,2.397,162.02,No Failure,0
L,300.39,312.82,1443.0,42.85,8,522.4,1.408,151.33,No Failure,0
H,301.68,311.98,1355.3,60.04,214,220.6,4.232,160.1,No Failure,0
L,300.29,309.7,1708.6,33.99,208,411.2,3.653,148.96,No Failure,0
M,298.99,309.86,1461.0,38.78,64,1358.7,2.139,165.94,No Failure,0
H,299.72,310.96,1290.1,56.88,77,736.6,2.15,151.87,No Failure,0
L,299.43,308.66,1488.9,34.12,167,860.9,3.485,161.44,No Failure,0
M,301.14,309.72,1607.9,50.75,173,488.9,3.373,161.01,No Failure,0
L,300.21,308.99,1427.1,43.93,114,185.4,2.607,145.47,No Failure,0
L,298.41,307.74,1541.0,37.79,177,71.7,2.872,152.31,No Failure,0
L,299.56,309.5,1630.1,44.52,75,365.8,2.617,163.93,No Failure,0
L,296.95,305.32,1571.5,38.52,94,567.4,2.621,155.9,No Failure,0
L,299.63,309.21,1168.0,62.58,120,534.4,3.414,162.12,No Failure,0
L,300.0,309.79,1621.8,19.34,57,443.6,1.619,179.03,Power Failure,1
L,303.62,313.94,1463.8,37.18,201,630.9,3.462,144.07,No Failure,0
L,302.7,313.31,1363.4,37.47,188,1313.7,3.219,146.09,No Failure,0
M,297.93,308.33,1467.9,38.66,129,435.5,2.934,131.34,No Failure,0
L,300.4,312.2,1168.6,50.8,76,1046.2,2.571,137.3,No Failure,0
H,300.44,311.53,1565.0,35.53,125,607.7,2.664,141.39,No Failure,0
H,299.54,309.76,1461.3,44.92,80,2271.1,2.126,154.1,No Failure,0
M,299.67,308.7,1417.7,42.31,58,921.8,2.129,147.11,No Failure,0
M,299.29,308.62,1270.1,48.38,161,217.4,2.932,143.12,No Failure,0
M,303.75,312.32,1636.5,38.63,49,487.1,1.872,147.66,No Failure,0
M,299.17,309.32,1423.1,43.22,172,740.5,3.136,143.03,No Failure,0
H,300.68,311.01,1608.7,38.77,168,1056.2,3.183,146.4,Random Failure,1
H,294.94,305.83,1567.6,30.14,1,758.2,1.491,132.26,No Failure,0
L,301.65,311.91,1503.4,55.99,45,253.9,2.32,166.42,No Failure,0
M,302.37,313.42,1613.6,32.38,125,469.1,2.516,146.99,No Failure,0
H,297.9,308.97,1548.3,35.22,6,735.2,1.483,142.79,No Failure,0
L,298.98,307.95,1493.0,31.43,205,1201.2,3.523,146.94,No Failure,0
M,300.9,310.38,1584.8,44.02,142,2085.4,3.227,139.38,No Failure,0
M,300.04,310.03,1519.8,35.22,100,1094.8,2.907,163.34,No Failure,0
M,300.93,310.23,1305.4,55.15,103,1295.0,3.646,132.85,No Failure,0
L,299.43,309.18,1443.1,45.34,87,341.6,3.012,151.14,No Failure,0
L,303.73,314.03,1518.0,37.23,165,1308.6,3.192,169.31,No Failure,0
L,298.66,308.54,1651.5,30.9,155,1162.1,2.688,140.6,No Failure,0
M,305.38,315.38,1339.5,38.89,13,778.0,1.597,124.47,No Failure,0
H,302.48,311.54,1672.9,45.2,48,1577.7,2.244,148.34,No Failure,0
H,301.66,312.17,1545.4,39.54,206,782.4,3.524,147.61,No Failure,0
L,297.92,308.35,1509.8,38.6,231,734.7,3.783,148.29,Tool Wear Failure,1
L,301.82,311.06,1621.6,29.8,211,669.4,3.699,142.31,No Failure,0
M,301.21,309.91,1182.7,62.43,58,1281.0,2.568,152.94,No Failure,0
M,295.76,306.99,1527.3,37.99,212,413.4,3.775,159.96,No Failure,0
M,297.19,308.94,1668.5,26.25,173,834.0,2.987,142.9,No Failure,0
L,300.72,310.95,1559.5,29.25,52,1487.1,1.302,152.46,No Failure,0
L,299.73,309.37,1574.7,36.56,169,256.0,2.618,141.28,No Failure,0
M,298.97,310.01,1415.8,59.45,192,584.4,4.022,175.16,No Failure,0
M,302.16,312.63,1448.1,38.3,178,415.8,3.319,162.56,No Failure,0
L,298.23,308.02,1642.4,36.25,238,514.3,3.947,172.91,No Failure,0
H,299.09,310.06,1427.0,48.45,209,292.0,3.942,160.55,No Failure,0
M,298.71,307.9,1598.2,49.18,177,260.0,3.618,134.44,No Failure,0
H,301.02,310.33,1565.1,46.59,130,425.2,3.016,141.05,No Failure,0
L,296.56,306.92,1520.6,42.0,152,194.9,3.543,158.07,No Failure,0
L,299.0,309.12,1515.3,28.96,225,475.0,3.693,146.13,No Failure,0
H,296.55,307.19,1550.0,32.49,100,1824.6,2.521,158.08,No Failure,0
H,299.37,310.57,1718.0,24.09,152,88.4,2.647,147.65,No Failure,0
H,301.45,309.89,1467.6,37.76,88,843.4,2.088,159.64,No Failure,0
H,301.48,311.52,1573.0,35.75,240,264.5,4.566,173.55,No Failure,0
L,298.54,310.45,1591.5,34.72,223,459.1,3.97,134.07,No Failure,0
L,301.07,310.47,1467.5,42.79,22,303.5,1.95,130.6,No Failure,0
L,299.63,308.91,1478.6,33.43,39,225.0,1.788,146.69,No Failure,0
H,302.72,310.48,1671.0,36.6,210,579.0,3.818,149.31,Tool Wear Failure,1
L,299.74,309.84,1581.7,35.14,153,318.3,2.88,143.62,No Failure,0
M,294.05,304.63,1475.4,39.68,156,1151.3,3.364,154.58,No Failure,0
H,301.79,312.37,1399.7,43.65,41,402.0,2.531,145.93,No Failure,0
H,299.08,308.04,1688.4,26.55,221,2903.4,3.517,140.34,No Failure,0
H,299.45,309.44,1457.5,44.53,191,500.2,4.065,153.2,No Failure,0
M,300.67,310.89,1566.8,42.64,87,899.6,2.443,159.45,No Failure,0
L,297.15,307.2,1383.5,44.19,220,1297.0,3.349,152.55,No Failure,0
H,300.15,309.05,1516.6,41.33,163,555.6,3.503,172.82,No Failure,0
L,301.07,311.15,1427.9,43.62,216,1102.7,3.802,145.94,No Failure,0
L,300.73,309.91,1690.0,35.84,128,385.3,3.045,139.23,No Failure,0
H,298.8,306.93,1497.7,44.43,100,456.1,2.352,153.18,No Failure,0
M,301.98,312.67,1318.8,51.45,190,920.1,3.583,128.81,No Failure,0
M,298.01,308.15,1623.8,35.05,16,627.9,2.064,173.72,No Failure,0
L,298.75,309.34,1647.9,35.41,164,1457.1,3.237,170.02,No Failure,0
M,299.73,309.19,1419.2,46.31,236,602.1,4.535,165.94,No Failure,0
H,300.59,311.22,1471.4,34.46,223,2326.2,3.531,122.28,Tool Wear Failure,1
M,299.35,310.37,1359.3,32.81,75,1018.8,2.915,144.96,No Failure,0
L,302.46,314.21,1565.3,44.22,107,1922.2,3.437,149.58,No Failure,0
M,300.59,311.4,1376.7,35.7,55,263.4,2.29,151.03,No Failure,0
H,300.15,310.54,1397.9,52.22,145,464.9,3.34,158.11,No Failure,0
H,300.52,309.14,1382.0,35.34,165,514.2,3.287,162.73,No Failure,0
L,301.47,311.36,1727.6,31.81,212,592.6,3.87,169.52,No Failure,0
M,300.48,309.06,1620.5,39.95,211,665.0,3.785,159.02,No Failure,0
L,296.38,305.56,1492.2,44.35,139,3502.4,2.973,148.33,No Failure,0
L,302.18,314.13,1568.7,43.2,71,1298.3,2.066,149.5,No Failure,0
L,300.24,309.22,1445.0,45.39,106,250.7,2.116,158.75,No Failure,0
M,301.37,309.03,1470.0,34.47,94,1871.9,2.341,135.67,No Failure,0
M,299.19,310.0,1258.3,51.35,116,482.7,2.369,147.97,No Failure,0
L,296.35,305.67,1703.7,23.45,68,626.2,1.903,169.56,No Failure,0
L,295.44,306.21,1471.6,32.19,193,456.3,3.842,157.99,No Failure,0
L,298.11,306.94,1724.3,40.38,167,979.9,3.256,162.77,No Failure,0
L,301.03,310.61,1455.7,33.03,234,224.9,3.518,153.59,No Failure,0
M,302.6,313.79,1615.9,36.9,15,2597.5,1.534,161.93,No Failure,0
L,300.6,309.28,1693.4,30.18,50,372.3,1.659,156.26,No Failure,0
L,297.9,307.73,1396.1,37.92,2,637.6,2.089,172.5,No Failure,0
H,298.43,308.72,1422.5,44.63,62,399.2,2.116,144.96,No Failure,0
L,302.72,312.0,1522.2,34.64,28,164.6,1.237,141.23,No Failure,0
H,297.38,307.62,1883.8,31.21,48,116.0,2.669,129.18,No Failure,0
M,304.2,314.22,1514.8,35.39,141,1234.8,2.861,149.71,No Failure,0
M,303.75,314.29,1309.3,51.04,47,897.5,2.027,161.03,No Failure,0
M,304.27,316.11,1456.6,50.96,144,479.5,3.262,165.08,No Failure,0
L,300.76,313.44,1444.0,35.22,15,884.8,1.583,150.52,No Failure,0
H,299.32,309.78,1453.8,45.08,168,340.6,3.522,166.51,No Failure,0
H,300.71,310.6,1460.5,39.82,199,446.2,3.538,153.67,No Failure,0
L,301.82,312.26,1443.9,52.84,205,301.8,3.264,136.1,No Failure,0
M,298.7,308.47,1434.2,41.92,84,207.5,2.424,160.87,No Failure,0
M,297.8,306.21,1453.5,37.98,81,291.8,2.636,142.99,No Failure,0
H,299.43,309.39,1469.1,56.0,106,280.7,2.819,144.78,No Failure,0
H,298.46,309.54,1599.9,30.76,221,855.6,3.844,165.75,Tool Wear Failure,1
L,302.48,311.02,1477.0,43.19,216,633.7,4.107,165.8,No Failure,0
H,298.77,307.78,1217.5,53.66,129,523.1,3.517,155.13,No Failure,0
H,300.19,309.61,1502.7,46.66,228,763.5,3.702,141.17,No Failure,0
M,301.97,312.34,1518.7,32.37,70,364.5,1.867,137.01,No Failure,0
L,302.56,314.94,1590.4,31.83,136,237.5,2.803,155.9,No Failure,0
H,300.42,309.61,1446.7,25.92,47,341.9,1.244,153.31,No Failure,0
M,300.77,310.86,1406.3,54.83,24,719.9,1.813,146.07,No Failure,0
L,297.97,307.97,1608.0,28.67,172,368.4,3.183,156.37,No Failure,0
H,302.05,311.74,1422.3,47.13,114,627.6,2.257,151.76,No Failure,0
M,302.53,312.48,1534.4,25.73,142,552.7,2.196,143.71,No Failure,0
H,296.26,305.79,1400.4,65.57,228,457.3,4.544,137.27,Power Failure,1
M,303.53,316.27,1541.0,26.47,122,154.5,2.063,149.45,No Failure,0
L,298.6,309.35,1578.5,40.43,225,399.1,4.666,145.77,No Failure,0
H,301.19,310.73,1497.3,52.12,144,783.1,2.977,145.96,No Failure,0
M,300.16,311.34,1481.3,32.97,81,1207.4,1.944,148.99,No Failure,0
M,299.88,310.14,1522.2,45.64,20,1154.7,1.487,150.09,No Failure,0
L,299.59,309.64,1483.9,37.18,242,1083.1,3.952,143.58,No Failure,0
L,298.01,307.83,1526.4,43.88,199,206.6,3.602,157.61,No Failure,0
M,301.05,310.8,1329.3,50.81,81,1480.8,2.737,146.09,No Failure,0
L,299.43,308.21,1523.9,35.72,177,313.4,3.203,153.93,No Failure,0
H,297.38,305.71,1387.2,54.97,203,429.3,4.2,139.62,Tool Wear Failure,1
H,297.93,308.3,1469.2,43.52,5,703.2,1.645,144.06,No Failure,0
M,297.42,307.22,1378.4,59.48,234,1391.6,4.211,156.43,Overstrain Failure,1
L,298.95,309.83,1493.8,31.68,33,285.3,1.826,133.83,No Failure,0
M,300.97,310.08,1501.7,33.58,32,3429.9,1.197,165.34,No Failure,0
L,298.58,307.48,1582.8,37.68,112,577.4,2.33,156.91,No Failure,0
H,301.95,312.73,1559.9,27.87,73,568.0,2.592,150.5,No Failure,0
L,299.76,309.47,1381.2,49.26,95,658.3,2.194,156.2,No Failure,0
H,299.42,310.28,1430.3,39.24,140,1179.4,3.243,135.54,No Failure,0
L,300.03,310.07,1550.3,28.54,104,1066.1,1.686,154.3,No Failure,0
L,302.79,314.67,1473.4,31.77,92,249.1,1.865,129.64,No Failure,0
H,297.26,308.01,1635.2,31.3,134,914.9,2.523,161.1,No Failure,0
M,303.31,313.72,1385.7,49.24,244,931.6,4.344,139.02,Overstrain Failure,1
H,301.92,312.72,1365.9,44.57,174,1571.2,3.378,159.71,No Failure,0
H,299.96,309.68,1492.3,38.67,100,99.6,2.682,138.32,No Failure,0
M,302.37,310.72,1403.5,36.35,173,1688.7,3.086,150.54,No Failure,0
L,299.36,309.72,1442.1,37.61,209,1439.9,3.583,151.0,No Failure,0
M,300.57,312.51,1479.4,57.81,11,1340.1,2.066,150.62,No Failure,0
H,298.92,306.63,1420.8,37.66,49,1920.4,2.317,157.02,No Failure,0
H,301.93,312.4,1418.5,48.58,248,1475.0,4.761,137.3,No Failure,0
L,298.59,307.05,1724.9,36.71,245,981.5,3.652,127.89,No Failure,0
M,299.9,309.87,1387.8,56.82,176,579.6,3.638,141.45,No Failure,0
L,301.36,311.44,1551.6,27.81,182,240.9,3.045,162.78,No Failure,0
M,302.1,312.84,1256.5,48.07,227,311.1,4.115,145.35,No Failure,0
H,298.36,308.57,1575.8,32.41,3,1749.8,1.891,142.4,No Failure,0
H,301.51,312.88,1253.8,62.13,131,500.0,3.374,171.71,No Failure,0
L,298.04,309.2,1494.4,46.97,43,573.8,1.992,137.4,No Failure,0
L,295.7,305.5,1575.4,22.96,238,875.7,3.942,161.07,No Failure,0
L,298.5,309.6,1599.5,30.69,25,507.3,1.585,137.73,No Failure,0
L,301.67,311.36,1575.4,46.85,30,852.8,1.986,137.39,No Failure,0
L,299.98,309.49,1507.8,46.58,147,555.7,3.377,160.33,No Failure,0
H,298.93,307.73,1334.7,45.83,81,727.3,2.126,157.74,No Failure,0
L,300.11,311.42,1495.5,41.57,208,859.5,3.291,140.03,No Failure,0
L,300.04,309.74,1612.2,36.81,74,397.2,1.971,125.25,No Failure,0
M,301.24,308.82,1276.3,50.87,196,873.0,3.689,148.3,Heat Dissipation Failure,1
L,296.78,307.32,1721.0,31.36,98,503.8,2.715,147.97,No Failure,0
L,299.8,309.36,1508.4,40.53,144,2063.7,2.847,173.13,No Failure,0
H,300.25,309.95,1601.5,33.8,243,93.7,3.748,135.07,No Failure,0
L,297.27,307.04,1525.0,33.0,154,1483.4,3.051,147.08,No Failure,0
L,297.24,306.91,1540.9,35.41,46,511.4,1.686,148.68,No Failure,0
M,299.27,312.0,1478.3,32.65,235,1138.6,3.659,149.14,No Failure,0
L,300.02,311.68,1595.3,45.5,234,560.9,4.037,142.47,Tool Wear Failure,1
L,300.02,310.72,1779.5,25.24,113,991.1,2.605,143.88,No Failure,0
L,298.89,309.13,1658.7,44.31,95,873.3,2.919,147.94,No Failure,0
L,298.81,309.93,1391.8,33.66,187,562.2,3.295,153.63,No Failure,0
H,299.21,309.45,1527.2,40.3,137,328.8,2.887,160.7,No Failure,0
L,300.6,311.41,1552.2,38.33,24,140.2,1.742,153.68,No Failure,0
L,302.49,313.05,1476.4,35.01,82,909.6,2.381,143.35,No Failure,0
L,295.56,305.69,1436.5,52.13,21,1196.3,2.493,163.3,No Failure,0
H,301.25,312.19,1400.4,36.29,73,150.8,2.908,153.62,No Failure,0
L,299.78,309.36,1576.2,47.04,42,655.8,2.715,153.35,No Failure,0
H,301.05,311.11,1304.7,47.16,245,247.0,4.513,140.31,No Failure,0
L,302.37,311.39,1544.3,37.27,239,1078.4,3.629,164.15,No Failure,0
H,298.49,307.63,1671.7,27.42,5,96.7,1.464,150.87,No Failure,0
L,301.89,309.36,1516.6,31.18,189,329.1,3.204,160.5,No Failure,0
L,297.49,307.95,1521.2,52.79,203,506.6,3.845,145.28,No Failure,0
M,300.26,310.99,1296.3,44.93,227,741.8,4.491,140.96,No Failure,0
L,299.51,310.6,1486.1,41.39,221,647.0,4.236,131.67,No Failure,0
M,300.09,308.99,1393.6,34.33,84,1501.0,2.581,151.18,No Failure,0
M,298.02,308.46,1291.9,57.32,120,1713.5,3.931,137.99,No Failure,0
M,300.87,310.87,1525.0,31.32,41,1218.2,2.084,138.01,No Failure,0
L,303.17,313.91,1438.9,41.4,216,522.1,4.234,160.45,No Failure,0
M,298.06,307.4,1574.2,45.02,14,694.4,2.007,155.94,No Failure,0
L,300.38,310.04,1498.9,26.94,125,455.2,2.648,139.47,No Failure,0
H,301.71,310.16,1420.8,32.42,109,566.4,3.148,117.38,No Failure,0
M,299.41,308.69,1497.8,35.42,84,1655.1,2.113,135.4,No Failure,0
M,302.72,312.72,1441.2,48.62,242,1993.3,3.709,175.39,No Failure,0
H,299.14,309.31,1580.3,35.62,118,1336.5,2.404,151.41,No Failure,0
M,299.77,308.08,1718.7,25.64,10,856.5,1.276,141.29,No Failure,0
M,298.01,307.5,1429.1,24.68,211,707.3,3.679,159.31,No Failure,0
L,300.25,310.41,1713.3,32.33,231,799.5,4.134,141.55,No Failure,0
M,300.01,311.41,1545.6,25.1,87,729.0,1.937,137.89,No Failure,0
L,301.27,310.43,1413.4,47.69,69,1344.0,2.261,152.76,No Failure,0
L,298.73,309.22,1437.5,48.08,175,916.6,3.379,151.1,No Failure,0
H,298.64,308.07,1304.1,40.07,14,625.4,1.756,133.8,No Failure,0
L,300.92,310.48,1482.1,37.37,163,1144.5,3.179,146.03,No Failure,0
M,302.79,311.92,1530.0,47.42,43,666.9,2.288,137.12,No Failure,0
L,301.26,310.21,1500.8,47.0,54,398.9,1.997,153.79,No Failure,0
L,303.69,313.22,1533.9,30.13,24,347.6,1.321,148.08,No Failure,0
H,301.11,312.16,1587.1,31.51,159,152.2,2.76,162.45,No Failure,0
L,301.04,310.28,1485.0,47.07,169,2778.9,3.445,135.24,No Failure,0
M,301.36,310.45,1455.1,42.71,116,963.9,2.448,153.62,No Failure,0
M,302.98,313.19,1495.7,46.08,238,828.3,3.831,142.46,No Failure,0
H,302.48,312.48,1499.5,31.06,18,239.5,1.755,158.55,No Failure,0
L,297.83,307.76,1475.1,32.48,247,289.8,4.361,123.54,No Failure,0
M,301.6,311.86,1436.2,44.64,202,822.9,3.829,164.47,No Failure,0
L,300.53,309.52,1337.3,33.18,17,585.6,1.307,160.69,No Failure,0
L,299.61,308.71,1684.0,24.8,107,239.8,2.574,151.97,No Failure,0
L,296.45,307.44,1560.8,33.33,136,311.0,2.655,169.11,No Failure,0
L,296.92,306.77,1496.4,37.95,152,448.9,3.5,144.04,No Failure,0
M,299.27,309.87,1435.6,57.01,108,816.0,3.15,166.78,No Failure,0
L,297.07,308.29,1601.9,31.62,75,416.4,1.928,158.39,No Failure,0
L,299.31,310.16,1600.7,39.38,69,489.1,2.314,147.65,No Failure,0
M,301.43,310.06,1478.8,60.43,149,105.7,3.078,169.15,Power Failure,1
L,298.84,308.72,1617.2,29.07,134,815.8,2.773,154.18,No Failure,0
L,300.17,311.21,1382.4,46.6,96,397.9,2.612,146.52,No Failure,0
L,297.86,308.38,1622.1,32.89,61,1647.5,2.698,160.02,No Failure,0
L,300.6,310.78,1403.4,44.02,127,1565.8,3.013,145.51,No Failure,0
M,301.02,309.38,1244.6,63.35,59,851.5,2.675,136.76,Heat Dissipation Failure,1
H,297.15,306.54,1410.3,47.92,106,1063.4,2.102,154.34,No Failure,0
M,298.5,308.57,1592.1,41.52,238,1794.2,4.2,153.61,No Failure,0
M,297.47,306.04,1643.6,30.49,185,1122.5,3.61,150.96,No Failure,0
L,301.02,311.81,1593.8,38.25,187,740.0,3.788,149.6,No Failure,0
H,300.33,310.21,1556.3,34.35,13,341.8,1.58,143.96,No Failure,0
L,299.9,307.92,1667.3,25.49,191,915.0,3.035,140.34,No Failure,0
L,299.74,309.18,1724.4,18.71,157,317.6,3.117,162.5,Power Failure,1
L,300.65,310.36,1504.5,31.7,127,1783.5,2.678,151.98,No Failure,0
L,300.69,310.56,1555.5,39.68,68,306.9,2.263,151.07,No Failure,0
M,299.01,310.43,1410.1,51.19,106,578.8,2.784,133.22,No Failure,0
L,298.73,309.31,1522.6,32.62,91,227.0,1.688,159.43,No Failure,0
L,299.88,308.52,1452.5,41.92,95,127.0,2.342,141.86,No Failure,0
L,299.62,308.13,1586.4,22.99,203,1646.3,3.319,143.87,No Failure,0
H,304.12,313.85,1538.7,32.0,34,598.8,1.96,156.97,No Failure,0
M,299.23,309.36,1695.1,15.53,157,2114.2,2.671,141.43,Power Failure,1
H,300.58,311.57,1381.1,62.34,243,1060.5,4.638,149.95,Power Failure,1
H,300.93,312.66,1620.0,41.98,43,283.6,1.556,151.39,No Failure,0
H,302.8,314.59,1537.9,41.66,168,2878.2,3.027,152.44,No Failure,0
L,298.38,307.94,1467.7,45.35,26,636.4,2.658,151.78,No Failure,0
L,302.68,313.61,1168.0,65.32,126,1643.1,3.579,153.78,No Failure,0
L,299.71,310.13,1752.5,35.65,81,703.2,2.729,161.26,No Failure,0
L,305.0,313.91,1514.7,30.19,157,356.7,2.892,153.29,No Failure,0
M,300.73,308.84,1279.2,60.0,188,861.5,4.189,168.36,Heat Dissipation Failure,1
L,297.54,307.69,1712.2,27.69,249,1673.3,4.141,147.16,No Failure,0
L,299.61,308.11,1297.0,52.98,23,792.3,2.737,150.22,Heat Dissipation Failure,1
M,302.67,311.82,1539.4,39.26,62,625.5,2.339,177.22,No Failure,0
L,300.16,309.48,1423.7,44.33,176,939.4,3.133,141.41,No Failure,0
L,299.88,310.1,1592.2,25.63,219,1349.2,3.273,143.22,No Failure,0
L,301.44,312.72,1297.0,65.94,95,1302.3,3.16,146.07,No Failure,0
M,299.31,309.32,1423.2,36.18,25,915.7,0.991,169.76,No Failure,0
L,299.58,309.04,1545.0,32.99,22,909.8,1.804,156.46,No Failure,0
L,298.11,306.04,1548.5,45.48,1,505.3,1.888,160.35,No Failure,0
L,303.46,313.92,1544.9,33.55,20,638.6,2.115,146.93,No Failure,0
M,297.55,307.58,1780.9,44.24,228,584.3,3.42,139.96,No Failure,0
L,300.34,309.79,1609.1,27.39,249,1111.7,3.505,138.49,No Failure,0
L,300.96,312.13,1380.7,41.46,21,1317.5,1.874,146.41,No Failure,0
H,299.97,308.78,1501.3,33.97,249,494.5,3.956,162.48,No Failure,0
H,297.49,306.81,1388.6,32.17,171,890.9,3.159,148.27,No Failure,0
L,298.0,307.76,1672.3,30.59,137,207.3,3.074,154.81,No Failure,0
L,301.05,310.48,1573.6,48.86,119,841.2,3.071,126.27,No Failure,0
L,298.44,308.99,1603.9,36.5,63,49.9,2.621,145.62,No Failure,0
M,295.86,306.32,1439.1,38.16,102,313.4,2.944,142.33,No Failure,0
L,300.77,311.82,1387.3,44.27,243,226.1,3.913,152.95,No Failure,0
H,298.26,308.76,1475.1,51.4,247,68.7,4.388,170.34,No Failure,0
H,301.26,311.15,1527.0,30.77,163,453.7,3.216,162.1,No Failure,0
M,299.6,309.26,1404.9,42.21,80,1344.0,3.015,144.43,No Failure,0
L,299.5,309.96,1485.3,30.9,87,130.5,2.358,134.28,No Failure,0
H,300.1,309.91,1684.9,37.91,23,930.3,1.965,155.11,No Failure,0
M,297.72,307.77,1373.0,50.65,63,1494.9,2.304,151.84,No Failure,0
M,298.35,308.86,1762.5,16.54,61,1663.9,1.906,152.55,Power Failure,1
L,299.48,309.62,1623.3,30.77,241,461.3,3.506,143.62,No Failure,0
M,297.71,308.02,1442.1,37.69,240,439.7,3.759,158.76,No Failure,0
H,301.43,310.64,1473.2,43.81,154,333.6,3.599,147.25,No Failure,0
H,299.39,310.73,1312.3,52.2,233,1437.3,4.434,134.76,No Failure,0
M,297.1,305.99,1766.1,23.03,143,699.5,3.101,165.99,No Failure,0
M,298.88,309.32,1304.8,54.15,73,367.0,3.294,153.62,No Failure,0
L,300.2,309.72,1491.2,45.21,130,271.3,3.29,164.5,No Failure,0
M,299.11,310.19,1474.8,37.59,136,850.1,2.989,159.82,No Failure,0
H,300.8,311.68,1534.3,25.31,73,338.6,1.872,159.39,No Failure,0
M,301.15,311.15,1642.8,34.28,147,885.4,2.797,177.43,No Failure,0
L,304.8,316.36,1371.1,50.25,222,611.1,4.033,159.46,Overstrain Failure,1
L,302.3,312.11,1333.2,40.26,244,2480.7,4.031,134.33,No Failure,0
M,296.73,307.61,1552.7,38.19,233,404.6,4.157,138.08,No Failure,0
H,299.28,308.55,1514.0,30.29,155,771.2,2.694,146.6,No Failure,0
L,299.47,309.87,1455.4,47.35,155,792.1,3.131,132.61,No Failure,0
L,301.15,310.22,1589.0,38.5,212,817.5,3.8,135.29,No Failure,0
H,298.13,308.15,1551.0,37.63,78,335.1,1.892,165.69,No Failure,0
M,298.94,308.89,1587.6,39.05,36,217.7,2.382,160.09,No Failure,0
L,297.51,308.39,1434.8,33.55,4,693.6,1.772,159.8,No Failure,0
L,298.8,308.12,1673.1,31.85,123,1331.9,2.73,142.16,No Failure,0
L,298.87,311.94,1594.8,24.8,36,767.4,1.351,139.25,No Failure,0
L,299.37,307.99,1421.2,33.81,191,385.2,3.346,146.52,No Failure,0
M,297.63,307.86,1423.1,22.0,52,1807.6,1.975,161.91,Power Failure,1
M,301.96,312.25,1433.4,44.86,10,470.7,1.61,147.98,No Failure,0
M,300.94,311.48,1482.7,33.32,96,963.3,1.935,159.2,No Failure,0
M,297.1,306.59,1462.0,36.08,107,338.7,2.733,169.79,No Failure,0
L,300.05,310.29,1533.1,39.63,134,1101.1,3.028,146.24,No Failure,0
L,296.87,306.31,1719.0,31.98,236,393.9,3.655,136.31,No Failure,0
L,302.68,314.56,1512.9,28.25,126,281.5,3.329,171.85,No Failure,0
L,303.23,312.59,1490.5,42.22,195,979.1,3.349,156.16,No Failure,0
M,299.89,309.74,1297.8,58.89,185,422.3,4.246,139.08,No Failure,0
L,298.29,307.63,1338.4,49.1,34,631.8,2.325,140.81,No Failure,0
M,298.67,307.87,1306.2,52.8,58,374.9,2.547,162.67,No Failure,0
L,299.09,307.69,1751.7,27.02,122,258.3,3.259,147.57,No Failure,0
L,299.79,310.46,1516.5,38.09,77,588.6,2.681,137.31,No Failure,0
L,302.74,312.07,1498.7,38.02,114,545.8,2.503,136.1,No Failure,0
M,301.91,311.11,1324.0,54.28,50,788.6,2.218,158.79,No Failure,0
M,301.94,310.98,1432.7,49.17,30,703.8,1.857,156.93,No Failure,0
H,300.34,310.65,1455.7,38.36,99,895.6,2.653,169.89,No Failure,0
L,297.69,307.71,1856.8,17.12,77,178.7,1.704,119.72,Power Failure,1
M,298.46,308.49,1615.4,28.41,144,424.8,2.18,151.23,No Failure,0
M,300.12,309.36,1461.9,46.33,45,918.9,2.036,140.07,No Failure,0
L,297.6,308.03,1536.2,36.79,157,1289.2,3.387,132.73,No Failure,0
L,300.61,309.95,1626.5,38.9,247,1561.1,4.461,148.08,No Failure,0
L,301.61,311.68,1448.9,46.14,110,1269.3,3.079,154.43,No Failure,0
L,301.09,310.95,1366.6,51.32,126,326.8,3.055,162.41,No Failure,0
H,301.01,309.32,1576.8,32.21,19,723.8,1.957,171.28,No Failure,0
L,296.27,308.3,1523.9,45.92,38,338.6,2.69,137.85,No Failure,0
M,302.67,313.24,1477.6,56.11,7,800.4,2.156,153.08,No Failure,0
M,296.87,307.05,1405.1,54.28,116,777.7,3.064,143.92,No Failure,0
L,299.69,310.03,1563.1,34.69,124,1267.2,3.263,134.34,No Failure,0
M,301.24,313.29,1565.8,42.95,22,754.0,1.695,164.26,No Failure,0
L,300.72,311.85,1193.9,47.51,105,315.4,3.037,162.24,No Failure,0
L,297.44,307.79,1506.3,40.2,210,89.7,2.786,154.32,No Failure,0
L,297.8,307.1,1467.3,37.51,216,2424.9,3.604,156.31,Tool Wear Failure,1
L,300.57,310.02,1643.7,22.7,159,823.8,2.181,145.42,No Failure,0
L,301.02,309.22,1601.2,31.35,189,747.0,3.553,154.2,No Failure,0
M,297.79,307.42,1667.7,33.05,130,869.4,2.53,152.08,No Failure,0
M,300.79,311.45,1476.3,27.39,80,695.7,2.354,147.17,No Failure,0
M,296.97,307.6,1426.5,41.09,182,244.9,3.276,159.09,No Failure,0
L,301.25,311.86,1350.6,48.67,211,568.1,3.743,142.94,No Failure,0
H,298.23,307.72,1478.9,35.81,77,402.6,2.093,162.51,No Failure,0
L,300.16,310.71,1553.0,17.96,100,1311.9,2.335,165.35,Power Failure,1
H,299.83,310.65,1701.8,38.82,101,1015.6,2.697,157.07,No Failure,0
M,302.32,310.09,1556.4,42.74,178,1084.2,3.176,151.8,No Failure,0
M,300.48,310.79,1413.7,42.06,22,102.1,1.844,147.29,No Failure,0
L,298.8,310.88,1559.1,32.79,186,1624.8,3.118,145.15,No Failure,0
M,300.72,310.43,1557.3,27.95,60,223.3,1.826,154.25,No Failure,0
M,304.28,311.76,1443.1,48.86,114,375.3,2.782,139.38,No Failure,0
L,301.48,310.67,1402.8,43.52,8,793.4,1.591,138.36,No Failure,0
M,299.88,308.07,1417.4,33.19,201,447.7,3.69,138.82,No Failure,0
L,298.33,307.7,1568.6,24.99,26,18.1,1.772,145.31,No Failure,0
M,298.77,307.54,1606.5,42.23,59,202.7,1.772,139.22,No Failure,0
M,301.36,312.29,1438.2,31.02,163,1353.8,2.99,135.88,No Failure,0
H,298.23,309.01,1568.1,43.83,83,656.3,3.298,141.33,No Failure,0
L,300.01,310.35,1537.8,41.58,56,1101.1,2.59,148.77,No Failure,0
L,302.88,314.1,1297.9,60.77,137,36.8,4.05,146.47,No Failure,0
L,300.3,309.74,1573.7,39.22,1,294.7,1.307,152.78,No Failure,0
L,297.84,307.92,1358.7,60.01,91,912.5,2.81,162.08,No Failure,0
M,304.36,316.55,1301.1,40.82,48,358.5,1.853,153.28,No Failure,0
L,303.52,314.11,1516.9,33.33,138,2114.8,2.866,136.82,No Failure,0
M,301.0,311.59,1550.7,29.45,76,3759.2,2.24,162.22,No Failure,0
L,302.55,311.78,1700.2,31.23,166,576.3,3.251,148.68,No Failure,0
L,299.47,309.05,1429.6,44.29,35,601.6,1.912,153.0,No Failure,0
L,301.45,310.45,1470.7,41.29,19,451.5,1.63,154.49,No Failure,0
L,299.15,310.83,1542.6,21.61,53,1092.3,1.506,152.69,Power Failure,1
L,297.29,305.73,1412.7,50.2,216,690.0,3.927,171.59,No Failure,0
L,305.18,316.1,1274.8,54.77,243,2254.4,4.52,148.36,Overstrain Failure,1
L,297.19,307.77,1745.6,21.51,17,347.5,1.635,161.81,No Failure,0
L,300.6,308.99,1381.2,50.12,6,882.2,2.256,150.31,No Failure,0
M,300.57,311.71,1258.1,56.83,40,1277.5,2.456,151.11,No Failure,0
H,301.03,310.77,1754.0,22.04,141,998.2,2.899,146.29,No Failure,0
M,299.82,308.5,1419.8,35.33,232,2245.1,3.411,131.93,No Failure,0
L,299.84,310.21,1590.9,31.5,195,1102.8,3.698,157.17,No Failure,0
L,300.28,309.45,1288.2,49.74,61,428.1,2.757,158.55,No Failure,0
L,300.96,310.75,1559.5,35.85,245,2054.3,4.511,116.8,No Failure,0
M,300.0,309.49,1632.4,35.45,67,566.5,2.825,149.54,No Failure,0
M,299.86,308.98,1408.0,44.21,89,267.3,2.242,151.25,No Failure,0
L,297.36,306.17,1269.0,55.6,204,1435.4,4.243,149.84,Overstrain Failure,1
L,304.03,314.82,1401.6,39.38,76,240.7,2.255,155.36,No Failure,0
L,301.07,311.4,1532.7,35.29,185,511.6,3.227,145.28,No Failure,0
L,300.42,310.68,1696.3,37.16,105,925.2,2.499,152.21,No Failure,0
H,298.75,308.39,1543.5,46.58,208,96.3,3.682,170.91,No Failure,0
L,297.99,308.04,1711.9,26.69,156,378.8,2.864,130.08,No Failure,0
L,301.72,310.98,1405.0,39.84,232,175.5,3.805,156.21,No Failure,0
L,299.68,308.93,1673.7,30.62,110,698.4,2.67,146.04,No Failure,0
L,301.24,312.95,1685.1,27.97,92,558.8,2.505,143.94,No Failure,0
L,297.3,308.18,1683.0,20.55,82,1162.1,2.403,165.71,No Failure,0
L,303.09,312.53,1484.4,34.85,136,2028.7,3.036,150.86,No Failure,0
L,301.8,310.31,1501.2,50.79,228,518.3,4.087,147.69,Overstrain Failure,1
L,299.84,308.14,1597.7,20.17,40,1202.6,1.831,151.62,Power Failure,1
M,300.94,310.3,1515.7,45.43,102,249.1,3.052,136.68,No Failure,0
M,301.48,311.59,1517.6,33.51,62,1494.4,2.288,165.14,No Failure,0
L,297.33,307.44,1496.4,29.37,46,2162.8,2.027,156.55,No Failure,0
H,303.36,313.5,1436.0,43.44,170,584.3,4.209,142.2,No Failure,0
L,300.97,311.3,1572.3,53.11,249,385.3,4.193,144.23,Overstrain Failure,1
H,298.59,307.55,1275.2,54.98,247,465.1,4.662,150.7,Overstrain Failure,1
H,297.81,309.31,1566.5,42.84,141,313.9,3.134,160.63,No Failure,0
L,301.97,311.78,1581.2,39.3,1,1029.2,1.117,139.21,No Failure,0
L,300.42,310.72,1452.1,43.92,212,833.6,3.303,140.16,No Failure,0
H,300.97,310.31,1252.2,64.77,176,277.1,3.309,156.71,No Failure,0
L,300.05,310.36,1411.1,37.07,80,660.8,2.37,143.28,No Failure,0
L,297.99,310.07,1525.2,51.35,219,636.8,3.552,145.81,Overstrain Failure,1
M,301.02,310.03,1440.3,34.08,57,382.8,2.041,153.88,No Failure,0
L,299.6,308.49,1315.5,31.69,149,1360.4,2.988,131.07,No Failure,0
H,299.96,309.09,1386.2,57.69,47,761.9,2.296,160.14,No Failure,0
M,304.75,314.42,1378.2,40.03,126,908.9,2.802,141.99,No Failure,0
H,301.74,311.22,1472.2,42.25,188,1037.7,3.819,173.29,No Failure,0
M,301.85,310.81,1335.3,45.47,179,1235.5,3.253,172.29,No Failure,0
M,305.44,315.39,1519.1,31.07,241,2217.7,3.868,166.87,No Failure,0
M,300.77,312.33,1541.3,35.62,188,924.1,2.737,140.77,No Failure,0
H,300.24,310.09,1575.8,33.58,235,724.2,3.915,137.39,No Failure,0
H,298.64,308.55,1593.9,43.32,220,1611.1,4.276,147.15,No Failure,0
H,299.09,309.44,1470.8,43.67,176,684.4,3.69,160.14,No Failure,0
M,295.91,306.55,1557.7,33.99,88,1813.5,2.303,159.82,No Failure,0
M,301.58,312.95,1316.2,60.28,180,319.0,3.699,147.92,No Failure,0
L,297.47,307.71,1585.3,39.73,10,1293.6,2.217,120.76,No Failure,0
H,301.81,311.8,1390.0,41.03,66,388.6,2.489,151.78,No Failure,0
L,299.91,308.92,1353.1,53.43,117,298.4,3.076,131.4,No Failure,0
L,300.26,311.0,1569.9,31.25,93,368.5,2.569,153.27,No Failure,0
L,299.92,309.07,1460.1,34.79,71,144.5,2.055,149.79,No Failure,0
M,302.77,311.9,1602.8,42.86,16,101.0,1.79,137.7,No Failure,0
M,302.42,312.61,1646.7,25.24,227,165.9,3.372,171.37,No Failure,0
L,299.94,311.48,1408.7,37.63,140,347.3,3.235,151.02,No Failure,0
L,298.2,308.93,1372.7,60.51,109,812.7,2.833,158.49,No Failure,0
L,301.85,311.81,1471.6,58.29,239,339.7,4.22,162.72,Overstrain Failure,1
L,298.05,307.07,1363.5,48.97,190,2288.7,3.817,140.86,No Failure,0
L,296.89,308.41,1527.9,51.83,166,113.4,2.738,153.16,No Failure,0
M,301.0,310.94,1483.7,44.93,102,1402.8,2.49,132.75,No Failure,0
L,302.44,312.15,1552.7,35.68,108,956.2,2.326,148.63,No Failure,0
L,299.19,309.74,1476.4,56.44,104,381.4,3.029,141.35,No Failure,0
L,300.81,310.36,1594.2,30.51,76,577.1,2.226,148.86,No Failure,0
M,299.17,308.42,1457.6,49.68,234,1924.3,4.731,148.22,No Failure,0
H,301.44,310.79,1549.0,34.91,123,618.2,2.451,140.53,No Failure,0
L,302.19,311.53,1378.1,35.51,118,274.9,2.237,161.1,No Failure,0
L,299.47,308.35,1493.9,45.39,86,322.3,2.931,156.08,No Failure,0
M,297.94,306.71,1360.0,60.34,96,539.1,2.774,148.65,No Failure,0
L,297.09,308.06,1351.5,54.29,231,2324.1,4.235,180.65,Overstrain Failure,1
H,301.85,312.52,1243.4,43.39,197,366.5,3.484,136.46,No Failure,0
H,297.73,306.9,1551.0,40.63,177,1555.1,3.566,134.93,No Failure,0
M,300.74,311.63,1360.1,47.81,164,437.4,3.499,167.56,No Failure,0
H,301.55,311.86,1289.4,53.65,65,325.6,2.411,160.95,No Failure,0
L,299.0,308.67,1530.9,22.39,33,593.9,1.584,163.76,No Failure,0
L,299.67,308.44,1333.8,38.73,108,108.3,2.508,167.38,No Failure,0
L,302.0,312.34,1625.7,29.48,159,999.1,2.995,166.76,No Failure,0
L,298.38,310.25,1729.5,37.81,3,646.6,1.45,140.3,No Failure,0
L,298.18,308.2,1548.4,27.42,0,822.5,1.787,148.39,No Failure,0
L,299.53,310.53,1718.4,21.94,5,1685.7,1.205,158.59,No Failure,0
M,302.56,312.34,1597.1,26.81,4,540.8,1.238,134.1,No Failure,0
L,303.22,314.14,1569.1,34.46,111,590.0,2.059,141.65,No Failure,0
M,299.8,309.65,1447.1,45.87,126,1119.2,2.651,171.54,No Failure,0
L,298.58,306.17,1635.5,31.86,109,240.1,2.706,136.06,No Failure,0
L,302.13,311.41,1460.5,31.34,24,114.0,1.618,156.14,No Failure,0
L,296.66,306.79,1477.3,43.96,2,201.2,1.599,150.76,No Failure,0
M,300.5,311.58,1579.2,42.87,156,263.6,3.438,155.61,No Failure,0
M,299.91,309.76,1426.9,57.02,91,1483.9,3.243,135.18,No Failure,0
M,302.59,312.62,1454.6,49.35,30,610.8,1.832,156.05,No Failure,0
L,302.79,312.2,1590.8,29.74,67,720.8,1.995,129.76,No Failure,0
L,298.11,309.68,1521.2,33.29,63,810.8,1.468,146.11,No Failure,0
H,300.34,311.84,1408.5,47.46,69,1557.2,2.726,148.58,No Failure,0
L,298.86,308.18,1431.1,31.13,38,669.1,2.657,152.89,No Failure,0
L,299.41,307.9,1571.2,36.76,84,210.0,2.269,164.65,Random Failure,1
L,301.23,309.43,1759.7,22.9,40,709.4,1.545,139.65,No Failure,0
L,299.33,309.93,1631.0,26.93,149,2261.2,2.804,161.09,No Failure,0
L,300.39,310.52,1400.7,52.59,101,475.7,2.933,167.11,No Failure,0
L,301.91,311.13,1540.5,41.67,181,1731.1,3.528,141.26,No Failure,0
M,303.03,313.3,1359.7,33.71,193,860.4,3.488,130.18,No Failure,0
H,300.58,309.35,1493.4,35.11,97,1753.0,2.055,146.13,No Failure,0
L,300.24,311.03,1356.1,57.15,222,390.9,4.146,164.0,Overstrain Failure,1
L,297.79,307.4,1398.9,33.43,245,333.6,4.111,165.17,No Failure,0
H,303.17,312.09,1476.6,44.73,111,53.5,2.447,141.45,No Failure,0
L,300.99,310.62,1263.7,48.71,145,499.7,2.816,151.92,No Failure,0
H,300.27,309.87,1446.6,54.45,111,282.4,2.832,158.88,No Failure,0
L,300.17,310.54,1588.4,31.49,173,422.2,3.212,162.11,No Failure,0
M,300.72,311.89,1594.8,26.01,27,901.0,1.777,158.94,No Failure,0
H,301.54,312.66,1656.8,28.96,113,51.5,2.743,167.12,No Failure,0
L,301.79,311.95,1454.8,47.31,123,956.0,2.717,159.62,No Failure,0
H,303.22,313.03,1383.4,59.92,234,411.9,3.774,149.6,Overstrain Failure,1
M,300.49,309.92,1464.3,47.66,209,1406.2,4.315,153.24,No Failure,0
H,303.51,311.74,1475.4,33.41,134,1423.9,3.179,152.83,No Failure,0
L,302.12,312.1,1546.1,51.88,142,521.2,3.124,158.25,No Failure,0
L,299.88,309.03,1649.6,35.31,186,373.3,3.595,133.02,No Failure,0
L,296.67,307.88,1605.1,31.68,16,697.2,1.678,142.98,No Failure,0
H,300.17,309.97,1540.0,36.69,130,1387.3,2.78,154.32,No Failure,0
L,303.12,313.86,1614.0,34.19,120,1158.3,3.224,160.6,No Failure,0
L,298.45,307.97,1669.6,32.98,216,2395.4,3.424,161.4,No Failure,0
H,300.16,309.49,1573.6,52.22,180,342.3,3.223,121.75,No Failure,0
L,300.33,310.94,1492.5,34.84,191,383.5,3.451,164.65,No Failure,0
M,301.88,312.16,1721.1,24.13,19,1463.4,1.298,151.81,No Failure,0
L,299.22,309.55,1445.3,45.86,206,527.2,3.83,131.96,Tool Wear Failure,1
M,298.26,308.17,1431.5,30.45,169,264.8,3.011,141.98,No Failure,0
L,301.14,311.93,1649.2,30.78,15,373.3,1.354,130.75,No Failure,0
L,298.51,309.16,1576.0,47.01,160,757.7,3.275,154.17,No Failure,0
M,296.33,304.15,1645.6,32.75,143,2178.3,2.427,145.46,No Failure,0
L,303.68,313.42,1521.0,35.47,33,2015.6,1.379,144.14,No Failure,0
L,301.85,312.87,1531.5,40.42,130,1359.2,2.832,177.23,No Failure,0
L,303.77,312.75,1585.8,37.14,208,485.4,3.74,156.92,No Failure,0
M,301.75,310.06,1585.9,35.71,97,467.5,1.981,162.31,No Failure,0
L,301.36,311.22,1798.1,16.57,66,2126.2,1.927,147.32,Power Failure,1
L,300.74,311.26,1598.7,38.27,69,417.7,2.11,150.61,No Failure,0
L,299.63,309.17,1318.8,56.13,179,1485.3,3.83,149.22,No Failure,0
L,301.02,312.32,1452.0,46.3,204,888.3,3.837,161.65,No Failure,0
M,298.89,310.74,1484.6,36.24,195,384.7,3.768,161.51,No Failure,0
L,297.86,305.94,1476.9,44.7,72,1039.2,2.37,151.6,No Failure,0
H,299.34,308.95,1281.6,46.27,109,931.8,2.323,139.83,No Failure,0
M,302.58,310.3,1740.9,31.58,141,88.1,3.452,166.56,No Failure,0
H,297.54,308.2,1329.3,52.57,175,557.5,3.631,151.61,No Failure,0
M,297.57,306.89,1440.8,41.63,124,744.0,2.918,128.4,No Failure,0
L,301.18,310.71,1532.4,36.88,166,838.4,3.157,179.89,No Failure,0
H,299.17,310.32,1248.8,55.9,127,362.9,3.609,154.59,No Failure,0
M,300.97,309.64,1635.3,19.32,11,571.5,0.929,151.27,Power Failure,1
M,301.98,310.4,1609.2,28.24,233,469.5,3.28,127.89,No Failure,0
L,300.92,308.65,1597.1,46.42,70,494.5,2.219,159.91,No Failure,0
L,298.74,310.01,1458.9,46.74,223,1928.3,4.083,133.46,No Failure,0
M,302.57,313.6,1331.7,56.47,119,1811.5,2.903,171.73,No Failure,0
L,301.48,311.19,1579.2,17.44,147,203.9,2.39,123.26,Power Failure,1
M,300.05,308.78,1623.8,48.59,220,655.2,3.637,160.2,No Failure,0
L,299.96,310.79,1606.5,27.55,50,1189.7,2.108,168.38,No Failure,0
M,300.75,313.5,1473.9,44.19,25,345.3,2.041,153.07,No Failure,0
L,299.38,309.14,1381.8,39.35,46,646.4,2.286,151.64,No Failure,0
L,296.74,305.53,1479.2,48.5,208,249.6,3.688,153.82,No Failure,0
L,301.5,312.74,1465.9,37.65,27,212.7,1.801,128.96,No Failure,0
H,301.38,310.25,1551.6,50.11,159,677.8,3.618,143.48,No Failure,0
M,295.4,305.03,1608.0,31.72,115,207.5,2.341,153.56,No Failure,0
H,301.02,308.38,1517.8,39.19,21,791.2,2.095,160.5,No Failure,0
M,303.51,313.21,1365.5,41.93,47,719.9,2.238,160.65,No Failure,0
M,297.74,306.47,1357.0,56.77,204,905.4,4.362,137.98,No Failure,0
M,299.85,311.11,1414.1,48.33,111,193.4,3.158,159.4,No Failure,0
H,299.64,308.66,1494.7,42.04,149,124.7,2.64,158.6,No Failure,0
H,303.32,314.1,1271.5,46.4,87,2599.5,2.426,125.52,No Failure,0
M,302.24,312.14,1331.2,50.86,129,592.9,2.406,131.6,No Failure,0
L,298.24,308.37,1425.4,43.75,7,1006.1,1.159,161.29,No Failure,0
M,300.68,311.21,1627.0,29.75,248,694.5,3.579,150.12,No Failure,0
L,304.61,314.55,1276.0,46.28,197,556.5,4.096,163.71,No Failure,0
L,298.75,308.1,1626.6,39.72,150,712.2,3.088,173.57,No Failure,0
M,299.98,309.17,1640.0,36.47,237,347.6,4.032,165.45,No Failure,0
H,301.03,311.54,1473.3,32.15,241,643.0,3.701,144.11,No Failure,0
L,298.78,306.88,1675.9,45.79,101,1301.5,2.627,145.08,No Failure,0
L,303.53,315.2,1480.5,45.12,242,562.1,4.322,148.93,No Failure,0
H,299.05,309.19,1566.6,30.44,78,2056.1,2.136,157.12,No Failure,0
L,297.22,306.88,1642.0,28.94,212,928.6,3.433,164.73,No Failure,0
L,298.95,309.22,1386.3,58.92,12,286.7,2.253,129.63,No Failure,0
M,301.31,310.71,1441.7,48.61,89,1031.9,2.339,151.72,No Failure,0
H,298.4,308.23,1395.5,40.87,4,1424.6,1.711,161.35,No Failure,0
M,300.6,309.47,1412.2,46.06,206,462.1,3.849,165.54,No Failure,0
M,301.13,311.5,1569.6,35.32,158,814.6,2.553,165.47,No Failure,0
L,297.58,307.5,1588.9,38.28,14,193.6,1.372,129.63,No Failure,0
L,298.87,309.06,1627.8,40.21,134,761.0,2.746,129.3,No Failure,0
M,300.7,312.18,1381.7,49.64,57,443.8,2.215,156.04,No Failure,0
H,301.4,310.6,1620.2,25.87,196,211.2,3.423,171.14,No Failure,0
L,298.92,308.79,1522.2,29.8,49,467.8,1.608,153.43,No Failure,0
L,300.3,308.65,1696.4,27.75,136,793.9,2.432,149.94,No Failure,0
L,299.43,309.98,1403.7,48.53,166,2358.2,3.619,135.86,No Failure,0
L,301.46,311.44,1455.2,38.99,48,1254.3,2.344,141.72,No Failure,0
L,301.04,311.06,1578.9,30.84,12,1729.5,1.832,139.09,No Failure,0
L,299.25,309.1,1367.1,37.78,215,1444.6,3.367,147.07,No Failure,0
M,300.96,310.38,1599.2,33.68,29,1093.8,1.486,142.58,No Failure,0
L,299.17,311.67,1586.9,25.65,221,514.2,3.009,157.32,No Failure,0
M,300.91,310.95,1648.3,52.6,61,848.1,1.68,165.49,Power Failure,1
M,300.94,311.24,1456.3,38.51,195,272.3,3.144,146.75,No Failure,0
H,304.74,313.6,1373.3,52.83,154,833.2,3.198,143.9,No Failure,0
H,299.33,310.21,1707.5,25.51,237,840.9,3.739,143.13,No Failure,0
L,299.72,309.59,1530.0,45.04,105,594.4,2.999,171.36,No Failure,0
L,298.71,309.15,1708.6,25.57,218,599.5,3.457,136.81,No Failure,0
M,297.93,308.84,1279.2,64.45,121,551.3,3.726,152.04,No Failure,0
L,299.09,308.98,1535.1,22.71,117,990.2,2.15,136.65,No Failure,0
L,301.33,310.65,1596.5,57.96,212,840.7,4.486,127.22,Power Failure,1
L,301.47,309.15,1548.1,39.8,210,1602.9,3.443,145.03,No Failure,0
H,300.59,310.2,1534.9,38.17,9,1837.4,1.797,151.02,No Failure,0
L,299.41,308.73,1525.4,45.89,182,749.5,3.601,139.12,No Failure,0
L,299.01,307.87,1457.8,30.62,219,498.6,3.955,138.12,No Failure,0
L,298.17,309.62,1396.1,47.85,123,519.4,3.429,135.46,No Failure,0
M,298.89,309.87,1337.5,48.58,152,263.0,2.987,146.81,No Failure,0
L,297.41,305.58,1514.1,40.12,102,408.9,1.929,147.81,No Failure,0
H,302.72,312.87,1356.0,42.5,222,1202.4,3.806,167.36,No Failure,0
M,303.67,312.86,1406.3,59.3,174,1023.6,3.842,160.6,No Failure,0
L,296.13,306.5,1554.4,46.51,198,573.2,3.706,149.35,No Failure,0
L,300.58,309.78,1665.8,32.18,17,1539.9,2.486,134.52,No Failure,0
H,300.55,310.01,1479.6,47.51,35,672.9,2.263,135.62,No Failure,0
M,300.42,311.38,1560.3,34.62,169,951.8,3.344,156.05,No Failure,0
L,298.81,309.63,1520.9,32.68,23,344.1,1.293,177.22,No Failure,0
L,302.05,313.55,1499.4,45.13,104,1083.2,2.577,147.27,No Failure,0
L,300.82,310.6,1570.9,29.91,228,140.6,3.821,129.2,No Failure,0
L,302.07,310.61,1328.0,40.46,95,629.9,2.653,158.14,Heat Dissipation Failure,1
L,298.52,309.45,1390.6,46.74,12,547.8,1.875,164.01,No Failure,0
L,297.23,308.16,1418.5,59.1,117,784.9,3.53,153.96,No Failure,0
L,300.87,311.5,1347.6,46.38,35,2323.6,1.874,149.27,No Failure,0
H,298.07,307.33,1514.5,25.3,233,421.6,3.763,140.81,No Failure,0
M,302.11,311.04,1587.1,26.86,183,950.6,2.972,139.03,No Failure,0
H,295.75,306.28,1168.0,57.26,244,1069.9,5.238,155.31,Overstrain Failure,1
M,299.06,308.18,1616.4,33.66,109,1113.0,2.335,139.15,No Failure,0
M,298.77,308.46,1679.0,24.84,243,569.0,4.352,154.04,No Failure,0
L,299.34,312.24,1665.6,29.95,193,235.7,3.257,140.29,No Failure,0
M,300.52,312.65,1456.4,47.94,161,820.4,3.176,161.27,No Failure,0
L,300.79,311.59,1414.2,41.13,93,496.9,2.542,145.13,No Failure,0
M,301.28,310.62,1337.5,46.47,202,863.2,3.408,148.68,No Failure,0
H,301.51,310.79,1552.2,39.67,244,410.3,3.759,155.41,No Failure,0
H,299.66,310.37,1652.6,28.97,41,945.5,2.281,164.27,No Failure,0
L,304.22,315.71,1542.5,22.13,195,1723.7,3.33,159.22,No Failure,0
M,302.77,312.26,1454.2,31.65,132,364.4,3.032,151.14,No Failure,0
L,299.38,308.92,1488.5,41.22,94,922.4,2.426,150.64,No Failure,0
L,299.73,309.81,1607.0,28.16,77,650.6,2.343,136.65,No Failure,0
L,299.33,307.94,1505.5,49.83,52,1102.2,2.36,146.97,No Failure,0
L,300.73,309.37,1639.6,30.0,42,315.6,1.608,167.3,No Failure,0
M,298.06,306.88,1625.0,23.48,57,119.5,2.794,151.54,No Failure,0
L,298.42,308.97,1593.1,40.01,175,508.1,2.933,141.03,No Failure,0
L,295.67,305.94,1407.7,47.61,74,1036.8,2.518,159.18,No Failure,0
H,299.2,310.34,1352.8,54.93,2,570.3,2.087,152.2,No Failure,0
M,302.13,310.39,1705.3,23.88,47,222.0,1.841,127.15,No Failure,0
L,299.7,308.18,1472.3,54.24,216,859.0,3.912,139.72,Overstrain Failure,1
M,299.81,310.26,1573.7,41.85,99,523.2,2.434,135.61,No Failure,0
M,300.56,309.68,1533.5,33.79,248,506.9,4.061,137.58,No Failure,0
L,298.0,307.2,1452.0,46.81,75,757.4,2.267,142.19,No Failure,0
M,300.05,311.06,1313.6,53.55,80,1703.2,3.02,157.56,No Failure,0
H,301.78,311.23,1715.3,23.21,120,231.8,2.536,138.43,No Failure,0
L,300.61,310.18,1481.3,35.69,33,618.7,1.793,133.95,No Failure,0
L,301.96,311.71,1363.9,34.55,38,1291.5,1.909,158.85,No Failure,0
L,302.53,312.34,1410.2,46.26,197,1771.7,3.855,148.5,No Failure,0
H,301.33,312.01,1306.2,54.6,63,1490.2,2.92,160.23,No Failure,0
L,298.57,307.36,1250.5,40.73,200,282.5,3.737,151.56,Tool Wear Failure,1
L,299.31,309.12,1471.8,37.08,71,562.3,2.315,194.65,No Failure,0
H,303.86,315.03,1534.8,44.45,195,505.2,3.915,148.11,No Failure,0
M,300.63,312.76,1556.0,37.66,53,249.6,1.658,139.92,No Failure,0
L,300.36,309.01,1710.6,18.3,176,711.8,2.765,152.95,Power Failure,1
L,298.28,308.61,1586.9,45.17,57,383.1,2.229,146.09,No Failure,0
L,299.82,309.63,1369.0,49.86,197,392.3,3.506,153.99,No Failure,0
H,301.43,311.33,1311.0,50.74,72,3739.3,2.755,146.19,No Failure,0
L,300.03,309.24,1636.9,28.44,215,492.1,3.529,164.46,No Failure,0
L,298.96,309.72,1483.6,46.07,129,995.8,2.674,165.09,No Failure,0
M,299.43,310.13,1263.4,55.33,8,395.7,1.616,142.83,No Failure,0
L,302.38,314.91,1281.7,65.31,179,309.5,3.895,158.53,Overstrain Failure,1
L,301.34,310.01,1510.2,44.79,247,431.0,4.365,160.69,Overstrain Failure,1
H,301.07,309.32,1446.0,49.84,53,550.4,2.355,162.54,No Failure,0
L,300.88,312.94,1645.3,30.07,191,824.0,4.093,133.42,No Failure,0
H,297.63,307.58,1529.4,28.77,70,833.3,2.019,155.04,No Failure,0
M,300.54,310.09,1293.4,49.87,136,607.7,2.983,137.5,No Failure,0
L,302.14,312.32,1580.7,19.64,46,100.9,2.047,143.87,Power Failure,1
M,299.48,308.08,1565.4,41.55,99,1385.2,2.72,151.14,No Failure,0
M,301.95,312.33,1478.8,54.31,180,211.2,4.089,142.57,No Failure,0
M,301.09,311.01,1427.9,47.13,247,1208.8,4.642,150.15,No Failure,0
M,301.66,312.73,1579.6,47.06,68,751.8,2.317,160.25,No Failure,0
L,300.1,310.96,1489.4,39.51,23,1078.2,1.644,153.66,No Failure,0
L,301.77,312.71,1486.7,35.9,175,1679.2,3.488,144.38,No Failure,0
M,297.07,307.26,1200.6,61.55,192,1573.4,3.709,152.16,No Failure,0
L,300.07,311.67,1394.5,52.34,90,728.7,2.606,152.6,No Failure,0
L,301.43,312.0,1527.7,48.46,33,1133.5,1.52,156.88,No Failure,0
L,300.59,310.06,1611.9,40.28,60,636.4,2.162,138.55,No Failure,0
L,302.19,311.38,1643.0,34.16,139,630.6,3.317,146.69,No Failure,0
M,299.69,308.99,1458.6,50.8,31,561.3,2.136,150.21,No Failure,0
H,298.91,309.49,1668.3,36.93,116,1387.6,2.204,168.99,No Failure,0
H,296.72,305.39,1406.5,40.79,76,1009.8,2.997,140.63,No Failure,0
L,299.45,309.61,1557.4,46.16,26,1026.5,1.789,153.28,No Failure,0
L,301.03,310.2,1508.6,42.09,12,512.0,1.777,144.03,No Failure,0
H,301.52,310.27,1395.0,55.5,44,1277.8,2.451,137.75,No Failure,0
L,297.2,306.11,1477.5,26.8,184,1297.1,3.437,154.91,No Failure,0
M,302.35,312.33,1525.3,40.67,90,180.0,2.656,143.08,No Failure,0
M,298.05,308.81,1432.8,61.38,78,2283.2,2.766,161.96,Power Failure,1
L,299.76,309.08,1236.7,48.97,81,486.8,2.586,140.34,No Failure,0
L,298.86,306.79,1587.4,38.03,1,1036.5,1.361,148.87,No Failure,0
M,300.83,313.99,1230.4,47.99,58,339.6,2.028,153.12,No Failure,0
L,300.19,311.31,1376.3,39.52,205,521.1,3.549,149.91,No Failure,0
H,301.36,312.29,1374.2,54.66,121,1660.2,3.568,133.11,No Failure,0
M,303.69,315.32,1576.7,48.21,177,323.5,3.216,134.11,No Failure,0
L,300.8,310.89,1557.8,31.33,148,902.3,2.51,155.86,No Failure,0
M,298.85,308.71,1523.2,42.38,6,612.9,1.762,165.02,No Failure,0
L,300.92,312.28,1384.6,44.19,178,142.7,3.771,135.0,No Failure,0
L,303.89,315.24,1445.1,44.68,124,1115.7,2.732,121.74,No Failure,0
H,301.31,311.93,1469.6,43.19,80,1402.1,2.172,154.96,No Failure,0
M,301.89,312.77,1601.4,45.65,19,712.3,2.013,156.85,No Failure,0
M,296.81,305.57,1399.2,44.19,162,1284.5,3.354,159.92,No Failure,0
H,300.77,310.52,1498.4,32.79,142,546.6,3.331,154.74,No Failure,0
M,299.46,311.17,1633.4,35.44,152,527.3,3.39,158.28,No Failure,0
L,298.64,309.44,1498.1,37.46,148,1338.9,2.65,173.41,No Failure,0
L,299.96,308.49,1502.5,40.96,175,541.5,3.059,142.36,No Failure,0
L,300.22,309.69,1559.2,37.49,196,1606.1,2.673,163.97,No Failure,0
L,298.75,310.29,1354.5,51.03,239,2049.8,4.269,172.03,Overstrain Failure,1
L,300.38,310.83,1392.1,30.4,242,668.3,3.598,151.27,No Failure,0
M,299.65,309.83,1735.5,22.65,225,1157.2,4.098,147.5,No Failure,0
L,301.4,311.62,1353.1,59.67,246,1730.8,4.303,142.99,Overstrain Failure,1
M,300.46,310.37,1450.5,31.82,209,189.9,3.427,134.1,No Failure,0
H,300.75,310.23,1482.0,51.0,98,487.1,2.589,113.31,No Failure,0
H,301.96,311.13,1632.1,46.09,177,979.5,3.519,163.68,No Failure,0
L,301.11,312.12,1669.9,32.18,142,938.5,3.268,144.53,No Failure,0
H,299.99,310.23,1697.9,38.67,70,1054.3,1.641,148.05,No Failure,0
H,295.83,306.53,1412.1,37.18,2,665.5,1.899,138.12,No Failure,0
L,301.03,311.57,1493.9,43.56,36,670.5,1.443,148.11,No Failure,0
L,298.18,309.58,1593.3,32.33,243,1304.9,3.788,163.11,No Failure,0
L,299.83,310.28,1503.6,38.23,173,1111.5,2.969,142.28,No Failure,0
M,300.74,311.57,1473.5,39.63,217,47.9,3.453,172.65,No Failure,0
M,302.67,312.83,1168.0,51.02,147,1195.6,2.874,147.4,No Failure,0
L,303.68,312.74,1685.2,35.89,37,670.7,2.005,151.33,No Failure,0
M,298.16,307.93,1432.5,30.24,141,897.5,2.68,162.11,No Failure,0
L,297.37,307.96,1624.9,34.55,229,112.8,3.941,160.5,No Failure,0
L,300.65,311.33,1471.6,43.67,176,1045.3,3.631,160.77,No Failure,0
H,300.48,311.94,1639.0,22.28,74,116.9,1.902,180.76,No Failure,0
H,297.6,307.14,1385.7,51.97,157,1368.9,3.606,160.44,No Failure,0
M,299.97,310.19,1516.3,40.2,156,1210.0,3.185,151.87,No Failure,0
L,301.2,311.07,1523.0,44.33,57,318.2,2.112,160.59,No Failure,0
L,297.54,309.16,1568.1,42.19,124,418.1,3.158,140.18,No Failure,0
L,298.01,308.39,1542.1,33.33,228,593.3,4.189,152.35,No Failure,0
L,298.71,309.11,1478.1,29.18,141,655.5,3.171,176.68,No Failure,0
L,299.58,309.54,1444.5,33.0,220,1005.6,3.149,145.29,No Failure,0
H,301.39,311.16,1714.0,24.94,174,310.6,3.058,159.01,No Failure,0
M,299.35,307.9,1447.7,43.48,31,569.8,2.371,143.22,No Failure,0
L,300.11,308.85,1420.8,38.37,137,1262.1,2.569,139.69,No Failure,0
L,304.49,314.67,1556.0,24.66,148,111.2,2.745,143.92,No Failure,0
L,298.09,308.14,1540.9,33.83,164,1264.1,2.891,170.45,No Failure,0
L,298.69,308.88,1332.3,46.52,227,322.7,4.081,155.0,No Failure,0
M,301.36,312.3,1393.8,52.93,93,1397.0,3.665,146.93,No Failure,0
L,301.98,312.07,1715.5,27.16,166,354.1,3.001,146.91,No Failure,0
H,300.83,310.48,1316.4,61.61,209,362.5,4.072,147.17,No Failure,0
L,303.62,313.41,1417.7,30.41,130,663.8,3.376,151.73,No Failure,0
L,300.63,310.88,1714.5,22.95,10,794.2,1.418,139.64,No Failure,0
H,296.05,305.67,1459.3,57.57,228,615.0,4.043,156.15,Overstrain Failure,1
L,300.19,311.26,1687.9,29.59,54,462.7,1.436,162.93,No Failure,0
L,298.86,308.85,1383.4,55.24,192,1140.2,4.15,148.87,No Failure,0
M,302.77,313.02,1763.0,33.35,184,323.5,2.95,134.21,No Failure,0
L,301.93,311.11,1589.7,37.07,164,1105.9,3.122,153.1,No Failure,0
L,296.82,307.89,1873.5,26.95,194,498.6,3.408,135.19,No Failure,0
L,302.7,314.14,1519.4,52.77,108,1057.7,3.126,132.68,No Failure,0
L,301.88,310.52,1516.7,51.4,26,294.5,1.595,158.54,No Failure,0
M,299.35,309.75,1496.8,33.4,194,768.2,3.084,121.68,No Failure,0
L,299.84,309.74,1420.7,39.25,137,257.5,3.021,151.95,No Failure,0
M,302.78,313.07,1457.4,46.62,217,507.2,3.426,160.4,No Failure,0
H,296.06,306.51,1520.4,35.29,79,953.1,2.5,175.9,No Failure,0
L,300.89,308.66,1342.5,53.64,41,593.6,1.883,129.8,Heat Dissipation Failure,1
L,302.19,312.95,1496.8,38.94,42,1789.1,1.91,145.58,No Failure,0
L,299.82,310.93,1523.7,34.81,174,476.7,3.083,140.28,No Failure,0
L,301.3,312.52,1569.0,24.17,20,1043.1,1.72,155.95,No Failure,0
L,300.21,309.26,1662.6,27.06,174,339.5,2.923,138.12,No Failure,0
M,298.43,308.4,1385.3,45.89,59,1777.3,2.519,176.64,No Failure,0
L,298.38,307.84,1477.3,42.35,36,1439.1,2.351,138.37,No Failure,0
L,301.42,309.51,1325.4,48.16,87,811.2,2.619,151.18,Heat Dissipation Failure,1
M,298.73,308.11,1554.0,34.37,211,723.6,3.669,157.52,No Failure,0
H,296.95,305.87,1649.4,23.59,14,609.5,1.201,156.51,No Failure,0
L,300.24,310.58,1453.2,35.04,216,999.9,3.327,147.17,No Failure,0
L,298.97,307.34,1343.3,60.38,227,1284.2,3.89,129.96,Heat Dissipation Failure,1
H,297.6,306.62,1568.4,30.35,33,191.2,1.766,146.85,No Failure,0
L,300.14,309.62,1461.4,39.64,89,848.4,2.309,131.21,No Failure,0
M,301.53,312.3,1652.5,15.86,182,93.9,3.063,148.97,Power Failure,1
M,300.04,312.82,1581.9,34.8,115,957.0,2.556,153.68,No Failure,0
M,297.87,308.17,1535.7,35.86,58,886.2,1.945,143.76,No Failure,0
L,300.96,309.93,1559.6,43.32,133,203.4,2.937,144.59,No Failure,0
L,302.07,311.39,1432.2,36.82,57,292.2,1.467,136.37,No Failure,0
L,304.43,315.08,1604.6,24.81,2,537.6,1.59,181.97,No Failure,0
M,302.88,311.54,1497.8,33.36,31,340.7,1.668,156.71,No Failure,0
M,297.99,309.09,1521.8,37.96,228,157.8,3.72,135.33,No Failure,0
M,301.72,311.99,1603.9,30.04,171,315.6,3.587,137.06,No Failure,0
H,300.51,310.39,1461.7,31.49,204,1248.2,3.373,155.49,No Failure,0
H,297.7,306.01,1473.0,50.05,226,910.6,4.236,126.61,No Failure,0
M,300.57,311.49,1744.6,33.75,43,798.1,1.313,140.25,No Failure,0
L,303.84,313.08,1480.2,44.4,143,763.3,2.926,160.31,No Failure,0
L,302.39,312.55,1436.1,38.23,86,535.6,2.769,161.58,No Failure,0
M,297.97,307.82,1572.1,27.7,64,204.1,2.254,153.43,No Failure,0
M,300.03,308.44,1497.5,36.67,89,660.2,2.624,149.82,No Failure,0
L,300.98,310.75,1416.7,42.91,47,100.7,1.884,169.06,No Failure,0
M,296.54,305.33,1426.1,57.37,141,577.9,3.425,136.64,No Failure,0
L,296.61,305.96,1397.7,32.28,41,360.7,1.738,141.79,No Failure,0
L,300.31,310.74,1531.3,39.15,29,302.0,1.976,170.15,No Failure,0
H,300.34,311.04,1543.4,49.09,51,1048.6,2.556,148.78,No Failure,0
L,296.32,306.3,1509.5,52.61,155,536.5,3.46,156.27,No Failure,0
M,300.78,309.89,1644.1,33.51,138,2876.4,3.165,151.34,No Failure,0
M,302.17,311.53,1453.1,38.44,206,976.8,3.962,183.66,Tool Wear Failure,1
M,299.56,308.9,1542.2,51.13,248,1398.9,3.947,143.76,Overstrain Failure,1
L,300.12,307.98,1492.1,45.11,57,1332.1,1.691,161.74,No Failure,0
M,301.14,311.22,1545.4,50.33,233,554.7,4.445,128.84,No Failure,0
L,300.88,309.21,1503.6,51.71,70,752.1,2.558,153.43,No Failure,0
M,296.66,306.74,1484.0,45.54,23,683.6,2.364,163.98,No Failure,0
L,298.19,306.73,1466.5,41.44,201,228.1,3.742,160.77,No Failure,0
H,299.21,308.0,1766.4,33.29,50,1344.3,2.444,156.46,No Failure,0
M,298.28,308.95,1359.3,37.56,67,553.5,2.451,159.7,No Failure,0
L,302.93,312.96,1498.6,38.22,170,452.2,3.382,142.19,No Failure,0
L,301.27,309.38,1277.6,51.99,201,292.6,3.73,159.86,Heat Dissipation Failure,1
L,297.78,307.22,1496.4,41.76,172,1993.4,3.198,173.93,No Failure,0
M,299.57,309.83,1517.2,41.86,35,674.0,1.453,142.42,No Failure,0
M,302.26,311.64,1521.7,30.06,52,898.4,2.11,169.99,No Failure,0
M,298.71,308.36,1352.5,52.04,130,569.9,2.892,151.67,No Failure,0
H,301.7,311.95,1442.5,32.33,239,679.3,3.754,155.15,No Failure,0
L,302.77,312.81,1563.4,37.15,41,349.2,1.941,120.54,No Failure,0
M,302.43,311.44,1353.3,53.09,146,372.2,3.155,135.55,No Failure,0
L,300.36,310.38,1467.1,48.87,249,423.8,4.321,149.56,Overstrain Failure,1
M,302.5,312.21,1520.8,31.5,132,1710.3,2.015,164.09,No Failure,0
L,298.96,310.68,1608.6,29.21,66,1822.3,2.051,143.62,No Failure,0
M,304.97,314.87,1582.9,37.96,205,895.2,3.807,141.31,No Failure,0
L,300.48,310.62,1589.2,34.24,43,874.4,1.38,144.22,No Failure,0
L,302.29,312.55,1636.4,25.33,93,424.4,2.024,174.92,No Failure,0
L,299.28,308.95,1551.0,32.47,46,1057.5,2.329,162.4,No Failure,0
H,301.0,310.28,1762.8,12.52,178,901.4,2.8,147.25,Power Failure,1
M,301.09,311.55,1373.4,49.04,245,923.3,4.013,150.2,Overstrain Failure,1
L,298.14,308.61,1415.1,48.41,229,205.6,4.287,123.88,Overstrain Failure,1
L,298.08,310.17,1418.4,54.1,19,2097.3,1.726,138.0,No Failure,0
L,299.59,310.33,1610.1,43.53,237,599.3,3.722,138.12,Random Failure,1
H,302.21,312.97,1480.8,35.52,149,451.3,2.709,147.1,No Failure,0
H,296.34,307.05,1338.5,50.23,9,632.9,2.316,165.11,No Failure,0
H,299.27,308.58,1581.8,32.99,32,410.4,1.462,146.26,No Failure,0
H,302.62,311.36,1714.8,26.73,18,684.8,1.491,136.21,No Failure,0
L,297.54,306.53,1584.8,38.53,115,773.3,3.071,145.27,No Failure,0
L,302.51,313.2,1469.1,44.11,177,1077.9,3.141,146.3,No Failure,0
M,297.74,309.17,1675.3,31.88,113,344.8,2.026,147.83,No Failure,0
M,298.17,308.9,1420.9,29.52,1,464.5,2.05,148.93,No Failure,0
L,299.71,309.54,1624.4,35.83,75,542.5,2.306,155.88,No Failure,0
M,303.75,315.42,1438.8,44.12,165,432.9,3.133,137.85,No Failure,0
L,298.72,308.28,1568.3,38.55,121,1790.2,2.731,167.31,No Failure,0
L,296.53,305.39,1379.8,66.36,205,573.3,4.406,139.73,Power Failure,1
L,297.2,307.45,1528.3,38.64,189,1453.2,2.983,154.77,No Failure,0
H,301.86,313.16,1446.3,47.51,22,905.5,1.824,137.31,No Failure,0
M,297.29,306.45,1580.7,25.51,177,1073.1,3.326,137.87,No Failure,0
M,302.38,310.67,1605.3,45.87,5,372.6,2.219,163.5,No Failure,0
H,300.14,310.18,1568.0,35.38,10,1254.0,2.056,159.45,No Failure,0
H,299.94,310.71,1520.7,39.91,127,716.0,2.901,164.58,No Failure,0
L,300.59,307.63,1500.9,56.87,245,290.2,4.851,162.68,Overstrain Failure,1
M,298.4,309.38,1484.6,36.28,246,298.6,3.462,126.51,No Failure,0
L,300.28,308.91,1582.2,26.92,191,140.7,3.293,156.63,No Failure,0
M,297.61,308.34,1676.5,28.48,133,1007.6,1.891,152.02,No Failure,0
L,302.7,310.7,1645.9,41.73,185,548.9,3.922,137.34,No Failure,0
L,297.95,306.47,1494.5,41.19,243,927.3,4.188,141.23,No Failure,0
M,300.88,311.5,1528.6,40.77,247,1407.1,4.628,137.4,No Failure,0
L,297.93,309.15,1459.9,27.14,175,163.8,2.907,155.92,No Failure,0
L,298.93,308.92,1453.3,60.26,49,533.3,2.082,162.29,Power Failure,1
M,299.25,311.65,1285.4,54.65,75,200.8,2.886,150.33,No Failure,0
M,305.96,314.94,1441.0,41.3,85,447.7,2.426,127.81,No Failure,0
L,299.97,308.94,1638.6,24.79,60,239.6,2.229,147.59,No Failure,0
L,298.36,308.05,1314.8,55.84,239,1804.1,4.545,130.79,Overstrain Failure,1
L,299.11,308.76,1234.5,51.37,151,511.2,3.244,177.57,No Failure,0
H,296.99,307.27,1380.6,41.03,101,2099.0,2.621,162.56,No Failure,0
H,299.67,308.93,1413.0,51.99,83,931.7,2.598,160.84,No Failure,0
L,303.7,314.27,1674.2,35.06,204,950.7,3.549,131.93,No Failure,0
M,300.67,311.22,1704.2,30.4,59,343.7,1.844,161.84,No Failure,0
M,301.81,313.42,1521.8,41.57,181,425.9,3.625,152.96,No Failure,0
H,298.18,307.69,1638.3,24.47,98,535.9,1.747,147.52,No Failure,0
L,299.59,309.93,1660.6,28.9,12,965.7,0.915,155.24,No Failure,0
M,300.41,311.01,1575.8,45.44,133,95.5,2.903,122.9,No Failure,0
M,298.55,308.54,1491.3,42.4,25,196.7,1.708,151.75,No Failure,0
L,300.8,310.59,1624.2,26.18,230,877.5,3.465,145.98,No Failure,0
L,301.23,309.17,1551.0,35.91,53,185.1,2.42,142.08,No Failure,0
L,301.09,311.17,1697.9,26.62,238,830.0,3.751,138.97,No Failure,0
L,299.7,310.29,1415.9,35.11,165,1755.4,3.384,144.31,No Failure,0
M,302.18,312.12,1549.3,34.02,182,385.3,3.456,145.77,No Failure,0
M,299.48,308.7,1456.7,49.92,29,1169.8,2.541,155.51,No Failure,0
L,299.3,307.62,1342.1,38.43,60,802.9,1.976,145.87,Heat Dissipation Failure,1
H,302.88,313.34,1602.0,37.57,1,253.5,1.733,114.97,No Failure,0
L,297.79,307.82,1628.3,36.08,115,77.6,2.606,143.07,No Failure,0
H,296.59,307.98,1462.5,22.79,71,625.7,1.632,148.6,Power Failure,1
L,298.26,306.81,1470.7,39.01,24,1845.1,1.454,149.1,No Failure,0
H,300.77,310.3,1427.2,44.83,78,739.2,2.409,171.39,No Failure,0
H,302.57,311.25,1401.5,42.32,142,1564.3,3.382,138.69,No Failure,0
H,298.68,309.7,1377.0,46.93,135,2199.9,2.913,132.47,No Failure,0
H,303.63,314.87,1393.7,47.41,160,840.1,3.196,160.6,No Failure,0
L,300.05,311.98,1379.0,61.98,208,1219.9,3.911,151.61,Overstrain Failure,1
M,299.77,310.29,1702.6,28.71,99,222.2,2.003,161.16,No Failure,0
M,298.3,309.09,1530.9,42.35,220,1092.3,3.701,122.59,No Failure,0
L,303.9,314.34,1390.0,43.47,54,1394.7,2.548,142.04,No Failure,0
H,299.7,310.27,1596.8,36.8,129,544.2,2.904,156.45,No Failure,0
L,297.34,307.39,1605.0,33.68,246,602.4,3.762,142.09,No Failure,0
L,304.92,315.53,1196.1,44.99,2,1532.6,1.605,166.2,No Failure,0
H,300.79,312.93,1579.4,44.03,9,454.6,1.87,137.1,No Failure,0
L,301.6,311.82,1596.3,29.47,136,854.9,2.568,172.44,No Failure,0
L,303.36,313.39,1659.2,22.02,182,716.4,3.326,145.01,No Failure,0
L,301.23,311.43,1382.5,35.08,33,2039.9,2.203,154.88,No Failure,0
M,301.95,311.8,1699.1,33.27,171,1109.4,2.828,139.01,No Failure,0
H,300.11,310.36,1482.1,46.03,9,598.1,1.719,145.45,No Failure,0
L,301.47,311.28,1643.7,30.76,140,727.9,2.935,170.97,No Failure,0
M,299.93,311.08,1395.1,38.22,50,89.9,2.455,141.69,No Failure,0
M,299.96,311.0,1682.6,22.93,46,1545.3,0.936,149.5,No Failure,0
M,300.24,312.41,1672.0,24.49,245,946.2,3.548,166.3,No Failure,0
M,299.21,309.18,1547.6,32.31,213,511.8,2.812,139.69,No Failure,0
H,301.01,311.3,1403.7,37.49,88,963.0,2.657,160.22,No Failure,0
L,301.0,311.25,1560.1,31.8,152,1108.6,2.956,146.26,No Failure,0
L,301.64,311.84,1402.6,41.43,245,784.4,4.386,130.78,No Failure,0
M,301.28,312.41,1573.3,22.99,169,810.8,2.878,160.98,No Failure,0
L,304.0,312.38,1621.6,37.85,181,151.8,3.298,179.82,No Failure,0
L,302.11,312.57,1524.1,37.97,177,986.6,3.436,164.71,No Failure,0
L,299.59,311.58,1608.5,25.52,126,998.4,2.594,154.04,No Failure,0
L,300.91,312.27,1375.9,42.28,30,1442.1,1.787,143.19,No Failure,0
H,302.83,314.07,1669.4,18.31,6,1261.4,1.488,153.27,Power Failure,1
L,298.1,308.94,1541.3,33.15,116,510.9,2.955,160.27,No Failure,0
M,304.03,313.43,1348.7,47.87,145,877.5,3.304,135.09,No Failure,0
M,298.45,307.7,1775.7,17.75,197,876.7,3.54,121.88,Power Failure,1
L,301.8,311.06,1539.7,46.71,8,1138.4,2.256,130.86,No Failure,0
L,300.01,308.87,1523.6,28.34,99,535.5,2.178,140.99,No Failure,0
L,299.9,310.84,1582.9,34.1,90,963.3,2.386,145.6,No Failure,0
M,297.39,308.86,1220.7,54.07,182,1447.3,3.813,144.23,No Failure,0
L,301.82,312.25,1578.8,33.73,140,751.2,2.394,149.0,No Failure,0
M,297.42,308.23,1441.2,56.14,93,735.8,2.883,137.84,No Failure,0
L,297.11,307.41,1423.4,36.95,180,312.5,3.298,151.94,No Failure,0
L,302.32,312.89,1508.1,39.15,200,1186.1,3.358,145.6,No Failure,0
L,303.58,311.46,1444.1,48.42,157,634.2,3.41,143.04,Random Failure,1
L,298.67,308.98,1716.5,45.44,211,545.0,3.534,149.69,No Failure,0
L,302.01,311.58,1719.9,41.54,134,728.2,2.503,142.43,No Failure,0
H,301.59,311.55,1566.0,35.37,208,368.1,2.868,166.98,No Failure,0
L,299.82,310.04,1564.3,24.49,183,1247.2,2.601,143.92,No Failure,0
M,302.67,311.96,1642.2,24.98,163,1051.7,2.563,148.43,No Failure,0
M,299.67,308.6,1496.3,53.13,121,771.7,3.078,168.45,No Failure,0
M,301.04,310.29,1213.4,56.99,126,509.9,3.294,141.34,No Failure,0
M,297.49,306.04,1301.4,41.3,169,815.9,3.131,161.38,Heat Dissipation Failure,1
L,297.58,306.42,1538.8,22.26,213,831.0,3.553,143.9,No Failure,0
M,302.34,311.32,1630.4,32.28,180,1807.6,3.335,175.24,No Failure,0
L,301.1,309.67,1639.6,31.78,94,1868.3,2.1,144.1,No Failure,0
M,299.72,310.24,1584.3,34.44,11,441.0,1.305,136.09,No Failure,0
L,303.82,312.92,1670.7,31.15,240,476.4,4.186,163.44,No Failure,0
M,303.79,311.93,1442.0,45.21,63,1403.8,2.172,176.76,No Failure,0
M,300.88,310.48,1455.8,42.47,207,453.5,4.236,156.75,No Failure,0
M,297.09,305.98,1408.3,55.8,24,1147.8,1.769,146.12,No Failure,0
L,299.78,311.24,1685.1,36.11,67,1076.5,2.109,133.5,No Failure,0
M,298.33,308.47,1521.0,42.0,6,463.8,1.236,153.25,No Failure,0
M,300.18,308.71,1432.1,47.41,93,813.1,2.073,170.81,No Failure,0
L,298.13,308.7,1454.5,50.22,22,222.9,1.811,158.24,No Failure,0
L,297.61,307.69,1726.9,27.65,223,959.3,3.79,146.11,No Failure,0
L,295.47,305.24,1435.2,44.05,102,915.3,2.499,144.96,No Failure,0
L,300.33,311.91,1448.0,41.47,63,765.7,2.425,153.73,No Failure,0
M,295.4,304.43,1433.1,43.03,77,540.8,2.156,138.13,No Failure,0
L,299.36,310.39,1568.6,40.6,20,1526.6,2.207,153.41,No Failure,0
M,301.39,310.98,1292.8,57.13,51,340.9,2.194,163.01,No Failure,0
M,298.56,308.54,1628.9,31.09,19,886.5,2.043,155.66,No Failure,0
M,297.83,307.08,1443.6,30.5,1,559.8,1.425,151.78,No Failure,0
M,299.86,309.18,1542.3,31.79,216,557.3,3.274,137.12,No Failure,0
M,298.34,307.91,1518.0,37.1,170,1035.9,2.973,155.5,No Failure,0
M,300.37,308.47,1637.4,42.93,92,1877.6,2.683,138.9,No Failure,0
L,297.93,308.28,1623.8,35.44,62,87.2,1.776,159.45,No Failure,0
H,299.79,309.91,1387.5,50.06,52,723.8,2.393,159.48,No Failure,0
H,299.31,307.81,1453.6,39.96,92,1373.6,2.29,133.23,No Failure,0
L,299.98,310.64,1447.0,39.04,66,312.7,1.902,139.52,No Failure,0
H,303.27,314.73,1505.4,26.7,202,1799.9,3.087,147.85,No Failure,0
H,300.4,309.74,1499.7,58.21,148,198.3,2.961,142.41,Power Failure,1
L,301.01,310.22,1435.8,39.53,21,518.7,1.824,143.32,No Failure,0
M,298.75,309.86,1523.9,56.37,104,284.1,3.012,159.21,No Failure,0
M,300.45,310.85,1558.7,33.78,35,409.8,1.581,158.01,No Failure,0
L,299.45,309.31,1426.1,48.31,35,1635.7,1.861,158.61,No Failure,0
L,300.06,310.87,1553.8,34.37,159,286.4,2.61,158.12,No Failure,0
L,301.3,311.57,1463.4,58.19,122,762.5,2.973,171.38,No Failure,0
M,299.0,310.43,1333.4,51.21,46,430.1,2.4,147.22,No Failure,0
L,299.2,309.19,1477.8,48.5,163,1013.8,3.169,158.13,No Failure,0
M,299.03,309.45,1554.5,32.75,111,662.3,2.617,122.45,No Failure,0
M,298.99,310.09,1383.8,59.07,98,664.6,3.115,133.42,No Failure,0
M,300.35,307.9,1318.6,60.38,6,383.7,1.688,157.9,Heat Dissipation Failure,1
L,299.27,310.41,1497.9,36.2,154,1650.8,3.7,150.57,No Failure,0
L,303.0,312.49,1534.3,41.62,68,907.6,2.565,149.84,No Failure,0
L,305.36,315.86,1301.6,49.27,175,858.9,3.407,148.15,No Failure,0
L,298.86,310.53,1783.2,20.28,82,1064.6,1.477,124.85,No Failure,0
L,300.59,310.28,1418.0,51.46,162,428.5,3.12,138.38,No Failure,0
L,302.08,311.62,1368.7,50.24,156,1292.1,3.93,149.48,No Failure,0
L,299.47,309.41,1578.2,34.37,35,938.8,1.952,165.72,No Failure,0
M,298.01,306.56,1612.9,18.08,23,1008.6,1.207,152.72,Power Failure,1
L,303.48,315.68,1480.4,43.33,109,16.1,2.602,147.98,No Failure,0
L,301.37,311.33,1598.3,28.66,68,619.6,2.455,149.03,No Failure,0
H,300.64,312.28,1740.3,24.12,227,548.4,3.662,141.28,No Failure,0
M,302.9,312.57,1495.4,43.71,30,840.6,1.837,167.76,No Failure,0
H,301.54,311.57,1293.8,53.18,39,1565.5,1.742,146.9,No Failure,0
M,299.9,310.85,1569.8,37.81,118,438.3,2.66,169.74,No Failure,0
L,298.05,306.94,1470.1,51.85,218,834.7,4.178,146.17,Overstrain Failure,1
H,299.01,308.91,1301.8,46.64,106,990.6,2.925,149.03,No Failure,0
H,302.41,313.32,1502.9,26.27,111,757.9,2.113,148.64,No Failure,0
M,301.36,311.15,1725.2,34.46,228,490.4,3.747,153.2,No Failure,0
M,299.63,309.14,1383.8,50.79,150,226.9,3.468,133.09,No Failure,0
L,303.53,314.65,1517.2,34.38,216,117.8,4.061,150.29,No Failure,0
L,299.69,311.09,1431.3,48.19,78,517.2,2.419,142.46,No Failure,0
M,301.98,313.54,1475.1,35.9,42,487.1,2.461,149.11,No Failure,0
M,300.44,309.77,1282.8,47.21,181,765.9,3.691,145.41,No Failure,0
L,303.87,313.29,1364.7,44.29,63,1613.9,2.128,129.53,No Failure,0
L,301.51,311.03,1462.4,37.52,44,579.5,1.673,145.5,No Failure,0
L,300.09,310.81,1399.3,46.93,153,160.9,2.6,160.88,No Failure,0
L,299.64,308.45,1603.5,18.4,190,760.5,2.754,147.85,Power Failure,1
L,299.97,308.83,1452.6,29.14,226,90.2,4.081,143.33,No Failure,0
H,298.55,307.83,1487.3,35.36,35,112.2,1.71,124.71,No Failure,0
L,297.27,306.33,1506.6,51.73,221,303.0,3.543,145.05,Overstrain Failure,1
L,300.62,311.5,1555.2,25.54,43,331.1,1.475,153.69,No Failure,0
L,298.93,309.75,1486.4,39.65,173,542.2,3.323,165.01,No Failure,0
M,298.93,308.45,1604.6,43.17,2,1084.1,1.567,112.57,No Failure,0
M,299.82,309.63,1418.3,42.48,129,449.7,3.04,165.57,No Failure,0
M,300.1,307.56,1783.0,39.01,215,730.5,3.617,157.21,No Failure,0
H,300.01,309.56,1629.9,33.79,41,1246.8,1.694,148.14,No Failure,0
H,303.48,314.72,1526.7,37.53,211,2364.3,3.628,140.78,No Failure,0
H,301.32,310.81,1399.7,49.75,20,386.7,1.641,160.97,No Failure,0
H,304.22,313.12,1675.9,33.12,97,488.5,2.471,151.56,No Failure,0
L,299.12,310.5,1610.4,18.41,45,765.9,1.306,131.91,Power Failure,1
M,301.57,310.45,1423.8,44.66,0,709.2,1.623,160.44,No Failure,0
L,299.23,310.78,1525.0,54.96,69,634.4,2.67,154.2,No Failure,0
M,298.88,311.77,1550.3,29.49,233,467.7,3.595,167.08,No Failure,0
L,304.29,314.18,1349.1,53.61,224,173.4,4.09,154.68,Overstrain Failure,1
L,298.46,309.71,1398.7,45.21,42,641.2,2.316,170.44,No Failure,0
L,295.54,303.87,1418.6,28.44,137,450.2,2.507,168.25,No Failure,0
M,298.58,306.87,1647.6,32.96,37,518.5,2.319,144.94,No Failure,0
M,295.98,305.19,1555.9,32.52,225,762.1,3.306,166.98,No Failure,0
L,298.1,308.92,1582.7,41.69,52,1607.5,2.507,139.08,No Failure,0
M,298.28,308.28,1499.3,38.19,221,237.2,3.887,131.0,No Failure,0
L,300.07,309.88,1373.6,51.06,64,575.8,2.586,144.49,No Failure,0
M,295.9,304.61,1372.3,48.49,35,225.5,2.408,168.18,No Failure,0
L,302.39,312.26,1685.2,24.55,232,1301.4,3.602,154.96,No Failure,0
L,296.25,305.6,1541.1,25.81,34,1210.4,1.702,152.3,No Failure,0
M,299.74,308.82,1485.5,46.14,157,1654.5,3.305,160.69,No Failure,0
M,299.35,308.34,1544.7,34.85,157,896.6,3.313,137.92,No Failure,0
H,301.65,311.84,1420.2,38.25,85,31.3,2.715,145.69,No Failure,0
M,300.7,309.98,1415.9,45.47,177,836.0,3.47,152.48,No Failure,0
H,302.37,312.37,1432.2,48.58,190,2408.2,3.557,152.79,No Failure,0
L,299.28,307.51,1570.7,27.67,154,491.6,2.572,150.11,No Failure,0
L,299.07,309.57,1848.3,17.78,193,390.7,3.137,129.98,Power Failure,1
H,300.83,311.07,1530.2,38.87,68,460.9,2.105,141.05,No Failure,0
L,302.06,311.83,1550.7,31.45,61,994.6,1.498,146.97,No Failure,0
M,301.65,311.81,1462.0,40.66,123,330.9,2.796,136.04,No Failure,0
L,300.64,311.58,1486.5,39.11,43,1250.2,2.02,136.36,No Failure,0
L,300.47,309.02,1523.3,30.25,28,86.6,1.916,154.77,No Failure,0
L,299.93,309.99,1259.0,60.87,38,1680.8,2.381,131.08,No Failure,0
M,300.82,309.51,1552.5,40.17,7,502.6,1.355,133.85,No Failure,0
M,304.07,314.16,1684.5,34.26,89,1168.1,2.672,141.83,No Failure,0
L,299.51,309.26,1451.3,41.01,73,466.4,1.716,167.88,No Failure,0
L,299.27,309.25,1496.3,45.3,7,420.9,1.304,164.45,No Failure,0
L,299.12,309.97,1490.8,33.67,168,576.2,3.063,129.65,No Failure,0
L,300.78,311.6,1323.7,63.2,110,1136.9,3.057,144.1,No Failure,0
L,295.76,306.84,1504.0,24.77,75,436.7,1.957,160.35,No Failure,0
H,299.73,309.33,1539.4,25.47,50,1022.2,1.542,168.45,No Failure,0
L,301.76,312.46,1547.9,24.01,119,831.1,2.736,139.49,No Failure,0
L,298.95,309.45,1486.6,40.04,191,1677.2,3.43,154.66,No Failure,0
L,300.37,310.0,1356.9,44.73,7,1132.6,1.331,139.19,No Failure,0
L,304.22,314.34,1324.8,36.7,82,200.2,2.443,161.65,No Failure,0
L,300.66,310.53,1339.1,44.7,103,620.6,2.465,145.01,No Failure,0
M,295.52,306.92,1447.8,44.57,162,1003.0,3.001,147.54,No Failure,0
M,297.18,307.99,1457.5,36.39,207,302.0,3.546,132.6,No Failure,0
H,299.5,309.16,1413.7,44.27,170,921.7,3.842,160.06,No Failure,0
L,298.39,307.99,1539.5,38.04,154,1401.2,2.423,154.67,No Failure,0
M,300.21,311.16,1458.8,35.91,198,394.1,2.977,152.92,No Failure,0
H,299.41,310.75,1532.7,35.01,158,975.7,2.777,144.62,No Failure,0
H,302.33,312.65,1673.7,42.33,118,3937.8,3.294,143.83,No Failure,0
H,297.82,308.48,1368.3,52.18,167,712.5,3.146,156.72,No Failure,0
L,299.59,310.89,1577.9,27.95,99,922.3,2.625,142.6,No Failure,0
H,300.43,310.26,1572.7,35.2,223,794.4,3.958,159.97,No Failure,0
H,300.68,310.77,1413.4,41.63,64,497.8,2.572,164.46,No Failure,0
M,300.29,310.78,1306.2,57.57,160,451.6,3.242,144.8,No Failure,0
M,295.18,304.75,1456.9,44.32,2,403.0,1.698,150.3,No Failure,0
H,300.17,311.87,1582.5,31.87,181,223.4,3.422,127.69,No Failure,0
L,299.7,309.26,1490.2,30.76,39,333.6,1.887,147.5,No Failure,0
M,301.73,311.79,1471.4,49.85,145,1416.5,4.063,147.94,No Failure,0
M,301.45,313.36,1664.3,36.86,55,1570.0,2.626,153.57,No Failure,0
M,300.48,308.62,1426.3,27.69,8,845.3,1.752,158.49,No Failure,0
M,300.63,310.84,1454.1,50.14,164,558.1,3.626,154.22,No Failure,0
L,302.7,312.04,1467.1,43.08,171,238.5,3.578,163.17,No Failure,0
L,302.3,312.3,1568.8,28.06,197,860.8,3.633,150.33,No Failure,0
L,300.55,309.34,1636.6,26.6,190,1335.6,3.739,137.7,No Failure,0
M,304.29,313.92,1797.5,18.32,114,1622.6,2.048,164.41,Power Failure,1
M,298.74,308.77,1572.9,33.78,232,2091.5,4.132,136.22,No Failure,0
H,297.63,307.87,1562.0,43.05,205,365.0,3.773,139.12,No Failure,0
M,299.98,310.87,1419.6,49.61,13,1862.5,2.221,148.92,No Failure,0
M,299.25,306.93,1498.9,44.25,93,719.0,2.626,136.18,No Failure,0
L,295.07,304.94,1555.4,26.95,169,896.4,2.881,146.13,No Failure,0
M,298.7,308.52,1526.1,37.16,163,826.2,3.03,131.18,No Failure,0
H,300.69,310.62,1361.2,54.29,215,476.9,4.059,143.34,No Failure,0
M,299.88,309.92,1550.6,34.88,139,991.4,3.035,132.14,No Failure,0
H,298.45,307.62,1289.5,47.69,102,260.7,2.638,156.28,No Failure,0
H,300.08,308.54,1348.0,46.45,37,1729.0,1.651,151.81,Heat Dissipation Failure,1
L,300.25,310.46,1546.1,47.6,243,745.8,4.373,135.97,Overstrain Failure,1
M,301.43,310.44,1591.0,44.31,115,41.4,2.793,134.17,No Failure,0
M,298.72,309.12,1283.6,47.57,205,3005.4,3.169,143.21,No Failure,0
L,301.75,310.81,1567.5,25.18,241,821.7,3.224,146.1,No Failure,0
L,297.82,308.51,1311.5,55.15,167,285.1,3.65,159.08,No Failure,0
L,298.99,308.94,1667.3,21.93,37,1245.3,1.797,132.95,No Failure,0
L,303.4,313.41,1467.5,43.12,131,310.4,3.299,161.41,No Failure,0
M,297.95,307.71,1565.1,39.52,101,397.7,2.438,144.24,No Failure,0
L,298.68,308.28,1428.4,33.74,153,569.4,2.805,143.78,No Failure,0
L,297.49,307.26,1609.5,30.25,83,251.6,2.393,134.73,No Failure,0
M,298.35,309.53,1426.0,45.5,36,833.7,1.806,145.88,No Failure,0
L,300.28,308.74,1369.5,48.01,186,334.4,3.366,134.9,Heat Dissipation Failure,1
H,301.41,310.76,1548.0,38.97,225,1472.6,3.88,150.48,No Failure,0
L,299.96,311.02,1500.9,37.11,9,390.0,1.706,162.99,No Failure,0
L,299.35,310.17,1388.4,52.81,54,122.4,2.553,175.37,No Failure,0
H,297.51,308.86,1654.0,35.78,113,738.1,2.672,149.03,No Failure,0
H,298.55,308.49,1509.8,39.58,178,497.8,3.064,152.72,No Failure,0
M,296.91,305.59,1691.3,37.96,66,846.5,2.104,152.65,No Failure,0
M,301.47,310.37,1168.0,64.71,143,1361.7,3.54,170.95,No Failure,0
L,301.61,311.31,1566.3,31.6,74,252.6,2.545,150.09,No Failure,0
M,299.92,310.68,1333.4,48.31,88,1897.5,2.845,139.4,No Failure,0
L,300.88,310.63,1552.4,23.01,101,1176.4,2.313,147.44,No Failure,0
L,301.75,311.42,1517.6,30.42,94,255.5,2.536,134.69,No Failure,0
L,300.2,310.6,1607.8,36.91,72,206.9,2.638,170.28,No Failure,0
M,302.79,312.81,1473.9,38.69,41,1204.6,1.589,155.49,No Failure,0
L,297.95,307.51,1419.2,37.26,141,1838.3,2.959,162.03,No Failure,0
L,299.3,308.3,1567.3,39.01,193,568.7,3.017,141.28,No Failure,0
L,299.06,310.01,1448.7,33.11,71,83.9,2.171,155.8,No Failure,0
M,301.29,312.34,1547.5,52.88,75,1152.8,2.458,148.47,No Failure,0
L,297.13,306.07,1463.8,30.0,229,1746.1,4.091,127.99,No Failure,0
M,302.9,312.49,1414.6,47.44,75,220.2,2.841,135.66,No Failure,0
L,301.12,311.79,1619.0,46.78,111,327.6,3.456,153.72,No Failure,0
M,303.5,312.36,1546.6,30.52,85,750.4,2.175,178.69,No Failure,0
L,299.92,310.28,1567.5,36.33,38,1046.5,1.98,160.79,No Failure,0
H,298.9,308.57,1490.3,39.98,94,898.7,2.523,157.77,No Failure,0
L,301.31,310.1,1365.8,56.75,72,176.5,3.05,168.09,No Failure,0
L,302.06,313.84,1455.9,36.31,82,619.2,2.338,142.77,No Failure,0
L,298.57,308.23,1252.8,76.0,199,400.9,4.023,157.01,Power Failure,1
L,296.0,306.53,1558.0,47.68,224,1920.9,3.484,136.16,No Failure,0
L,296.35,305.23,1297.7,43.43,27,851.5,2.317,149.99,No Failure,0
L,300.52,312.08,1346.1,48.84,43,326.5,2.306,141.78,No Failure,0
H,303.08,315.03,1587.8,22.81,94,401.0,2.255,160.69,No Failure,0
M,297.4,305.9,1326.4,51.72,134,340.4,3.637,125.51,Heat Dissipation Failure,1
L,299.46,309.29,1663.7,26.77,237,147.5,3.75,138.11,Tool Wear Failure,1
L,299.3,310.63,1375.9,48.7,207,254.7,3.4,167.7,No Failure,0
L,303.84,313.37,1554.7,34.07,0,470.5,1.106,161.72,No Failure,0
L,304.52,314.93,1698.1,32.01,176,511.1,3.382,151.09,No Failure,0
L,300.85,309.17,1196.7,57.73,242,869.2,4.589,156.2,Heat Dissipation Failure,1
L,301.8,311.01,1536.5,39.0,45,562.6,2.701,153.72,No Failure,0
L,301.74,312.05,1611.4,24.69,89,1122.4,2.209,178.17,No Failure,0
H,297.44,306.85,1411.2,49.75,64,558.6,3.008,153.08,No Failure,0
M,301.4,311.04,1516.2,27.79,52,945.0,1.551,155.37,No Failure,0
H,297.96,306.45,1356.9,53.61,99,359.3,2.654,143.96,Heat Dissipation Failure,1
L,299.66,310.31,1500.6,39.84,206,1348.9,3.343,151.0,Tool Wear Failure,1
H,302.28,310.94,1585.3,27.26,18,946.7,1.607,133.31,No Failure,0
L,300.16,311.7,1497.0,48.21,117,422.4,3.313,152.87,No Failure,0
L,302.2,311.52,1359.8,45.21,228,676.1,3.95,155.64,No Failure,0
H,302.6,313.4,1544.2,18.77,26,410.9,1.171,153.44,Power Failure,1
L,296.49,307.19,1324.5,39.37,193,590.2,3.726,165.04,No Failure,0
L,295.64,304.66,1488.8,42.99,166,332.3,3.301,166.55,No Failure,0
H,302.32,311.75,1548.8,42.41,51,1517.3,2.372,167.5,No Failure,0
M,302.4,311.95,1409.2,38.15,194,1708.7,3.496,136.37,No Failure,0
